movement_id,sku_id,warehouse_id,warehouse_city,region,movement_type,supplier_id,customer_id,movement_date,expected_date,quantity,unit_cost,stock_before,stock_after,status
MOV002310,SKU_0255,WH_02,Mumbai,West,Outbound,,CUST_041,2026-03-11,2026-03-14,238,832.76,2187,1949,Completed
MOV001922,SKU_0087,WH_03,Delhi,North,Transfer,,,2026-06-26,2026-06-27,282,308.91,4475,4193,Completed
MOV002629,SKU_0148,WH_03,Delhi,North,Outbound,,CUST_052,2026-01-30,2026-02-02,242,1348.91,3724,3482,Completed
MOV001265,SKU_0160,WH_04,Kolkata,East,Return,,,2026-01-16,2026-01-19,208,1087.91,3136,,Discrepancy
MOV000562,SKU_0229,WH_02,Mumbai,West,Inbound,SUP_08,,2026-02-16,2026-02-17,418,1537.08,2847,3265,Completed
MOV001157,SKU_0218,WH_01,Bengaluru,South,Return,,,2026-05-01,2026-05-01,205,508.09,1151,1356,Completed
MOV002626,SKU_0036,WH_02,Mumbai,West,Inbound,SUP_11,,2026-03-28,2026-03-28,483,867.17,2167,2650,Completed
MOV004800,SKU_0013,WH_06,Pune,West,Outbound,,CUST_068,2026-06-01,2026-06-03,20,1868.68,2314,2294,Completed
MOV004471,SKU_0055,WH_03,Delhi,North,Transfer,,,,2026-04-12,337,1719.53,412,75,Completed
MOV000736,SKU_0254,WH_02,Mumbai,West,Return,,,2026-06-28,2026-06-30,353,200.82,4695,5048,Completed
MOV003817,SKU_0267,WH_06,Pune,West,Return,,,2026-01-28,2026-01-29,174,678.12,1420,1594,Completed
MOV003646,SKU_0008,WH_05,Hyderabad,South,Outbound,,CUST_012,2026-02-08,2026-02-10,483,886.01,3555,3072,Discrepancy
MOV002989,SKU_0109,WH_01,Bengaluru,South,Outbound,,CUST_052,2026-04-22,2026-04-23,31,1889.51,2967,2936,Completed
MOV002876,SKU_0299,WH_01,Bengaluru,South,Inbound,SUP_04,,2026-05-28,2026-05-30,230,813.93,752,982,Completed
MOV000949,SKU_0097,WH_04,Kolkata,East,Transfer,,,2026-02-24,2026-02-27,448,512.5,3421,,Completed
MOV000961,SKU_0045,WH_01,Bengaluru,South,Outbound,,CUST_057,2026-06-19,2026-06-19,326,903.2,3530,3204,Completed
MOV004705,SKU_0139,WH_05,Hyderabad,South,Inbound,SUP_11,,2026-03-23,2026-03-24,12,1650.93,656,668,Completed
MOV001338,SKU_0079,WH_04,Kolkata,East,Inbound,SUP_01,,2026-02-10,2026-02-13,17,625.86,3787,,Cancelled
MOV002733,SKU_0164,WH_06,Pune,West,Inbound,SUP_03,,2026-05-22,2026-05-23,216,413.88,2729,2945,Completed
MOV000451,SKU_0298,WH_06,Pune,West,Transfer,,,,2026-03-10,500,881.77,2297,1797,Completed
MOV004777,SKU_0286,WH_02,Mumbai,West,Transfer,,,2026-03-20,2026-03-22,189,965.97,3524,3335,Completed
MOV000821,SKU_0069,WH_01,Bengaluru,South,Outbound,,CUST_043,2026-01-17,2026-01-19,474,353.94,806,332,Completed
MOV003258,SKU_0253,WH_01,Bengaluru,South,Outbound,,CUST_055,2026-03-15,2026-03-17,84,942.43,2728,2644,Completed
MOV001217,SKU_0113,WH_01,Bengaluru,South,Adjustment,,,2026-02-28,2026-03-02,75,194.03,407,482,Discrepancy
MOV000072,SKU_0034,WH_01,Bengaluru,South,Return,,,2026-01-28,2026-01-31,367,1915.72,3166,3533,Pending
MOV002555,SKU_0213,WH_02,Mumbai,West,Transfer,,,2026-04-14,2026-04-16,456,1277.97,1712,1256,Completed
MOV002151,SKU_0269,WH_06,Pune,West,Inbound,SUP_10,,2026-05-21,2026-05-24,149,353.54,3128,3277,Completed
MOV003379,SKU_0156,WH_06,Pune,West,Outbound,,CUST_056,2026-02-05,2026-02-07,363,395.38,4994,4631,Pending
MOV000329,SKU_0145,WH_01,Bengaluru,South,Transfer,,,2026-06-16,2026-06-19,450,610.6,3148,2698,Completed
MOV000174,SKU_0123,WH_06,Pune,West,Outbound,,CUST_045,2026-01-25,2026-01-26,24,582.38,3808,3784,Completed
MOV002742,SKU_0039,WH_03,Delhi,North,Outbound,,CUST_048,2026-02-28,2026-03-03,269,1354.74,2759,2490,Completed
MOV000342,SKU_0195,WH_01,Bengaluru,South,Inbound,SUP_02,,2026-04-29,2026-04-29,105,1783.59,4376,4481,Discrepancy
MOV003930,SKU_0050,WH_01,Bengaluru,South,Inbound,SUP_07,,2026-05-08,2026-05-10,108,1307.34,2892,3000,Completed
MOV003484,SKU_0082,WH_03,Delhi,North,Transfer,,,2026-06-08,2026-06-08,74,876.0,3756,3682,Discrepancy
MOV003992,SKU_0196,WH_06,Pune,West,Inbound,SUP_10,,2026-06-08,2026-06-11,73,641.47,1826,,Cancelled
MOV003951,SKU_0094,WH_05,Hyderabad,South,Inbound,SUP_11,,2026-03-09,2026-03-09,22,404.37,1481,1503,Discrepancy
MOV001163,SKU_0250,WH_04,Kolkata,East,Transfer,,,2026-06-21,2026-06-22,153,847.86,2639,,Completed
MOV003405,SKU_0145,WH_04,Kolkata,East,Outbound,,CUST_049,2026-01-24,2026-01-24,354,679.73,2980,,Completed
MOV001537,SKU_0096,WH_05,Hyderabad,South,Inbound,SUP_08,,2026-01-01,2026-01-04,298,1121.59,22,320,Completed
MOV000502,SKU_0292,WH_01,Bengaluru,South,Outbound,,CUST_028,2026-03-20,2026-03-21,482,1167.03,2840,2358,Completed
MOV003478,SKU_0049,WH_05,Hyderabad,South,Inbound,SUP_05,,2026-03-22,2026-03-22,490,1619.63,3477,3967,Completed
MOV001030,SKU_0189,WH_06,Pune,West,Inbound,SUP_02,,2026-02-20,2026-02-21,307,1788.71,3867,4174,Completed
MOV000777,SKU_0270,WH_03,Delhi,North,Outbound,,CUST_068,2026-02-07,2026-02-09,102,1904.78,3976,3874,Completed
MOV001920,SKU_0232,WH_01,Bengaluru,South,Return,,,2026-05-18,2026-05-19,170,1755.57,4425,4595,Discrepancy
MOV001089,SKU_0062,WH_01,Bengaluru,South,Outbound,,CUST_044,2026-02-27,2026-02-28,117,1802.46,3985,3868,Completed
MOV003174,SKU_0204,WH_01,Bengaluru,South,Outbound,,CUST_096,2026-04-28,2026-05-01,442,820.22,1532,1090,Completed
MOV003580,SKU_0033,WH_01,Bengaluru,South,Adjustment,,,2026-02-18,2026-02-18,360,1923.86,1197,837,Completed
MOV002700,SKU_0160,WH_06,Pune,West,Outbound,,CUST_053,2026-04-21,2026-04-24,434,1940.65,4337,3903,Completed
MOV003627,SKU_0050,WH_02,Mumbai,West,Outbound,,CUST_002,2026-03-24,2026-03-27,414,1457.24,4905,4491,Completed
MOV003369,SKU_0218,WH_03,Delhi,North,Inbound,SUP_12,,2026-05-10,2026-05-13,6,1843.26,3907,3913,Completed
MOV000312,SKU_0172,WH_01,Bengaluru,South,Adjustment,,,2026-02-17,2026-02-20,209,1338.95,1980,1771,Completed
MOV002273,SKU_0249,WH_05,Hyderabad,South,Inbound,SUP_04,,2026-02-12,2026-02-14,215,455.7,69,,Cancelled
MOV002453,SKU_0023,WH_01,Bengaluru,South,Outbound,,CUST_059,,2026-05-26,255,115.01,2485,2230,Completed
MOV001396,SKU_0180,WH_01,Bengaluru,South,Adjustment,,,2026-04-17,2026-04-18,418,676.76,916,,Cancelled
MOV003700,SKU_0259,WH_02,Mumbai,West,Outbound,,CUST_025,2026-04-08,2026-04-11,79,441.06,748,669,Pending
MOV000391,SKU_0217,WH_04,Kolkata,East,Inbound,SUP_01,,2026-02-28,2026-03-02,409,190.7,3870,,Completed
MOV002536,SKU_0023,WH_04,Kolkata,East,Outbound,,CUST_097,2026-04-05,2026-04-08,315,1841.88,1040,,Completed
MOV001000,SKU_0171,WH_01,Bengaluru,South,Outbound,,CUST_081,2026-02-15,2026-02-17,11,1459.89,2321,2310,Pending
MOV000112,SKU_0252,WH_01,Bengaluru,South,Outbound,,CUST_024,2026-05-07,2026-05-09,491,1672.08,2134,1643,Completed
MOV002249,SKU_0116,WH_01,Bengaluru,South,Transfer,,,2026-05-19,2026-05-19,274,595.03,3242,2968,Completed
MOV000912,SKU_0185,WH_03,Delhi,North,Adjustment,,,2026-05-06,2026-05-08,241,636.15,1577,1818,Completed
MOV004674,SKU_0152,WH_05,Hyderabad,South,Inbound,SUP_11,,2026-04-14,2026-04-14,10,1391.67,3349,3359,Completed
MOV000069,SKU_0159,WH_04,Kolkata,East,Inbound,SUP_12,,2026-05-02,2026-05-03,191,1105.98,3656,,Completed
MOV004623,SKU_0241,WH_03,Delhi,North,Outbound,,CUST_058,2026-01-14,2026-01-16,106,1290.94,2856,2750,Completed
MOV002353,SKU_0208,WH_05,Hyderabad,South,Outbound,,CUST_079,2026-03-07,2026-03-07,332,396.69,3919,3587,Completed
MOV004431,SKU_0231,WH_01,Bengaluru,South,Adjustment,,,2026-04-30,2026-05-02,258,1791.94,568,310,Discrepancy
MOV001775,SKU_0123,WH_06,Pune,West,Inbound,SUP_05,,2026-06-22,2026-06-24,439,91.57,2960,3399,Completed
MOV003841,SKU_0083,WH_02,Mumbai,West,Outbound,,CUST_088,2026-06-11,2026-06-13,132,1822.35,651,519,Completed
MOV001219,SKU_0042,WH_03,Delhi,North,Inbound,SUP_07,,2026-06-02,2026-06-03,235,809.68,2347,2582,Completed
MOV001576,SKU_0295,WH_01,Bengaluru,South,Adjustment,,,2026-05-19,2026-05-20,93,116.09,4892,4799,Completed
MOV000361,SKU_0141,WH_04,Kolkata,East,Inbound,SUP_02,,2026-03-07,2026-03-09,203,847.44,1419,,Completed
MOV000378,SKU_0130,WH_05,Hyderabad,South,Transfer,,,2026-02-08,2026-02-10,496,1886.93,3340,2844,Completed
MOV002064,SKU_0088,WH_04,Kolkata,East,Transfer,,,2026-02-22,2026-02-22,445,431.09,1031,,Completed
MOV000785,SKU_0242,WH_01,Bengaluru,South,Adjustment,,,2026-04-25,2026-04-26,357,545.93,1567,1924,Completed
MOV001748,SKU_0102,WH_02,Mumbai,West,Outbound,,CUST_037,2026-03-06,2026-03-08,397,1641.56,3798,3401,Completed
MOV003395,SKU_0209,WH_04,Kolkata,East,Transfer,,,2026-01-08,2026-01-10,173,1422.78,3419,,Completed
MOV000816,SKU_0272,WH_06,Pune,West,Outbound,,CUST_094,2026-06-13,2026-06-14,2,1526.85,4712,4710,Completed
MOV003825,SKU_0228,WH_05,Hyderabad,South,Transfer,,,2026-04-04,2026-04-06,353,1074.61,1874,1521,Completed
MOV004435,SKU_0036,WH_01,Bengaluru,South,Return,,,2026-04-24,2026-04-26,69,644.3,4331,4400,Completed
MOV003628,SKU_0136,WH_06,Pune,West,Inbound,SUP_02,,2026-06-30,2026-07-03,62,1631.93,3683,3745,Completed
MOV002817,SKU_0195,WH_05,Hyderabad,South,Inbound,SUP_01,,2026-02-09,2026-02-12,490,204.37,3754,4244,Pending
MOV003084,SKU_0275,WH_05,Hyderabad,South,Return,,,2026-05-12,2026-05-13,426,1276.88,4534,4960,Completed
MOV003483,SKU_0053,WH_01,Bengaluru,South,Transfer,,,2026-02-06,2026-02-09,310,221.41,2698,2388,Completed
MOV001858,SKU_0088,WH_01,Bengaluru,South,Transfer,,,2026-06-26,2026-06-28,9,1693.05,3900,3891,Discrepancy
MOV000187,SKU_0061,WH_04,Kolkata,East,Outbound,,CUST_074,2026-02-08,2026-02-11,436,1578.19,4975,4539,Completed
MOV004448,SKU_0225,WH_02,Mumbai,West,Inbound,SUP_04,,2026-02-03,2026-02-03,112,1769.62,315,427,Completed
MOV001882,SKU_0054,WH_05,Hyderabad,South,Outbound,,CUST_072,2026-03-14,2026-03-17,265,461.31,2687,2422,Completed
MOV000866,SKU_0177,WH_01,Bengaluru,South,Inbound,SUP_02,,2026-06-09,2026-06-11,278,742.75,3644,3922,Completed
MOV002909,SKU_0238,WH_06,Pune,West,Inbound,SUP_12,,2026-02-07,2026-02-08,449,990.74,408,,Cancelled
MOV001038,SKU_0097,WH_01,Bengaluru,South,Outbound,,CUST_092,2026-05-06,2026-05-07,193,1687.87,2290,2097,Completed
MOV002267,SKU_0134,WH_05,Hyderabad,South,Return,,,2026-03-03,2026-03-06,443,1258.76,1878,2321,Completed
MOV002182,SKU_0256,WH_01,Bengaluru,South,Inbound,SUP_11,,2026-02-10,2026-02-12,336,257.58,2845,3181,Completed
MOV003900,SKU_0216,WH_06,Pune,West,Inbound,SUP_07,,2026-02-03,2026-02-05,10,117.52,2999,3009,Completed
MOV002976,SKU_0182,WH_05,Hyderabad,South,Adjustment,,,2026-03-04,2026-03-06,110,202.67,2522,2412,Completed
MOV000643,SKU_0255,WH_02,Mumbai,West,Transfer,,,2026-05-14,2026-05-14,393,444.87,3386,2993,Completed
MOV001419,SKU_0147,WH_04,Kolkata,East,Transfer,,,2026-05-24,2026-05-25,301,1817.46,653,,Completed
MOV000763,SKU_0265,WH_02,Mumbai,West,Transfer,,,2026-04-10,2026-04-13,86,1838.25,4991,4905,Completed
MOV003639,SKU_0283,WH_06,Pune,West,Outbound,,CUST_062,2026-02-20,2026-02-23,267,240.18,3080,2813,Discrepancy
MOV001410,SKU_0005,WH_05,Hyderabad,South,Outbound,,CUST_017,2026-02-09,2026-02-10,187,715.04,1270,1083,Discrepancy
MOV002928,SKU_0296,WH_01,Bengaluru,South,Adjustment,,,2026-06-13,2026-06-16,498,1082.72,4356,3858,Completed
MOV003475,SKU_0085,WH_06,Pune,West,Return,,,2026-03-12,2026-03-14,500,1987.68,2935,3435,Completed
MOV000392,SKU_0240,WH_02,Mumbai,West,Outbound,,CUST_085,2026-05-01,2026-05-04,71,75.64,4771,4700,Completed
MOV001137,SKU_0239,WH_03,Delhi,North,Transfer,,,2026-04-18,2026-04-18,302,367.82,3375,3073,Completed
MOV004864,SKU_0002,WH_05,Hyderabad,South,Inbound,SUP_08,,2026-04-27,2026-04-28,63,1176.84,2796,2859,Completed
MOV003519,SKU_0181,WH_05,Hyderabad,South,Outbound,,CUST_026,2026-03-18,2026-03-18,354,251.04,845,491,Completed
MOV003575,SKU_0270,WH_04,Kolkata,East,Outbound,,CUST_095,,2026-03-06,448,805.98,504,,Completed
MOV001684,SKU_0122,WH_05,Hyderabad,South,Adjustment,,,2026-04-04,2026-04-05,280,1120.5,1666,1386,Completed
MOV002980,SKU_0140,WH_02,Mumbai,West,Adjustment,,,2026-04-28,2026-04-29,339,1020.21,2798,3137,Pending
MOV001428,SKU_0111,WH_06,Pune,West,Outbound,,CUST_036,2026-03-01,2026-03-04,360,1849.85,2189,1829,Completed
MOV004458,SKU_0149,WH_05,Hyderabad,South,Outbound,,CUST_014,2026-03-13,2026-03-15,257,886.03,362,,Cancelled
MOV000052,SKU_0025,WH_03,Delhi,North,Inbound,SUP_11,,2026-03-15,2026-03-16,128,1943.53,3573,3701,Completed
MOV002016,SKU_0258,WH_05,Hyderabad,South,Outbound,,CUST_074,2026-04-12,2026-04-12,441,1297.82,2624,2183,Pending
MOV000385,SKU_0224,WH_03,Delhi,North,Inbound,SUP_08,,2026-06-27,2026-06-27,347,1368.13,1318,1665,Completed
MOV002483,SKU_0238,WH_01,Bengaluru,South,Inbound,SUP_01,,2026-02-02,2026-02-02,321,712.83,4756,5077,Completed
MOV001482,SKU_0219,WH_01,Bengaluru,South,Inbound,SUP_07,,2026-05-20,2026-05-23,221,1094.58,2654,2875,Completed
MOV003969,SKU_0175,WH_03,Delhi,North,Outbound,,CUST_045,2026-02-20,2026-02-21,402,856.51,967,,Cancelled
MOV000550,SKU_0206,WH_01,Bengaluru,South,Inbound,SUP_08,,2026-06-19,2026-06-19,448,1889.72,3683,4131,Completed
MOV004885,SKU_0156,WH_04,Kolkata,East,Adjustment,,,2026-03-03,2026-03-03,133,670.53,749,,Completed
MOV003317,SKU_0289,WH_06,Pune,West,Outbound,,CUST_085,2026-01-04,2026-01-07,343,800.58,987,644,Discrepancy
MOV003736,SKU_0089,WH_03,Delhi,North,Transfer,,,2026-04-04,2026-04-04,250,1772.08,1478,,Cancelled
MOV004604,SKU_0043,WH_06,Pune,West,Outbound,,CUST_099,2026-05-20,2026-05-23,241,846.83,4024,3783,Completed
MOV002732,SKU_0291,WH_02,Mumbai,West,Inbound,SUP_11,,2026-06-18,2026-06-19,163,1056.45,3596,3759,Completed
MOV002726,SKU_0154,WH_01,Bengaluru,South,Transfer,,,2026-02-03,,5,1472.21,1487,1482,Completed
MOV001720,SKU_0239,WH_01,Bengaluru,South,Outbound,,CUST_093,2026-05-19,2026-05-19,119,1202.38,3774,3655,Completed
MOV000900,SKU_0088,WH_02,Mumbai,West,Transfer,,,2026-02-13,2026-02-16,473,934.21,1679,1206,Completed
MOV001200,SKU_0045,WH_02,Mumbai,West,Adjustment,,,2026-04-19,2026-04-21,89,1701.09,2411,2500,Completed
MOV004118,SKU_0292,WH_03,Delhi,North,Inbound,SUP_07,,2026-06-27,2026-06-28,53,440.32,3875,3928,Completed
MOV000946,SKU_0045,WH_03,Delhi,North,Transfer,,,2026-05-10,2026-05-13,203,1578.68,1885,1682,Discrepancy
MOV000640,SKU_0058,WH_06,Pune,West,Outbound,,CUST_012,2026-01-31,2026-02-02,7,809.44,4352,4345,Pending
MOV000267,SKU_0038,WH_03,Delhi,North,Transfer,,,2026-01-04,2026-01-06,138,184.4,353,215,Completed
MOV004821,SKU_0041,WH_03,Delhi,North,Return,,,2026-02-24,2026-02-26,468,665.8,3569,4037,Completed
MOV000659,SKU_0241,WH_02,Mumbai,West,Outbound,,CUST_040,2026-03-18,2026-03-18,251,993.81,578,,Cancelled
MOV004138,SKU_0124,WH_02,Mumbai,West,Return,,,2026-04-02,2026-04-04,84,1554.56,3612,3696,Completed
MOV001651,SKU_0197,WH_03,Delhi,North,Adjustment,,,2026-01-17,2026-01-20,29,1909.67,3965,3994,Completed
MOV003793,SKU_0167,WH_01,Bengaluru,South,Inbound,SUP_10,,2026-04-21,2026-04-22,233,803.83,1748,1981,Discrepancy
MOV001519,SKU_0228,WH_03,Delhi,North,Adjustment,,,2026-06-10,2026-06-10,477,397.97,3065,2588,Completed
MOV001852,SKU_0100,WH_03,Delhi,North,Outbound,,CUST_047,2026-05-10,2026-05-11,346,1343.65,2876,2530,Completed
MOV002779,SKU_0127,WH_04,Kolkata,East,Return,,,2026-05-17,2026-05-17,106,1203.65,4195,,Completed
MOV004889,SKU_0241,WH_04,Kolkata,East,Inbound,SUP_08,,2026-04-05,2026-04-05,258,1622.81,2604,,Completed
MOV000688,SKU_0277,WH_02,Mumbai,West,Inbound,SUP_05,,2026-05-04,2026-05-06,337,788.87,2223,2560,Completed
MOV004237,SKU_0022,WH_03,Delhi,North,Adjustment,,,2026-06-17,2026-06-19,474,1103.35,3628,4102,Completed
MOV000784,SKU_0026,WH_04,Kolkata,East,Outbound,,CUST_024,2026-02-01,2026-02-04,125,867.92,4710,,Completed
MOV002336,SKU_0001,WH_04,Kolkata,East,Outbound,,CUST_086,2026-06-16,2026-06-16,331,215.09,3111,,Completed
MOV001711,SKU_0291,WH_01,Bengaluru,South,Outbound,,CUST_027,2026-02-19,2026-02-19,156,892.37,1413,1257,Discrepancy
MOV003083,SKU_0090,WH_03,Delhi,North,Outbound,,CUST_015,2026-02-24,2026-02-25,55,966.23,1166,1111,Completed
MOV001430,SKU_0211,WH_03,Delhi,North,Inbound,SUP_09,,2026-06-01,2026-06-03,172,9160.32,1135,1307,Completed
MOV004810,SKU_0156,WH_01,Bengaluru,South,Outbound,,CUST_014,2026-05-04,2026-05-05,358,1472.37,434,76,Pending
MOV002301,SKU_0100,WH_03,Delhi,North,Outbound,,CUST_005,2026-06-18,2026-06-21,408,1905.6,4503,4095,Completed
MOV003240,SKU_0151,WH_04,Kolkata,East,Inbound,SUP_06,,2026-06-30,2026-07-02,259,1490.91,3817,,Pending
MOV001307,SKU_0196,WH_04,Kolkata,East,Transfer,,,2026-05-16,2026-05-16,215,1665.32,56,,Cancelled
MOV000708,SKU_0192,WH_03,Delhi,North,Outbound,,CUST_080,2026-03-22,2026-03-25,71,878.38,1193,1122,Completed
MOV004323,SKU_0201,WH_06,Pune,West,Inbound,SUP_09,,2026-01-04,2026-01-04,86,8617.34,3109,3195,Completed
MOV002051,SKU_0206,WH_01,Bengaluru,South,Outbound,,CUST_063,2026-02-09,2026-02-09,376,86.63,1245,869,Pending
MOV002738,SKU_0265,WH_04,Kolkata,East,Inbound,SUP_05,,2026-05-19,2026-05-19,311,618.79,4119,,Completed
MOV002332,SKU_0281,WH_05,Hyderabad,South,Inbound,SUP_01,,2026-05-09,2026-05-09,365,494.34,2574,2939,Completed
MOV004960,SKU_0203,WH_04,Kolkata,East,Adjustment,,,2026-01-21,2026-01-24,27,1106.08,1234,,Completed
MOV002358,SKU_0222,WH_04,Kolkata,East,Outbound,,CUST_057,2026-03-16,2026-03-17,269,569.3,4258,3989,Completed
MOV004039,SKU_0043,WH_06,Pune,West,Inbound,SUP_06,,2026-02-22,2026-02-24,35,557.26,1599,1634,Pending
MOV002651,SKU_0187,WH_04,Kolkata,East,Outbound,,CUST_072,2026-05-02,2026-05-04,282,1414.71,1154,,Completed
MOV004781,SKU_0188,WH_02,Mumbai,West,Inbound,SUP_04,,2026-02-21,2026-02-24,121,404.08,3216,3337,Completed
MOV004352,SKU_0135,WH_01,Bengaluru,South,Outbound,,CUST_019,2026-06-13,2026-06-13,75,1591.26,1728,,Cancelled
MOV001118,SKU_0025,WH_05,Hyderabad,South,Return,,,2026-02-17,2026-02-19,66,1995.18,2101,2167,Pending
MOV003194,SKU_0293,WH_05,Hyderabad,South,Outbound,,CUST_078,2026-04-09,2026-04-09,353,1203.88,4304,3951,Completed
MOV002522,SKU_0205,WH_02,Mumbai,West,Transfer,,,2026-06-07,2026-06-10,433,1084.63,1681,1248,Completed
MOV004050,SKU_0006,WH_05,Hyderabad,South,Inbound,SUP_07,,2026-05-19,2026-05-21,281,1217.82,2115,2396,Completed
MOV001513,SKU_0131,WH_02,Mumbai,West,Outbound,,CUST_085,2026-03-13,2026-03-16,294,1248.23,1601,1307,Completed
MOV000028,SKU_0074,WH_03,Delhi,North,Return,,,2026-04-30,2026-05-01,383,1907.38,3262,,Cancelled
MOV000698,SKU_0281,WH_04,Kolkata,East,Return,,,2026-06-11,2026-06-12,445,709.82,2665,,Completed
MOV003722,SKU_0030,WH_03,Delhi,North,Outbound,,CUST_004,2026-05-26,2026-05-29,68,1591.26,2589,2521,Completed
MOV004234,SKU_0057,WH_06,Pune,West,Outbound,,CUST_002,2026-01-21,2026-01-24,409,405.59,349,-60,Completed
MOV002251,SKU_0073,WH_05,Hyderabad,South,Transfer,,,2026-06-17,2026-06-17,71,531.91,153,82,Discrepancy
MOV004551,SKU_0061,WH_05,Hyderabad,South,Inbound,SUP_08,,2026-03-20,2026-03-20,111,1976.45,487,598,Completed
MOV002702,SKU_0056,WH_01,Bengaluru,South,Outbound,,CUST_027,,2026-06-22,65,146.78,2809,2744,Completed
MOV003096,SKU_0099,WH_01,Bengaluru,South,Adjustment,,,2026-02-15,2026-02-15,105,397.07,1176,1071,Completed
MOV004958,SKU_0165,WH_02,Mumbai,West,Outbound,,CUST_096,2026-03-22,2026-03-22,282,1156.2,1141,859,Pending
MOV000376,SKU_0080,WH_05,Hyderabad,South,Return,,,2026-06-05,2026-06-08,244,1145.65,3166,3410,Completed
MOV004714,SKU_0177,WH_06,Pune,West,Inbound,SUP_08,,2026-05-27,2026-05-28,151,71.74,1261,1412,Completed
MOV001718,SKU_0202,WH_05,Hyderabad,South,Outbound,,CUST_031,2026-05-07,2026-05-07,3,148.42,2695,2692,Pending
MOV002001,SKU_0209,WH_04,Kolkata,East,Outbound,,CUST_018,2026-01-18,2026-01-18,170,745.91,1125,,Completed
MOV003327,SKU_0165,WH_01,Bengaluru,South,Transfer,,,2026-01-02,2026-01-04,429,1752.74,1034,605,Completed
MOV001025,SKU_0272,WH_06,Pune,West,Transfer,,,2026-02-22,2026-02-23,203,1297.92,2034,1831,Completed
MOV004851,SKU_0228,WH_03,Delhi,North,Outbound,,CUST_088,2026-05-26,2026-05-29,160,698.91,3628,3468,Completed
MOV004957,SKU_0030,WH_02,Mumbai,West,Transfer,,,2026-01-21,2026-01-23,288,1221.44,801,513,Completed
MOV002964,SKU_0185,WH_02,Mumbai,West,Outbound,,CUST_016,2026-02-04,2026-02-06,424,437.27,798,374,Completed
MOV000058,SKU_0111,WH_01,Bengaluru,South,Inbound,SUP_04,,2026-04-09,2026-04-12,331,919.42,2556,2887,Pending
MOV003726,SKU_0057,WH_02,Mumbai,West,Inbound,SUP_02,,2026-06-20,2026-06-22,170,1089.05,158,328,Completed
MOV002991,SKU_0010,WH_06,Pune,West,Inbound,SUP_09,,2026-03-12,2026-03-12,232,6551.54,1152,1384,Pending
MOV003676,SKU_0215,WH_06,Pune,West,Inbound,SUP_06,,2026-04-09,2026-04-11,324,1003.18,1064,1388,Discrepancy
MOV004067,SKU_0146,WH_03,Delhi,North,Inbound,SUP_08,,2026-04-20,2026-04-21,15,1528.92,4401,4416,Completed
MOV003601,SKU_0200,WH_02,Mumbai,West,Outbound,,CUST_014,2026-05-13,2026-05-16,37,1536.73,1064,1027,Completed
MOV001532,SKU_0181,WH_06,Pune,West,Return,,,2026-06-19,2026-06-21,267,389.26,3106,3373,Completed
MOV002826,SKU_0246,WH_05,Hyderabad,South,Outbound,,CUST_069,2026-05-30,2026-05-31,218,1744.64,4786,4568,Completed
MOV002041,SKU_0158,WH_02,Mumbai,West,Inbound,SUP_09,,2026-06-10,2026-06-13,234,13842.35,2913,3147,Completed
MOV004000,SKU_0276,WH_05,Hyderabad,South,Outbound,,CUST_043,2026-02-21,2026-02-23,184,1568.73,1656,1472,Discrepancy
MOV003244,SKU_0188,WH_04,Kolkata,East,Inbound,SUP_10,,2026-06-19,2026-06-19,428,588.94,2877,3305,Completed
MOV002768,SKU_0248,WH_01,Bengaluru,South,Return,,,2026-02-24,2026-02-26,143,444.09,4572,4715,Completed
MOV003267,SKU_0178,WH_05,Hyderabad,South,Outbound,,CUST_040,2026-03-29,2026-04-01,271,1066.1,4448,4177,Completed
MOV003605,SKU_0042,WH_02,Mumbai,West,Return,,,2026-06-09,2026-06-09,428,728.21,2031,-15,Discrepancy
MOV004096,SKU_0107,WH_02,Mumbai,West,Return,,,2026-06-15,2026-06-15,112,73.48,1003,1115,Discrepancy
MOV004462,SKU_0249,WH_03,Delhi,North,Inbound,SUP_01,,2026-06-12,2026-06-12,2,1855.02,3487,3489,Completed
MOV001750,SKU_0260,WH_05,Hyderabad,South,Adjustment,,,2026-01-26,2026-01-28,19,1897.82,3367,3348,Completed
MOV002922,SKU_0171,WH_02,Mumbai,West,Inbound,SUP_11,,2026-03-08,2026-03-10,442,688.77,349,791,Completed
MOV002973,SKU_0206,WH_03,Delhi,North,Return,,,2026-06-08,2026-06-11,384,1019.77,4152,4536,Completed
MOV004547,SKU_0139,WH_01,Bengaluru,South,Outbound,,CUST_035,2026-02-18,2026-02-20,498,1699.09,1812,1314,Completed
MOV004327,SKU_0174,WH_01,Bengaluru,South,Outbound,,CUST_032,2026-05-05,2026-05-07,348,364.76,750,402,Completed
MOV002327,SKU_0076,WH_02,Mumbai,West,Adjustment,,,2026-04-01,2026-04-03,485,1003.84,3925,4410,Completed
MOV002191,SKU_0079,WH_01,Bengaluru,South,Outbound,,CUST_087,2026-04-24,2026-04-27,152,265.58,2990,2838,Discrepancy
MOV002368,SKU_0096,WH_05,Hyderabad,South,Outbound,,CUST_008,2026-05-28,2026-05-31,387,1892.97,2335,1948,Discrepancy
MOV000512,SKU_0195,WH_02,Mumbai,West,Outbound,,CUST_083,2026-04-07,2026-04-10,266,1522.86,2283,2017,Pending
MOV002457,SKU_0057,WH_04,Kolkata,East,Return,,,2026-01-04,2026-01-07,422,1516.54,3010,3432,Completed
MOV000827,SKU_0026,WH_06,Pune,West,Inbound,SUP_06,,2026-01-20,2026-01-20,61,1212.39,3849,3910,Completed
MOV000352,SKU_0099,WH_01,Bengaluru,South,Inbound,SUP_01,,2026-01-30,2026-01-31,267,801.48,3337,3604,Discrepancy
MOV000142,SKU_0061,WH_04,Kolkata,East,Outbound,,CUST_052,2026-04-25,2026-04-25,8,1375.93,4864,4856,Completed
MOV002174,SKU_0259,WH_03,Delhi,North,Return,,,2026-04-24,2026-04-26,122,1568.56,4601,4723,Discrepancy
MOV001578,SKU_0272,WH_04,Kolkata,East,Inbound,SUP_03,,2026-02-04,2026-02-05,266,1518.72,620,,Completed
MOV004630,SKU_0030,WH_01,Bengaluru,South,Inbound,SUP_10,,2026-02-06,2026-02-08,364,1998.45,83,447,Completed
MOV004652,SKU_0276,WH_04,Kolkata,East,Outbound,,CUST_024,2026-05-03,2026-05-04,193,1142.62,4393,,Completed
MOV002764,SKU_0008,WH_01,Bengaluru,South,Inbound,SUP_01,,2026-01-24,2026-01-24,159,1069.59,1098,1257,Completed
MOV003176,SKU_0008,WH_04,Kolkata,East,Outbound,,CUST_020,2026-03-04,2026-03-04,107,1903.35,4427,4320,Completed
MOV002538,SKU_0190,WH_05,Hyderabad,South,Outbound,,CUST_066,2026-02-07,2026-02-09,177,1605.55,2938,2761,Completed
MOV001268,SKU_0197,WH_06,Pune,West,Outbound,,CUST_057,2026-01-03,2026-01-05,294,1051.08,1884,1590,Completed
MOV001362,SKU_0259,WH_05,Hyderabad,South,Outbound,,CUST_030,2026-03-19,2026-03-20,62,663.38,1139,1077,Completed
MOV003655,SKU_0138,WH_06,Pune,West,Return,,,2026-04-29,2026-05-02,497,266.37,2571,3068,Completed
MOV003662,SKU_0203,WH_02,Mumbai,West,Inbound,SUP_09,,2026-03-27,2026-03-29,343,9869.55,3471,3814,Completed
MOV002116,SKU_0022,WH_01,Bengaluru,South,Inbound,SUP_07,,2026-05-29,2026-05-29,253,1098.41,3038,3291,Completed
MOV000307,SKU_0179,WH_05,Hyderabad,South,Inbound,SUP_08,,2026-06-22,2026-06-25,70,555.65,2481,,Cancelled
MOV002437,SKU_0146,WH_03,Delhi,North,Outbound,,CUST_027,2026-04-11,2026-04-13,100,80.47,2710,2610,Discrepancy
MOV000574,SKU_0180,WH_04,Kolkata,East,Outbound,,CUST_008,2026-02-19,2026-02-20,218,1059.51,3900,,Completed
MOV000638,SKU_0009,WH_06,Pune,West,Transfer,,,2026-06-29,2026-07-02,73,1196.35,1291,1218,Pending
MOV001326,SKU_0222,WH_05,Hyderabad,South,Outbound,,CUST_030,2026-03-16,2026-03-18,301,956.77,2425,2124,Completed
MOV003365,SKU_0128,WH_03,Delhi,North,Outbound,,CUST_025,2026-02-10,2026-02-13,403,657.94,366,-37,Completed
MOV003318,SKU_0001,WH_01,Bengaluru,South,Outbound,,CUST_021,2026-06-19,2026-06-22,321,434.3,4641,4320,Completed
MOV004847,SKU_0042,WH_03,Delhi,North,Inbound,SUP_09,,2026-06-06,2026-06-06,105,10106.03,3755,3860,Completed
MOV000004,SKU_0033,WH_05,Hyderabad,South,Inbound,SUP_04,,2026-05-08,2026-05-11,398,662.59,4796,5194,Discrepancy
MOV002159,SKU_0284,WH_05,Hyderabad,South,Outbound,,CUST_015,2026-06-05,2026-06-06,381,845.57,4926,4545,Completed
MOV001011,SKU_0295,WH_05,Hyderabad,South,Outbound,,CUST_026,2026-03-19,2026-03-22,32,646.57,2109,2077,Completed
MOV001182,SKU_0125,WH_06,Pune,West,Inbound,SUP_10,,2026-04-20,2026-04-20,424,1062.28,1149,1573,Completed
MOV004857,SKU_0208,WH_04,Kolkata,East,Outbound,,CUST_036,2026-03-10,2026-03-11,85,358.43,3102,,Discrepancy
MOV002897,SKU_0120,WH_01,Bengaluru,South,Outbound,,CUST_018,2026-04-22,2026-04-25,171,624.18,2409,,Cancelled
MOV001784,SKU_0067,WH_03,Delhi,North,Outbound,,CUST_053,2026-06-22,2026-06-25,271,281.33,141,-130,Pending
MOV004956,SKU_0171,WH_04,Kolkata,East,Inbound,SUP_07,,2026-01-06,2026-01-07,249,1524.11,3923,,Completed
MOV003695,SKU_0136,WH_02,Mumbai,West,Adjustment,,,2026-05-03,,451,1072.67,607,156,Completed
MOV002582,SKU_0274,WH_04,Kolkata,East,Outbound,,CUST_040,2026-05-12,2026-05-12,202,1528.96,3776,,Cancelled
MOV001261,SKU_0168,WH_04,Kolkata,East,Inbound,SUP_10,,2026-04-14,2026-04-15,174,1736.49,4267,,Completed
MOV000422,SKU_0226,WH_05,Hyderabad,South,Outbound,,CUST_036,2026-05-01,2026-05-02,242,1204.34,1184,942,Completed
MOV000830,SKU_0029,WH_01,Bengaluru,South,Outbound,,CUST_021,2026-06-25,2026-06-28,113,1524.65,821,708,Completed
MOV001266,SKU_0067,WH_04,Kolkata,East,Inbound,SUP_01,,2026-04-09,2026-04-09,495,1691.4,1191,,Completed
MOV004557,SKU_0289,WH_02,Mumbai,West,Outbound,,CUST_023,2026-04-28,2026-04-29,46,1753.98,172,126,Discrepancy
MOV002934,SKU_0240,WH_05,Hyderabad,South,Return,,,2026-02-16,2026-02-16,198,1336.22,1725,1923,Completed
MOV000603,SKU_0180,WH_05,Hyderabad,South,Inbound,SUP_07,,2026-03-28,2026-03-30,127,1269.46,4228,4355,Completed
MOV002561,SKU_0015,WH_06,Pune,West,Inbound,SUP_08,,2026-05-01,2026-05-01,145,155.03,158,303,Completed
MOV001149,SKU_0132,WH_06,Pune,West,Transfer,,,2026-01-22,2026-01-25,426,1440.92,4547,4121,Completed
MOV001556,SKU_0093,WH_04,Kolkata,East,Inbound,SUP_06,,2026-01-29,2026-02-01,170,998.78,3317,,Completed
MOV003759,SKU_0099,WH_05,Hyderabad,South,Outbound,,CUST_067,2026-03-24,2026-03-26,39,758.7,4244,4205,Pending
MOV003232,SKU_0287,WH_03,Delhi,North,Return,,,2026-02-09,2026-02-09,252,1234.48,2147,2399,Completed
MOV004268,SKU_0268,WH_05,Hyderabad,South,Inbound,SUP_11,,2026-06-17,2026-06-17,353,484.9,274,627,Pending
MOV003043,SKU_0005,WH_05,Hyderabad,South,Transfer,,,2026-01-03,2026-01-05,224,117.74,676,452,Pending
MOV000572,SKU_0229,WH_04,Kolkata,East,Outbound,,CUST_068,2026-05-13,2026-05-13,176,870.44,2147,,Completed
MOV000475,SKU_0019,WH_02,Mumbai,West,Return,,,2026-04-20,2026-04-23,99,347.06,3069,3168,Completed
MOV000093,SKU_0143,WH_06,Pune,West,Outbound,,CUST_049,2026-02-13,2026-02-15,59,1548.12,397,338,Completed
MOV004266,SKU_0044,WH_04,Kolkata,East,Outbound,,CUST_002,2026-03-06,2026-03-08,402,606.81,2179,,Completed
MOV002044,SKU_0092,WH_06,Pune,West,Transfer,,,2026-04-15,2026-04-17,6,323.63,928,922,Pending
MOV002222,SKU_0217,WH_05,Hyderabad,South,Adjustment,,,2026-03-11,2026-03-12,95,314.61,173,268,Discrepancy
MOV000320,SKU_0185,WH_06,Pune,West,Adjustment,,,2026-03-24,2026-03-25,427,1171.57,395,,Cancelled
MOV001850,SKU_0036,WH_05,Hyderabad,South,Inbound,SUP_04,,2026-05-30,2026-06-02,424,849.63,3143,3567,Completed
MOV001862,SKU_0133,WH_01,Bengaluru,South,Outbound,,CUST_059,2026-03-09,2026-03-09,90,785.33,2477,2387,Discrepancy
MOV000179,SKU_0233,WH_06,Pune,West,Inbound,SUP_01,,2026-01-09,2026-01-11,470,1372.96,2239,2709,Completed
MOV000167,SKU_0270,WH_03,Delhi,North,Inbound,SUP_07,,2026-01-11,2026-01-14,112,589.85,1480,1592,Completed
MOV000872,SKU_0209,WH_06,Pune,West,Transfer,,,2026-06-03,2026-06-05,24,768.77,1689,1665,Pending
MOV000813,SKU_0168,WH_03,Delhi,North,Outbound,,CUST_025,2026-04-05,2026-04-08,300,1304.47,859,-6,Completed
MOV001448,SKU_0298,WH_03,Delhi,North,Transfer,,,2026-05-06,2026-05-09,369,564.37,1407,1038,Completed
MOV004637,SKU_0249,WH_04,Kolkata,East,Outbound,,CUST_084,2026-04-26,2026-04-28,47,1860.43,4801,4754,Completed
MOV004415,SKU_0270,WH_03,Delhi,North,Transfer,,,2026-01-01,2026-01-04,375,1423.36,4332,3957,Completed
MOV001018,SKU_0080,WH_01,Bengaluru,South,Return,,,2026-04-22,2026-04-25,365,551.66,4715,5080,Completed
MOV002321,SKU_0066,WH_03,Delhi,North,Outbound,,CUST_059,2026-01-08,2026-01-11,16,1061.37,3016,3000,Completed
MOV004922,SKU_0203,WH_03,Delhi,North,Adjustment,,,,2026-02-26,182,1627.51,4342,-84,Completed
MOV001277,SKU_0197,WH_03,Delhi,North,Inbound,SUP_09,,2026-03-22,2026-03-23,286,18439.53,1187,1473,Completed
MOV000932,SKU_0288,WH_05,Hyderabad,South,Inbound,SUP_11,,2026-02-19,2026-02-20,30,124.56,3863,3893,Completed
MOV003612,SKU_0158,WH_02,Mumbai,West,Inbound,SUP_11,,2026-05-24,2026-05-26,77,603.82,404,481,Discrepancy
MOV003333,SKU_0110,WH_02,Mumbai,West,Outbound,,CUST_079,2026-01-23,2026-01-24,81,1158.26,3749,3668,Completed
MOV000132,SKU_0272,WH_01,Bengaluru,South,Transfer,,,2026-04-23,2026-04-23,285,280.92,3432,3147,Completed
MOV002243,SKU_0228,WH_06,Pune,West,Outbound,,CUST_031,2026-01-13,2026-01-15,461,296.47,4195,3734,Completed
MOV003407,SKU_0251,WH_03,Delhi,North,Transfer,,,2026-01-26,2026-01-28,491,269.91,427,-64,Completed
MOV004710,SKU_0034,WH_03,Delhi,North,Transfer,,,2026-06-18,2026-06-18,252,1775.84,4011,3759,Completed
MOV003604,SKU_0227,WH_06,Pune,West,Transfer,,,2026-03-01,2026-03-04,288,421.47,3980,3692,Completed
MOV001656,SKU_0120,WH_02,Mumbai,West,Adjustment,,,2026-03-08,2026-03-09,370,1724.54,4384,4754,Completed
MOV001632,SKU_0044,WH_04,Kolkata,East,Outbound,,CUST_063,2026-01-07,2026-01-09,257,666.14,804,,Completed
MOV000366,SKU_0100,WH_02,Mumbai,West,Transfer,,,2026-04-04,2026-04-05,329,1791.1,2153,,Cancelled
MOV004997,SKU_0233,WH_05,Hyderabad,South,Outbound,,CUST_054,2026-02-16,2026-02-19,139,557.44,3270,,Cancelled
MOV002084,SKU_0047,WH_06,Pune,West,Outbound,,CUST_056,2026-04-30,2026-04-30,3,625.99,2930,2927,Completed
MOV000082,SKU_0160,WH_06,Pune,West,Outbound,,CUST_046,2026-04-17,2026-04-20,10,1735.28,2980,2970,Completed
MOV002699,SKU_0205,WH_04,Kolkata,East,Inbound,SUP_10,,2026-02-10,2026-02-11,492,56.86,4598,,Completed
MOV002257,SKU_0161,WH_06,Pune,West,Transfer,,,2026-02-07,2026-02-07,227,1674.01,1712,1485,Completed
MOV001159,SKU_0296,WH_04,Kolkata,East,Outbound,,CUST_028,2026-03-16,2026-03-16,163,1425.12,1485,,Pending
MOV000819,SKU_0068,WH_04,Kolkata,East,Return,,,2026-03-21,2026-03-22,129,258.02,873,,Completed
MOV004461,SKU_0228,WH_06,Pune,West,Inbound,SUP_03,,2026-04-11,2026-04-11,268,557.6,979,1247,Completed
MOV001478,SKU_0296,WH_01,Bengaluru,South,Outbound,,CUST_069,2026-03-10,2026-03-12,93,831.16,2574,2481,Discrepancy
MOV000678,SKU_0240,WH_06,Pune,West,Inbound,SUP_02,,2026-03-07,2026-03-08,262,106.76,1829,2091,Completed
MOV002854,SKU_0221,WH_06,Pune,West,Adjustment,,,2026-05-28,2026-05-28,151,1401.28,2395,2546,Completed
MOV003684,SKU_0200,WH_06,Pune,West,Return,,,2026-04-05,2026-04-05,421,1162.97,3443,3864,Pending
MOV000014,SKU_0239,WH_04,Kolkata,East,Outbound,,CUST_011,2026-02-06,2026-02-06,384,718.14,2168,,Completed
MOV000526,SKU_0283,WH_02,Mumbai,West,Adjustment,,,2026-03-26,2026-03-28,155,210.17,1687,1842,Discrepancy
MOV004610,SKU_0277,WH_05,Hyderabad,South,Inbound,SUP_09,,2026-03-29,2026-03-30,237,3598.49,743,980,Completed
MOV001593,SKU_0298,WH_02,Mumbai,West,Transfer,,,2026-04-01,2026-04-03,74,267.7,4825,4751,Completed
MOV000532,SKU_0128,WH_06,Pune,West,Transfer,,,2026-06-30,2026-07-01,108,314.7,4038,3930,Completed
MOV003073,SKU_0204,WH_02,Mumbai,West,Inbound,SUP_09,,2026-04-29,2026-04-30,333,12889.06,1556,1889,Completed
MOV003827,SKU_0038,WH_06,Pune,West,Adjustment,,,2026-05-22,2026-05-24,81,1348.28,4671,4752,Completed
MOV004018,SKU_0086,WH_02,Mumbai,West,Outbound,,CUST_004,2026-06-09,2026-06-12,263,1543.73,2601,2338,Completed
MOV003703,SKU_0076,WH_02,Mumbai,West,Adjustment,,,2026-01-01,2026-01-02,297,1763.7,4046,3749,Discrepancy
MOV002734,SKU_0206,WH_04,Kolkata,East,Transfer,,,2026-04-26,2026-04-29,259,1116.39,4412,,Completed
MOV001745,SKU_0240,WH_04,Kolkata,East,Adjustment,,,2026-01-15,2026-01-15,434,1001.16,651,,Cancelled
MOV001917,SKU_0028,WH_04,Kolkata,East,Outbound,,CUST_063,2026-05-05,2026-05-08,245,624.94,4832,,Completed
MOV004759,SKU_0054,WH_04,Kolkata,East,Transfer,,,2026-05-02,2026-05-04,224,1708.14,2589,,Completed
MOV002107,SKU_0168,WH_06,Pune,West,Outbound,,CUST_034,2026-03-06,2026-03-06,211,1292.27,2149,1938,Completed
MOV000213,SKU_0202,WH_06,Pune,West,Outbound,,CUST_029,2026-03-13,2026-03-13,179,1895.4,3473,3294,Completed
MOV003049,SKU_0094,WH_01,Bengaluru,South,Outbound,,CUST_058,2026-01-03,2026-01-03,78,347.45,3703,3625,Discrepancy
MOV002776,SKU_0159,WH_05,Hyderabad,South,Transfer,,,2026-04-17,2026-04-20,284,1620.09,3794,3510,Completed
MOV000278,SKU_0092,WH_03,Delhi,North,Transfer,,,2026-03-12,2026-03-14,131,521.57,3588,3457,Completed
MOV001445,SKU_0018,WH_06,Pune,West,Outbound,,CUST_046,2026-05-29,2026-05-31,29,1573.63,209,180,Completed
MOV003250,SKU_0284,WH_04,Kolkata,East,Inbound,SUP_03,,2026-05-14,2026-05-15,354,351.21,4398,,Completed
MOV002455,SKU_0158,WH_04,Kolkata,East,Outbound,,CUST_037,2026-03-21,2026-03-23,34,784.8,4101,,Completed
MOV003406,SKU_0271,WH_01,Bengaluru,South,Outbound,,CUST_042,2026-06-09,2026-06-10,419,1513.48,4977,4558,Completed
MOV002005,SKU_0174,WH_04,Kolkata,East,Inbound,SUP_04,,2026-02-04,2026-02-05,451,1619.89,4230,4681,Completed
MOV000639,SKU_0137,WH_05,Hyderabad,South,Outbound,,CUST_037,,2026-03-31,10,181.84,594,,Cancelled
MOV003535,SKU_0120,WH_02,Mumbai,West,Inbound,SUP_06,,2026-03-21,2026-03-24,120,1816.82,4207,4327,Completed
MOV004358,SKU_0175,WH_02,Mumbai,West,Outbound,,CUST_018,,2026-03-02,238,1601.55,4798,4560,Completed
MOV002858,SKU_0162,WH_05,Hyderabad,South,Inbound,SUP_01,,2026-01-13,2026-01-15,155,1943.22,1957,2112,Completed
MOV003707,SKU_0193,WH_03,Delhi,North,Adjustment,,,2026-05-17,2026-05-19,251,758.71,2739,2488,Completed
MOV001559,SKU_0185,WH_05,Hyderabad,South,Adjustment,,,2026-06-28,2026-06-29,395,724.45,4679,4284,Completed
MOV003706,SKU_0024,WH_05,Hyderabad,South,Return,,,2026-02-17,2026-02-18,218,424.62,4341,4559,Completed
MOV003679,SKU_0065,WH_02,Mumbai,West,Inbound,SUP_11,,2026-04-09,2026-04-11,192,1276.52,3238,3430,Completed
MOV004053,SKU_0278,WH_02,Mumbai,West,Inbound,SUP_02,,2026-05-01,2026-05-04,312,1270.08,4771,5083,Completed
MOV001796,SKU_0060,WH_04,Kolkata,East,Outbound,,CUST_043,2026-03-22,2026-03-25,492,1455.56,3041,,Completed
MOV004891,SKU_0094,WH_05,Hyderabad,South,Outbound,,CUST_004,2026-01-04,2026-01-06,434,897.98,1105,671,Completed
MOV003189,SKU_0087,WH_06,Pune,West,Inbound,SUP_09,,2026-05-26,2026-05-26,309,13297.68,3192,3501,Completed
MOV004863,SKU_0202,WH_05,Hyderabad,South,Transfer,,,2026-01-11,2026-01-11,194,306.56,3256,3062,Completed
MOV001399,SKU_0121,WH_06,Pune,West,Outbound,,CUST_068,2026-01-25,2026-01-25,265,136.0,2336,2071,Completed
MOV004225,SKU_0029,WH_02,Mumbai,West,Adjustment,,,2026-03-24,2026-03-24,378,95.44,3337,,Cancelled
MOV002715,SKU_0011,WH_01,Bengaluru,South,Outbound,,CUST_082,2026-02-09,2026-02-10,59,1456.05,863,804,Completed
MOV000450,SKU_0033,WH_04,Kolkata,East,Inbound,SUP_09,,2026-01-19,2026-01-20,264,8807.74,1943,,Completed
MOV002325,SKU_0153,WH_04,Kolkata,East,Inbound,SUP_01,,2026-05-11,2026-05-13,143,381.6,616,,Completed
MOV001177,SKU_0186,WH_02,Mumbai,West,Return,,,2026-01-07,2026-01-09,75,1729.91,2219,2294,Completed
MOV000793,SKU_0243,WH_01,Bengaluru,South,Outbound,,CUST_063,2026-06-05,2026-06-05,205,1328.76,4163,3958,Completed
MOV000576,SKU_0246,WH_03,Delhi,North,Transfer,,,2026-02-23,2026-02-25,11,1934.35,4000,3989,Completed
MOV004229,SKU_0217,WH_01,Bengaluru,South,Outbound,,CUST_061,2026-04-14,2026-04-16,411,1501.9,28,-383,Completed
MOV003425,SKU_0086,WH_03,Delhi,North,Return,,,2026-04-07,2026-04-10,383,1152.47,3668,4051,Completed
MOV003382,SKU_0185,WH_02,Mumbai,West,Outbound,,CUST_015,2026-01-09,2026-01-11,469,416.83,3062,2593,Completed
MOV002704,SKU_0087,WH_06,Pune,West,Outbound,,CUST_030,2026-02-19,2026-02-19,80,464.04,2318,2238,Completed
MOV003038,SKU_0091,WH_04,Kolkata,East,Outbound,,CUST_039,2026-03-26,2026-03-26,157,743.7,2524,,Completed
MOV002549,SKU_0005,WH_01,Bengaluru,South,Outbound,,CUST_033,2026-06-14,2026-06-14,152,240.0,2702,2550,Completed
MOV000344,SKU_0103,WH_04,Kolkata,East,Outbound,,CUST_075,2026-06-12,2026-06-15,390,181.74,440,,Cancelled
MOV004441,SKU_0233,WH_06,Pune,West,Return,,,2026-06-17,2026-06-17,143,919.04,442,585,Completed
MOV003815,SKU_0078,WH_05,Hyderabad,South,Adjustment,,,2026-01-04,2026-01-06,3,1989.53,256,253,Pending
MOV003710,SKU_0204,WH_03,Delhi,North,Outbound,,CUST_036,2026-02-25,2026-02-26,257,875.96,318,61,Completed
MOV003744,SKU_0085,WH_01,Bengaluru,South,Outbound,,CUST_059,2026-03-02,2026-03-03,260,50.51,1967,1707,Completed
MOV000258,SKU_0014,WH_01,Bengaluru,South,Transfer,,,2026-01-04,2026-01-04,414,1308.65,3291,2877,Completed
MOV000759,SKU_0022,WH_01,Bengaluru,South,Inbound,SUP_12,,2026-02-02,2026-02-03,193,594.61,1732,1925,Pending
MOV002717,SKU_0287,WH_02,Mumbai,West,Inbound,SUP_05,,2026-02-07,2026-02-09,248,1284.67,2287,2535,Pending
MOV003973,SKU_0103,WH_01,Bengaluru,South,Return,,,2026-04-25,2026-04-26,221,766.42,2493,2714,Completed
MOV002323,SKU_0298,WH_06,Pune,West,Transfer,,,2026-06-27,2026-06-27,165,691.31,3704,3539,Discrepancy
MOV004530,SKU_0122,WH_05,Hyderabad,South,Transfer,,,2026-02-19,2026-02-19,186,1661.46,1313,1127,Completed
MOV004301,SKU_0003,WH_04,Kolkata,East,Inbound,SUP_10,,2026-03-14,2026-03-17,104,867.29,3015,,Discrepancy
MOV000074,SKU_0201,WH_02,Mumbai,West,Inbound,SUP_02,,2026-06-16,2026-06-16,247,1127.56,2668,2915,Completed
MOV004992,SKU_0097,WH_01,Bengaluru,South,Inbound,SUP_03,,2026-04-01,2026-04-01,323,1219.56,901,1224,Pending
MOV001474,SKU_0265,WH_02,Mumbai,West,Return,,,2026-06-24,2026-06-24,109,737.31,614,723,Completed
MOV004361,SKU_0082,WH_03,Delhi,North,Return,,,2026-04-24,2026-04-27,428,249.22,4210,4638,Completed
MOV001687,SKU_0221,WH_03,Delhi,North,Outbound,,CUST_038,2026-04-19,2026-04-21,345,1064.24,2722,2377,Completed
MOV004939,SKU_0079,WH_03,Delhi,North,Transfer,,,2026-04-13,2026-04-16,106,384.53,4583,4477,Completed
MOV002682,SKU_0156,WH_04,Kolkata,East,Inbound,SUP_12,,2026-06-16,2026-06-17,226,427.77,2121,2347,Completed
MOV004619,SKU_0028,WH_01,Bengaluru,South,Outbound,,CUST_045,2026-05-20,2026-05-21,364,1144.14,4114,3750,Completed
MOV002135,SKU_0054,WH_01,Bengaluru,South,Outbound,,CUST_064,2026-05-01,2026-05-02,58,863.73,805,747,Completed
MOV002219,SKU_0097,WH_02,Mumbai,West,Transfer,,,2026-06-01,2026-06-03,376,1319.93,4286,3910,Pending
MOV001768,SKU_0131,WH_02,Mumbai,West,Outbound,,CUST_087,2026-05-17,2026-05-18,463,1306.86,1323,860,Completed
MOV001830,SKU_0218,WH_03,Delhi,North,Adjustment,,,2026-02-21,2026-02-24,81,420.69,4585,4504,Completed
MOV000374,SKU_0248,WH_02,Mumbai,West,Inbound,SUP_06,,2026-05-11,2026-05-14,345,1984.11,1772,2117,Completed
MOV002718,SKU_0021,WH_03,Delhi,North,Outbound,,CUST_092,2026-05-04,2026-05-07,348,1092.89,223,-125,Completed
MOV002864,SKU_0261,WH_06,Pune,West,Inbound,SUP_06,,2026-02-24,2026-02-26,495,1246.92,4233,4728,Completed
MOV004552,SKU_0204,WH_05,Hyderabad,South,Transfer,,,2026-05-14,2026-05-15,108,1955.72,1958,1850,Completed
MOV003853,SKU_0273,WH_04,Kolkata,East,Inbound,SUP_12,,2026-01-20,2026-01-21,272,899.48,4590,,Completed
MOV002814,SKU_0044,WH_06,Pune,West,Outbound,,CUST_056,2026-02-13,2026-02-15,24,430.91,4013,3989,Completed
MOV003112,SKU_0194,WH_06,Pune,West,Inbound,SUP_10,,2026-04-23,2026-04-26,126,402.52,1991,2117,Completed
MOV004793,SKU_0004,WH_02,Mumbai,West,Return,,,2026-05-30,2026-06-01,94,420.86,750,844,Completed
MOV002784,SKU_0144,WH_06,Pune,West,Return,,,2026-04-12,2026-04-12,451,1420.6,3993,4444,Pending
MOV004215,SKU_0097,WH_01,Bengaluru,South,Return,,,2026-04-24,2026-04-24,97,934.11,4259,4356,Completed
MOV000463,SKU_0258,WH_06,Pune,West,Outbound,,CUST_025,2026-01-26,2026-01-29,289,1627.11,2391,2102,Completed
MOV000510,SKU_0147,WH_01,Bengaluru,South,Transfer,,,2026-03-20,2026-03-21,60,228.81,558,498,Discrepancy
MOV003074,SKU_0219,WH_05,Hyderabad,South,Return,,,2026-04-25,2026-04-26,168,973.64,4927,5095,Completed
MOV000480,SKU_0138,WH_04,Kolkata,East,Transfer,,,2026-05-03,2026-05-06,7,156.04,3115,,Completed
MOV002436,SKU_0007,WH_01,Bengaluru,South,Return,,,2026-02-16,2026-02-18,327,1089.7,347,674,Completed
MOV004700,SKU_0219,WH_05,Hyderabad,South,Transfer,,,2026-02-13,2026-02-15,353,455.15,1002,649,Completed
MOV003470,SKU_0219,WH_04,Kolkata,East,Inbound,SUP_01,,2026-06-04,2026-06-07,133,1605.51,2980,,Discrepancy
MOV004822,SKU_0145,WH_01,Bengaluru,South,Transfer,,,2026-06-20,2026-06-20,110,825.88,2447,2337,Completed
MOV003779,SKU_0138,WH_06,Pune,West,Transfer,,,2026-04-03,2026-04-05,106,799.09,1368,1262,Completed
MOV001409,SKU_0014,WH_06,Pune,West,Inbound,SUP_04,,2026-04-29,2026-05-01,304,473.19,3188,3492,Completed
MOV004206,SKU_0231,WH_01,Bengaluru,South,Inbound,SUP_11,,2026-05-20,2026-05-20,377,462.38,4729,5106,Pending
MOV002305,SKU_0161,WH_04,Kolkata,East,Transfer,,,2026-04-14,2026-04-14,311,1985.27,1364,,Completed
MOV003279,SKU_0233,WH_05,Hyderabad,South,Transfer,,,2026-01-08,2026-01-08,396,1588.74,3582,3186,Completed
MOV000630,SKU_0118,WH_01,Bengaluru,South,Inbound,SUP_02,,2026-04-23,2026-04-23,167,898.0,3892,4059,Discrepancy
MOV001333,SKU_0266,WH_03,Delhi,North,Return,,,2026-06-03,,217,919.65,3269,3486,Completed
MOV004231,SKU_0045,WH_01,Bengaluru,South,Inbound,SUP_07,,2026-06-21,2026-06-24,404,1742.97,3408,3812,Completed
MOV001020,SKU_0086,WH_02,Mumbai,West,Inbound,SUP_05,,2026-04-16,2026-04-19,283,796.92,3770,4053,Discrepancy
MOV002173,SKU_0085,WH_02,Mumbai,West,Transfer,,,2026-03-25,2026-03-25,331,1094.56,4126,3795,Discrepancy
MOV004228,SKU_0106,WH_01,Bengaluru,South,Return,,,2026-02-10,2026-02-10,342,1972.03,1805,2147,Completed
MOV004146,SKU_0150,WH_01,Bengaluru,South,Inbound,SUP_08,,2026-03-02,2026-03-02,185,932.16,2642,,Cancelled
MOV004765,SKU_0131,WH_06,Pune,West,Return,,,2026-02-11,2026-02-11,213,529.48,1612,1825,Completed
MOV001040,SKU_0217,WH_05,Hyderabad,South,Transfer,,,2026-06-22,2026-06-24,148,1799.16,3290,3142,Discrepancy
MOV003130,SKU_0163,WH_01,Bengaluru,South,Outbound,,CUST_057,2026-04-07,2026-04-08,119,792.64,109,-10,Completed
MOV004838,SKU_0011,WH_02,Mumbai,West,Outbound,,CUST_038,2026-05-24,2026-05-27,142,519.68,393,251,Completed
MOV000976,SKU_0264,WH_02,Mumbai,West,Inbound,SUP_09,,2026-05-23,2026-05-26,274,6377.3,1632,1906,Completed
MOV001744,SKU_0182,WH_04,Kolkata,East,Outbound,,CUST_059,2026-02-09,2026-02-11,119,799.57,3628,,Completed
MOV002551,SKU_0021,WH_02,Mumbai,West,Inbound,SUP_05,,2026-06-16,2026-06-16,153,1848.77,3479,3632,Pending
MOV004180,SKU_0217,WH_01,Bengaluru,South,Inbound,SUP_12,,2026-04-22,2026-04-23,283,1172.47,1042,1325,Completed
MOV003564,SKU_0058,WH_01,Bengaluru,South,Outbound,,CUST_034,2026-01-13,2026-01-14,398,1933.92,2729,2331,Completed
MOV004545,SKU_0282,WH_02,Mumbai,West,Outbound,,CUST_098,2026-03-11,2026-03-14,371,83.67,327,-44,Pending
MOV000090,SKU_0021,WH_06,Pune,West,Inbound,SUP_12,,2026-03-22,2026-03-22,28,1516.51,3095,3123,Completed
MOV002514,SKU_0285,WH_04,Kolkata,East,Return,,,2026-04-19,2026-04-20,68,944.56,2426,,Discrepancy
MOV004833,SKU_0049,WH_04,Kolkata,East,Inbound,SUP_11,,2026-01-27,2026-01-28,271,494.68,1270,,Completed
MOV002179,SKU_0186,WH_06,Pune,West,Outbound,,CUST_040,2026-06-24,2026-06-27,475,1055.84,550,75,Completed
MOV002904,SKU_0168,WH_04,Kolkata,East,Inbound,SUP_01,,2026-04-14,2026-04-14,261,1404.65,4,,Completed
MOV003013,SKU_0150,WH_05,Hyderabad,South,Inbound,SUP_05,,2026-03-30,2026-04-01,45,391.92,3166,3211,Discrepancy
MOV000325,SKU_0182,WH_05,Hyderabad,South,Adjustment,,,2026-03-09,2026-03-10,454,186.24,4493,4039,Completed
MOV000394,SKU_0099,WH_02,Mumbai,West,Inbound,SUP_05,,2026-06-19,2026-06-21,68,356.82,1853,1921,Completed
MOV004593,SKU_0291,WH_02,Mumbai,West,Outbound,,CUST_099,2026-04-05,2026-04-06,427,505.02,2143,1716,Completed
MOV004227,SKU_0196,WH_01,Bengaluru,South,Adjustment,,,,2026-06-05,356,1914.08,1527,1883,Completed
MOV004929,SKU_0254,WH_01,Bengaluru,South,Outbound,,CUST_015,2026-02-15,2026-02-18,90,1997.66,3178,3088,Completed
MOV000481,SKU_0241,WH_05,Hyderabad,South,Adjustment,,,2026-02-10,2026-02-10,134,1529.57,3607,3473,Completed
MOV004398,SKU_0266,WH_01,Bengaluru,South,Outbound,,CUST_092,2026-06-02,2026-06-02,98,992.14,479,381,Completed
MOV000750,SKU_0003,WH_04,Kolkata,East,Outbound,,CUST_093,2026-02-08,2026-02-09,271,1041.17,4779,,Completed
MOV003480,SKU_0151,WH_04,Kolkata,East,Transfer,,,2026-04-30,2026-05-02,371,1155.72,1109,738,Completed
MOV002474,SKU_0098,WH_01,Bengaluru,South,Inbound,SUP_06,,2026-05-18,2026-05-21,66,1545.92,1181,1247,Completed
MOV001170,SKU_0032,WH_06,Pune,West,Inbound,SUP_06,,2026-02-24,2026-02-26,403,1726.41,4914,5317,Completed
MOV004525,SKU_0203,WH_06,Pune,West,Transfer,,,2026-03-31,2026-03-31,177,623.86,2762,2585,Discrepancy
MOV003599,SKU_0106,WH_03,Delhi,North,Inbound,SUP_07,,2026-05-17,2026-05-19,496,1232.6,2528,3024,Completed
MOV004344,SKU_0118,WH_04,Kolkata,East,Outbound,,CUST_026,2026-05-25,2026-05-25,210,585.48,2103,,Completed
MOV000634,SKU_0201,WH_05,Hyderabad,South,Adjustment,,,2026-04-22,2026-04-23,105,494.18,2712,2607,Completed
MOV002435,SKU_0015,WH_01,Bengaluru,South,Transfer,,,2026-03-15,2026-03-17,221,1587.03,2800,2579,Completed
MOV002193,SKU_0090,WH_03,Delhi,North,Transfer,,,2026-06-02,2026-06-05,326,1990.0,4392,4066,Completed
MOV003286,SKU_0067,WH_05,Hyderabad,South,Transfer,,,2026-05-13,2026-05-15,281,189.57,3167,2886,Completed
MOV002100,SKU_0238,WH_03,Delhi,North,Inbound,SUP_03,,2026-04-25,2026-04-27,317,1539.79,3071,3388,Completed
MOV002621,SKU_0079,WH_04,Kolkata,East,Inbound,SUP_10,,2026-06-26,2026-06-28,439,915.06,2019,,Completed
MOV004896,SKU_0201,WH_05,Hyderabad,South,Inbound,SUP_02,,2026-03-22,2026-03-25,424,570.75,4026,4450,Completed
MOV003199,SKU_0283,WH_02,Mumbai,West,Inbound,SUP_12,,2026-04-03,2026-04-04,390,876.18,1593,1983,Completed
MOV003649,SKU_0012,WH_05,Hyderabad,South,Outbound,,CUST_097,2026-06-05,2026-06-08,177,421.26,4390,4213,Completed
MOV004859,SKU_0135,WH_04,Kolkata,East,Return,,,2026-02-01,2026-02-03,497,1293.5,1998,,Completed
MOV003481,SKU_0069,WH_06,Pune,West,Outbound,,CUST_040,2026-05-13,2026-05-15,170,65.33,3380,3210,Completed
MOV001941,SKU_0215,WH_06,Pune,West,Inbound,SUP_02,,2026-06-05,2026-06-07,219,1058.19,1907,2126,Completed
MOV003742,SKU_0063,WH_05,Hyderabad,South,Inbound,SUP_10,,2026-06-29,2026-07-02,124,936.63,2487,2611,Discrepancy
MOV000062,SKU_0276,WH_03,Delhi,North,Adjustment,,,2026-03-13,2026-03-15,331,1686.85,1985,2316,Completed
MOV001156,SKU_0165,WH_03,Delhi,North,Outbound,,CUST_035,2026-06-18,2026-06-18,321,1726.5,1102,,Cancelled
MOV004186,SKU_0154,WH_06,Pune,West,Outbound,,CUST_037,2026-06-02,2026-06-04,456,204.05,1608,1152,Completed
MOV002791,SKU_0114,WH_04,Kolkata,East,Inbound,SUP_06,,2026-02-08,2026-02-10,270,1397.71,208,,Discrepancy
MOV004467,SKU_0154,WH_03,Delhi,North,Return,,,2026-02-06,2026-02-06,38,188.64,1115,1153,Completed
MOV001128,SKU_0165,WH_02,Mumbai,West,Inbound,SUP_10,,2026-01-27,2026-01-27,324,757.83,454,778,Completed
MOV004873,SKU_0268,WH_02,Mumbai,West,Transfer,,,2026-04-06,2026-04-08,12,560.62,1363,1351,Completed
MOV001951,SKU_0046,WH_04,Kolkata,East,Inbound,SUP_12,,2026-03-18,2026-03-21,26,197.15,4135,4161,Completed
MOV001248,SKU_0055,WH_04,Kolkata,East,Inbound,SUP_08,,2026-01-26,2026-01-26,407,1596.75,3416,,Completed
MOV001871,SKU_0065,WH_01,Bengaluru,South,Outbound,,CUST_030,2026-03-30,2026-03-31,441,1763.17,461,20,Completed
MOV002710,SKU_0033,WH_06,Pune,West,Inbound,SUP_07,,2026-04-11,2026-04-14,222,1339.38,1805,2027,Completed
MOV001046,SKU_0224,WH_05,Hyderabad,South,Inbound,SUP_02,,2026-02-12,2026-02-15,196,1107.9,4762,4958,Completed
MOV002759,SKU_0148,WH_03,Delhi,North,Outbound,,CUST_070,2026-03-02,2026-03-04,264,1925.32,4645,4381,Discrepancy
MOV003336,SKU_0060,WH_04,Kolkata,East,Return,,,2026-04-29,2026-05-02,99,421.18,4417,,Completed
MOV002335,SKU_0273,WH_06,Pune,West,Return,,,2026-04-24,2026-04-26,399,315.97,3548,3947,Completed
MOV003935,SKU_0241,WH_04,Kolkata,East,Adjustment,,,2026-05-10,2026-05-12,315,1903.22,2590,,Completed
MOV004409,SKU_0089,WH_06,Pune,West,Inbound,SUP_11,,2026-04-23,2026-04-24,107,440.96,431,538,Completed
MOV003263,SKU_0112,WH_05,Hyderabad,South,Transfer,,,2026-02-10,2026-02-12,61,566.84,3894,3833,Completed
MOV001824,SKU_0295,WH_05,Hyderabad,South,Adjustment,,,2026-04-30,2026-05-01,305,1618.61,3832,,Cancelled
MOV004379,SKU_0227,WH_02,Mumbai,West,Transfer,,,2026-04-29,2026-05-01,166,1809.72,4168,4002,Completed
MOV002229,SKU_0293,WH_02,Mumbai,West,Inbound,SUP_07,,2026-02-16,2026-02-19,174,989.67,3373,3547,Discrepancy
MOV003833,SKU_0292,WH_01,Bengaluru,South,Adjustment,,,2026-01-30,2026-02-02,104,1968.14,3339,3443,Completed
MOV000456,SKU_0030,WH_02,Mumbai,West,Outbound,,CUST_031,2026-01-02,2026-01-03,459,1656.75,1978,1519,Completed
MOV000955,SKU_0216,WH_02,Mumbai,West,Inbound,SUP_12,,2026-05-26,2026-05-29,185,828.24,2808,2993,Completed
MOV001566,SKU_0286,WH_02,Mumbai,West,Inbound,SUP_09,,2026-06-23,2026-06-26,146,17745.34,2778,2924,Completed
MOV001293,SKU_0214,WH_05,Hyderabad,South,Inbound,SUP_01,,2026-01-11,2026-01-12,280,1329.15,1954,2234,Completed
MOV001719,SKU_0172,WH_03,Delhi,North,Transfer,,,2026-05-11,2026-05-11,276,241.45,231,-45,Completed
MOV004078,SKU_0223,WH_02,Mumbai,West,Outbound,,CUST_063,2026-03-11,2026-03-12,58,444.31,4668,4610,Completed
MOV001039,SKU_0194,WH_03,Delhi,North,Adjustment,,,2026-01-27,2026-01-29,8,551.13,2408,2400,Completed
MOV000452,SKU_0273,WH_02,Mumbai,West,Inbound,SUP_04,,2026-02-15,2026-02-16,53,460.61,996,1049,Completed
MOV000901,SKU_0022,WH_03,Delhi,North,Return,,,2026-04-16,2026-04-17,62,1536.62,3546,3608,Completed
MOV000804,SKU_0068,WH_04,Kolkata,East,Outbound,,CUST_003,2026-03-14,2026-03-15,470,373.85,341,,Completed
MOV002359,SKU_0293,WH_03,Delhi,North,Outbound,,CUST_041,2026-01-15,2026-01-16,488,708.48,915,427,Completed
MOV000397,SKU_0224,WH_04,Kolkata,East,Inbound,SUP_11,,2026-05-12,2026-05-13,231,670.57,3906,,Discrepancy
MOV000578,SKU_0277,WH_01,Bengaluru,South,Inbound,SUP_11,,2026-04-09,2026-04-12,242,576.84,2807,3049,Completed
MOV004586,SKU_0282,WH_04,Kolkata,East,Outbound,,CUST_085,2026-02-25,2026-02-26,364,354.63,4227,,Completed
MOV001343,SKU_0226,WH_01,Bengaluru,South,Inbound,SUP_08,,2026-02-27,2026-03-01,335,504.87,1038,1373,Completed
MOV003617,SKU_0200,WH_02,Mumbai,West,Transfer,,,2026-02-08,2026-02-11,163,939.11,3526,3363,Completed
MOV000701,SKU_0071,WH_06,Pune,West,Inbound,SUP_11,,2026-05-21,2026-05-22,438,557.66,3453,3891,Completed
MOV001322,SKU_0236,WH_01,Bengaluru,South,Outbound,,CUST_006,2026-06-28,2026-06-30,79,1231.98,1431,1352,Completed
MOV001810,SKU_0197,WH_01,Bengaluru,South,Outbound,,CUST_058,2026-02-11,2026-02-13,39,1752.83,4637,-98,Completed
MOV000162,SKU_0229,WH_01,Bengaluru,South,Adjustment,,,2026-04-09,2026-04-09,322,196.55,2783,3105,Pending
MOV000927,SKU_0163,WH_06,Pune,West,Transfer,,,2026-03-05,2026-03-08,164,1514.26,1848,-69,Completed
MOV000838,SKU_0178,WH_05,Hyderabad,South,Outbound,,CUST_003,2026-06-20,2026-06-22,352,125.97,1266,914,Completed
MOV001544,SKU_0240,WH_01,Bengaluru,South,Transfer,,,2026-04-17,2026-04-20,444,1297.5,614,170,Completed
MOV003105,SKU_0250,WH_05,Hyderabad,South,Inbound,SUP_06,,2026-05-15,2026-05-18,413,1587.75,554,967,Completed
MOV004616,SKU_0107,WH_02,Mumbai,West,Return,,,2026-02-09,2026-02-10,383,785.33,2466,2849,Completed
MOV002234,SKU_0228,WH_02,Mumbai,West,Outbound,,CUST_099,2026-01-07,2026-01-09,219,904.73,1724,1505,Discrepancy
MOV000926,SKU_0199,WH_03,Delhi,North,Adjustment,,,2026-04-04,2026-04-04,341,1972.77,975,1316,Completed
MOV001412,SKU_0089,WH_01,Bengaluru,South,Inbound,SUP_08,,2026-03-03,2026-03-05,62,407.43,1949,2011,Completed
MOV003563,SKU_0287,WH_03,Delhi,North,Return,,,2026-04-24,2026-04-26,188,595.04,3851,4039,Completed
MOV003433,SKU_0221,WH_05,Hyderabad,South,Inbound,SUP_03,,2026-05-04,2026-05-04,369,1725.63,1945,,Cancelled
MOV004678,SKU_0090,WH_06,Pune,West,Outbound,,CUST_076,2026-03-31,2026-04-02,290,100.68,4486,4196,Completed
MOV001077,SKU_0278,WH_05,Hyderabad,South,Inbound,SUP_08,,2026-05-16,2026-05-17,41,1551.21,2578,2619,Completed
MOV004941,SKU_0063,WH_05,Hyderabad,South,Adjustment,,,2026-01-06,2026-01-08,304,715.02,1290,986,Completed
MOV001006,SKU_0041,WH_06,Pune,West,Inbound,SUP_02,,2026-03-26,2026-03-26,77,655.4,2015,,Cancelled
MOV000504,SKU_0135,WH_04,Kolkata,East,Inbound,SUP_01,,,2026-03-21,115,774.52,3387,,Completed
MOV004104,SKU_0235,WH_01,Bengaluru,South,Inbound,SUP_04,,2026-02-19,2026-02-20,478,1085.6,2819,3297,Discrepancy
MOV000710,SKU_0080,WH_04,Kolkata,East,Adjustment,,,2026-06-16,2026-06-17,193,411.51,2502,,Pending
MOV003878,SKU_0194,WH_05,Hyderabad,South,Outbound,,CUST_090,2026-05-19,2026-05-21,408,366.91,4244,3836,Completed
MOV003351,SKU_0131,WH_01,Bengaluru,South,Outbound,,CUST_070,2026-03-11,2026-03-14,2,1157.91,513,511,Completed
MOV000884,SKU_0147,WH_03,Delhi,North,Outbound,,CUST_028,2026-02-23,2026-02-25,216,1668.08,1916,1700,Completed
MOV001793,SKU_0134,WH_06,Pune,West,Inbound,SUP_08,,2026-04-06,2026-04-06,43,591.13,1527,1570,Completed
MOV003239,SKU_0032,WH_01,Bengaluru,South,Outbound,,CUST_054,2026-06-11,2026-06-13,82,1371.46,1659,1577,Completed
MOV004014,SKU_0231,WH_04,Kolkata,East,Inbound,SUP_08,,2026-04-04,2026-04-04,257,376.29,4857,,Completed
MOV001224,SKU_0293,WH_04,Kolkata,East,Inbound,SUP_04,,2026-06-27,2026-06-28,119,720.51,2484,,Completed
MOV004913,SKU_0101,WH_01,Bengaluru,South,Inbound,SUP_11,,2026-02-22,2026-02-22,488,1614.08,3338,3826,Completed
MOV001608,SKU_0248,WH_03,Delhi,North,Transfer,,,2026-06-21,2026-06-21,173,1633.98,4192,4019,Completed
MOV000075,SKU_0044,WH_02,Mumbai,West,Inbound,SUP_08,,2026-04-25,2026-04-26,120,309.22,3775,3895,Completed
MOV002581,SKU_0218,WH_01,Bengaluru,South,Outbound,,CUST_038,2026-04-23,2026-04-25,231,83.16,2128,1897,Completed
MOV003451,SKU_0032,WH_03,Delhi,North,Inbound,SUP_11,,2026-02-14,2026-02-15,417,1261.05,2752,3169,Completed
MOV003030,SKU_0246,WH_02,Mumbai,West,Inbound,SUP_01,,2026-06-05,2026-06-08,25,81.55,514,539,Completed
MOV004928,SKU_0007,WH_05,Hyderabad,South,Inbound,SUP_12,,2026-03-15,2026-03-18,32,1330.46,1893,-198,Completed
MOV004120,SKU_0269,WH_06,Pune,West,Inbound,SUP_04,,2026-05-31,2026-06-03,31,1282.59,4411,4442,Completed
MOV000734,SKU_0229,WH_01,Bengaluru,South,Inbound,SUP_08,,2026-02-03,2026-02-05,136,1437.22,3269,,Cancelled
MOV004333,SKU_0132,WH_03,Delhi,North,Transfer,,,2026-03-24,2026-03-27,13,1734.21,1835,1822,Completed
MOV000231,SKU_0129,WH_06,Pune,West,Outbound,,CUST_071,2026-04-28,2026-04-29,278,1166.78,925,647,Completed
MOV000776,SKU_0230,WH_04,Kolkata,East,Inbound,SUP_10,,2026-03-21,2026-03-22,425,1719.66,3286,,Completed
MOV001700,SKU_0212,WH_03,Delhi,North,Outbound,,CUST_013,2026-04-26,2026-04-27,395,1769.28,2349,1954,Completed
MOV002530,SKU_0181,WH_03,Delhi,North,Inbound,SUP_03,,2026-01-31,2026-02-02,148,1135.99,4825,4973,Completed
MOV000355,SKU_0167,WH_03,Delhi,North,Return,,,2026-01-04,,276,90.8,1890,2166,Completed
MOV001376,SKU_0039,WH_03,Delhi,North,Outbound,,CUST_089,2026-04-06,2026-04-09,51,1562.05,4905,4854,Completed
MOV001439,SKU_0193,WH_03,Delhi,North,Inbound,SUP_04,,2026-04-07,2026-04-10,48,730.09,4660,4708,Discrepancy
MOV003611,SKU_0202,WH_03,Delhi,North,Adjustment,,,2026-04-23,2026-04-23,100,669.42,2837,2937,Completed
MOV002481,SKU_0224,WH_03,Delhi,North,Adjustment,,,2026-01-22,2026-01-25,321,1310.11,1246,925,Completed
MOV002866,SKU_0277,WH_01,Bengaluru,South,Outbound,,CUST_094,,2026-03-19,122,858.35,2943,2821,Completed
MOV002004,SKU_0196,WH_04,Kolkata,East,Outbound,,CUST_015,2026-04-05,2026-04-08,191,1148.63,59,,Completed
MOV000888,SKU_0277,WH_01,Bengaluru,South,Outbound,,CUST_043,2026-02-04,2026-02-06,216,701.19,4560,4344,Completed
MOV001091,SKU_0138,WH_04,Kolkata,East,Transfer,,,2026-04-29,2026-04-29,399,1173.54,1955,1556,Completed
MOV004893,SKU_0086,WH_01,Bengaluru,South,Outbound,,CUST_020,2026-06-02,2026-06-04,51,1389.81,501,450,Completed
MOV004202,SKU_0294,WH_05,Hyderabad,South,Inbound,SUP_01,,2026-05-24,2026-05-27,460,508.32,4804,5264,Completed
MOV001672,SKU_0217,WH_01,Bengaluru,South,Outbound,,CUST_010,2026-05-03,2026-05-05,174,1839.45,4072,3898,Completed
MOV004647,SKU_0286,WH_02,Mumbai,West,Outbound,,CUST_039,2026-01-05,2026-01-05,386,1103.9,2332,1946,Completed
MOV002487,SKU_0231,WH_06,Pune,West,Outbound,,CUST_060,2026-04-10,2026-04-13,275,1646.05,4611,4336,Completed
MOV004615,SKU_0153,WH_02,Mumbai,West,Outbound,,CUST_046,2026-01-23,2026-01-23,237,1103.81,1551,1314,Pending
MOV003417,SKU_0022,WH_02,Mumbai,West,Return,,,2026-01-04,2026-01-05,22,1666.01,3760,3782,Pending
MOV000667,SKU_0123,WH_06,Pune,West,Inbound,SUP_09,,2026-05-30,2026-06-02,69,8276.88,4403,4472,Completed
MOV001291,SKU_0069,WH_02,Mumbai,West,Outbound,,CUST_042,2026-04-05,2026-04-05,164,273.26,203,39,Completed
MOV001423,SKU_0005,WH_05,Hyderabad,South,Outbound,,CUST_097,2026-02-17,2026-02-17,341,950.78,3939,3598,Completed
MOV002059,SKU_0034,WH_04,Kolkata,East,Transfer,,,2026-03-29,2026-03-30,5,1181.86,2152,,Completed
MOV001331,SKU_0046,WH_01,Bengaluru,South,Inbound,SUP_12,,2026-05-25,2026-05-25,114,1662.06,289,403,Completed
MOV001098,SKU_0285,WH_06,Pune,West,Outbound,,CUST_049,2026-01-24,2026-01-25,324,207.99,4381,4057,Discrepancy
MOV003421,SKU_0289,WH_04,Kolkata,East,Adjustment,,,2026-06-10,2026-06-13,72,1484.83,1361,,Completed
MOV001549,SKU_0083,WH_03,Delhi,North,Outbound,,CUST_012,2026-05-19,2026-05-20,206,1032.19,2683,2477,Completed
MOV001717,SKU_0224,WH_02,Mumbai,West,Inbound,SUP_12,,2026-02-21,2026-02-24,57,1521.2,4620,4677,Completed
MOV002893,SKU_0294,WH_03,Delhi,North,Outbound,,CUST_037,2026-02-25,2026-02-26,143,1992.59,3612,3469,Discrepancy
MOV003946,SKU_0169,WH_03,Delhi,North,Inbound,SUP_11,,2026-03-25,2026-03-28,126,251.78,1119,1245,Completed
MOV000822,SKU_0181,WH_01,Bengaluru,South,Adjustment,,,2026-06-13,2026-06-16,300,665.45,4136,4436,Discrepancy
MOV002366,SKU_0191,WH_04,Kolkata,East,Outbound,,CUST_031,2026-04-08,2026-04-09,172,541.06,1250,,Completed
MOV002640,SKU_0272,WH_04,Kolkata,East,Inbound,SUP_05,,2026-03-02,2026-03-05,184,1741.72,3371,,Completed
MOV001677,SKU_0150,WH_04,Kolkata,East,Inbound,SUP_05,,2026-03-15,2026-03-17,111,1598.13,4447,,Completed
MOV004270,SKU_0163,WH_05,Hyderabad,South,Outbound,,CUST_038,2026-06-01,2026-06-04,489,1708.02,2790,2301,Completed
MOV000969,SKU_0210,WH_02,Mumbai,West,Outbound,,CUST_006,2026-01-15,2026-01-15,53,1828.93,799,746,Completed
MOV002260,SKU_0104,WH_04,Kolkata,East,Outbound,,CUST_053,2026-02-27,2026-02-28,127,1890.06,626,,Completed
MOV001368,SKU_0234,WH_06,Pune,West,Inbound,SUP_05,,2026-05-08,2026-05-10,296,1736.7,681,977,Completed
MOV002356,SKU_0115,WH_06,Pune,West,Transfer,,,2026-02-19,2026-02-21,487,1330.82,955,468,Completed
MOV000283,SKU_0199,WH_04,Kolkata,East,Inbound,SUP_04,,2026-01-20,2026-01-20,53,1019.04,1766,,Completed
MOV004304,SKU_0059,WH_04,Kolkata,East,Outbound,,CUST_075,2026-01-29,2026-01-31,427,276.58,252,,Completed
MOV004587,SKU_0194,WH_01,Bengaluru,South,Outbound,,CUST_086,2026-01-15,2026-01-17,217,770.83,1485,1268,Completed
MOV002599,SKU_0278,WH_02,Mumbai,West,Return,,,2026-06-20,2026-06-21,279,1178.28,3344,3623,Completed
MOV003088,SKU_0006,WH_04,Kolkata,East,Return,,,2026-01-08,2026-01-09,134,1281.29,1730,,Cancelled
MOV003859,SKU_0241,WH_05,Hyderabad,South,Adjustment,,,2026-01-20,2026-01-21,68,259.12,2655,2587,Completed
MOV000121,SKU_0161,WH_03,Delhi,North,Outbound,,CUST_013,2026-04-18,2026-04-19,401,830.26,1281,880,Completed
MOV000119,SKU_0018,WH_01,Bengaluru,South,Outbound,,CUST_056,2026-06-27,2026-06-28,257,1962.72,2426,2169,Completed
MOV000974,SKU_0049,WH_05,Hyderabad,South,Inbound,SUP_08,,2026-02-17,2026-02-17,62,1301.68,1131,,Cancelled
MOV004998,SKU_0045,WH_01,Bengaluru,South,Return,,,2026-05-29,2026-05-30,398,302.36,2298,2696,Completed
MOV003456,SKU_0029,WH_03,Delhi,North,Outbound,,CUST_027,2026-03-16,2026-03-18,213,1154.22,4914,4701,Completed
MOV000694,SKU_0032,WH_03,Delhi,North,Inbound,SUP_10,,2026-06-28,2026-06-30,142,1227.36,1660,1802,Completed
MOV003256,SKU_0179,WH_04,Kolkata,East,Outbound,,CUST_061,2026-04-28,2026-04-30,281,119.48,2908,,Discrepancy
MOV000304,SKU_0176,WH_01,Bengaluru,South,Return,,,2026-04-29,2026-04-30,6,669.08,3374,3380,Pending
MOV002820,SKU_0255,WH_02,Mumbai,West,Outbound,,CUST_019,2026-01-23,2026-01-24,19,1439.72,4019,4000,Completed
MOV001568,SKU_0021,WH_03,Delhi,North,Return,,,2026-04-28,2026-05-01,304,697.02,1451,1755,Discrepancy
MOV001970,SKU_0069,WH_02,Mumbai,West,Adjustment,,,2026-05-25,2026-05-28,258,1659.3,1373,1631,Completed
MOV003017,SKU_0218,WH_05,Hyderabad,South,Outbound,,CUST_086,2026-01-22,2026-01-25,79,1571.58,3438,3359,Completed
MOV003264,SKU_0242,WH_02,Mumbai,West,Inbound,SUP_06,,2026-01-05,2026-01-06,323,725.54,203,526,Pending
MOV004787,SKU_0297,WH_01,Bengaluru,South,Outbound,,CUST_075,2026-04-14,2026-04-15,46,635.92,393,347,Completed
MOV004981,SKU_0266,WH_03,Delhi,North,Inbound,SUP_03,,2026-06-13,2026-06-13,422,848.38,274,696,Completed
MOV003016,SKU_0155,WH_04,Kolkata,East,Transfer,,,2026-02-10,2026-02-13,457,1571.9,2511,,Completed
MOV000073,SKU_0255,WH_02,Mumbai,West,Inbound,SUP_12,,2026-03-19,2026-03-20,311,510.48,2617,2928,Completed
MOV002970,SKU_0066,WH_04,Kolkata,East,Return,,,2026-01-20,2026-01-22,351,1104.98,410,,Completed
MOV001844,SKU_0158,WH_06,Pune,West,Outbound,,CUST_006,2026-04-01,2026-04-01,444,1671.88,432,-12,Completed
MOV001191,SKU_0186,WH_03,Delhi,North,Inbound,SUP_04,,2026-05-19,2026-05-21,121,1700.37,1823,1944,Completed
MOV002827,SKU_0159,WH_04,Kolkata,East,Inbound,SUP_06,,2026-04-17,2026-04-20,4,1010.42,2825,2829,Completed
MOV002032,SKU_0149,WH_01,Bengaluru,South,Return,,,2026-05-01,2026-05-02,437,1852.77,601,1038,Completed
MOV003345,SKU_0099,WH_05,Hyderabad,South,Transfer,,,2026-04-21,2026-04-24,173,1744.34,3001,2828,Discrepancy
MOV000460,SKU_0025,WH_01,Bengaluru,South,Outbound,,CUST_096,2026-02-18,2026-02-21,87,496.4,1716,1629,Completed
MOV000399,SKU_0036,WH_06,Pune,West,Transfer,,,2026-04-22,2026-04-22,75,818.03,770,695,Completed
MOV003642,SKU_0008,WH_03,Delhi,North,Outbound,,CUST_016,2026-02-27,2026-03-01,271,316.18,4018,3747,Discrepancy
MOV003962,SKU_0237,WH_03,Delhi,North,Adjustment,,,2026-05-18,2026-05-19,366,817.14,65,-301,Discrepancy
MOV002236,SKU_0132,WH_06,Pune,West,Outbound,,CUST_073,2026-06-20,2026-06-23,187,1175.8,3849,3662,Completed
MOV000182,SKU_0280,WH_03,Delhi,North,Return,,,2026-06-06,2026-06-07,333,803.97,4493,4826,Completed
MOV001417,SKU_0092,WH_03,Delhi,North,Adjustment,,,2026-04-30,2026-05-03,353,1586.49,4076,3723,Completed
MOV000790,SKU_0111,WH_02,Mumbai,West,Inbound,SUP_11,,2026-03-12,2026-03-13,169,947.75,512,681,Completed
MOV004760,SKU_0017,WH_01,Bengaluru,South,Return,,,2026-04-12,2026-04-14,14,375.11,3464,3478,Completed
MOV000354,SKU_0130,WH_03,Delhi,North,Return,,,2026-01-08,2026-01-10,196,234.7,3628,3824,Completed
MOV001550,SKU_0165,WH_01,Bengaluru,South,Outbound,,CUST_065,2026-01-22,2026-01-23,186,174.56,4572,4386,Completed
MOV004590,SKU_0021,WH_04,Kolkata,East,Transfer,,,2026-05-26,2026-05-26,97,1047.96,3941,,Completed
MOV004632,SKU_0156,WH_04,Kolkata,East,Outbound,,CUST_086,2026-02-17,2026-02-17,118,120.74,719,601,Discrepancy
MOV000454,SKU_0012,WH_01,Bengaluru,South,Adjustment,,,2026-04-20,2026-04-23,83,775.01,2993,2910,Completed
MOV000405,SKU_0163,WH_03,Delhi,North,Adjustment,,,2026-03-19,2026-03-21,317,738.12,3098,3415,Completed
MOV004191,SKU_0300,WH_02,Mumbai,West,Outbound,,CUST_017,2026-05-23,2026-05-23,212,320.39,4748,4536,Pending
MOV002615,SKU_0130,WH_06,Pune,West,Inbound,SUP_09,,2026-04-26,2026-04-29,96,4786.04,1862,1958,Completed
MOV003476,SKU_0259,WH_01,Bengaluru,South,Inbound,SUP_08,,2026-01-28,2026-01-30,292,1367.16,4019,4311,Completed
MOV002225,SKU_0295,WH_05,Hyderabad,South,Inbound,SUP_07,,2026-06-13,2026-06-13,431,1393.85,531,962,Completed
MOV003849,SKU_0285,WH_05,Hyderabad,South,Inbound,SUP_12,,2026-02-08,2026-02-09,238,728.29,2391,2629,Discrepancy
MOV000668,SKU_0163,WH_04,Kolkata,East,Inbound,SUP_07,,2026-03-07,2026-03-10,80,550.41,929,,Completed
MOV000457,SKU_0244,WH_01,Bengaluru,South,Inbound,SUP_11,,2026-01-13,2026-01-16,258,515.74,308,566,Completed
MOV004580,SKU_0027,WH_05,Hyderabad,South,Outbound,,CUST_009,2026-01-17,2026-01-17,375,1050.2,4569,4194,Pending
MOV004084,SKU_0130,WH_04,Kolkata,East,Return,,,2026-03-02,2026-03-04,428,353.73,1722,,Completed
MOV000968,SKU_0175,WH_04,Kolkata,East,Outbound,,CUST_055,2026-06-04,2026-06-05,46,1807.83,2600,,Pending
MOV003901,SKU_0130,WH_02,Mumbai,West,Outbound,,CUST_021,2026-05-25,2026-05-25,322,74.8,2488,2166,Pending
MOV002139,SKU_0278,WH_02,Mumbai,West,Inbound,SUP_09,,2026-03-18,2026-03-19,47,20496.63,4719,4766,Completed
MOV000847,SKU_0163,WH_02,Mumbai,West,Inbound,SUP_06,,2026-03-30,2026-03-31,435,677.1,4648,5083,Pending
MOV002860,SKU_0047,WH_01,Bengaluru,South,Outbound,,CUST_017,2026-04-13,2026-04-13,416,1323.32,4518,4102,Completed
MOV001008,SKU_0293,WH_06,Pune,West,Outbound,,CUST_037,2026-05-10,2026-05-12,154,1809.76,4221,4067,Completed
MOV002007,SKU_0040,WH_06,Pune,West,Inbound,SUP_06,,2026-03-16,2026-03-16,484,1749.93,2065,2549,Completed
MOV003911,SKU_0243,WH_05,Hyderabad,South,Inbound,SUP_06,,2026-05-12,2026-05-13,435,1758.17,1790,,Cancelled
MOV002861,SKU_0271,WH_01,Bengaluru,South,Outbound,,CUST_028,2026-01-19,2026-01-22,97,175.91,154,57,Completed
MOV001836,SKU_0086,WH_01,Bengaluru,South,Transfer,,,2026-06-06,2026-06-08,78,392.56,1595,1517,Completed
MOV000942,SKU_0125,WH_04,Kolkata,East,Transfer,,,2026-06-20,2026-06-23,142,1163.53,4322,,Cancelled
MOV001894,SKU_0160,WH_02,Mumbai,West,Outbound,,CUST_058,2026-05-28,2026-05-29,391,1449.55,2523,2132,Discrepancy
MOV004466,SKU_0266,WH_01,Bengaluru,South,Return,,,2026-03-23,2026-03-24,181,1517.19,464,645,Completed
MOV001136,SKU_0106,WH_06,Pune,West,Return,,,2026-01-12,2026-01-15,340,321.79,1837,2177,Completed
MOV003367,SKU_0087,WH_02,Mumbai,West,Outbound,,CUST_019,2026-03-04,2026-03-06,48,592.02,3807,3759,Completed
MOV001168,SKU_0107,WH_05,Hyderabad,South,Outbound,,CUST_020,,2026-03-14,163,255.17,1559,1396,Discrepancy
MOV004251,SKU_0131,WH_01,Bengaluru,South,Outbound,,CUST_090,2026-06-28,2026-07-01,366,1017.31,466,100,Completed
MOV001334,SKU_0140,WH_01,Bengaluru,South,Inbound,SUP_08,,2026-04-03,,256,1271.49,2764,3020,Completed
MOV003996,SKU_0231,WH_03,Delhi,North,Outbound,,CUST_052,2026-04-12,2026-04-15,330,432.97,3921,,Cancelled
MOV004778,SKU_0036,WH_02,Mumbai,West,Outbound,,CUST_072,2026-06-30,2026-06-30,374,1229.45,156,-218,Completed
MOV004898,SKU_0113,WH_06,Pune,West,Transfer,,,2026-02-16,2026-02-17,445,1983.55,2145,1700,Discrepancy
MOV002902,SKU_0262,WH_04,Kolkata,East,Inbound,SUP_07,,2026-04-16,2026-04-19,93,1881.8,3559,,Completed
MOV001097,SKU_0234,WH_01,Bengaluru,South,Inbound,SUP_02,,2026-02-06,2026-02-06,124,1689.57,2343,2467,Completed
MOV002775,SKU_0040,WH_03,Delhi,North,Outbound,,CUST_078,2026-06-25,2026-06-28,369,517.57,4956,,Cancelled
MOV002045,SKU_0236,WH_05,Hyderabad,South,Outbound,,CUST_015,2026-02-03,2026-02-06,100,509.15,2788,2688,Completed
MOV000794,SKU_0074,WH_06,Pune,West,Transfer,,,2026-04-21,2026-04-21,79,1653.5,2617,2538,Completed
MOV000015,SKU_0271,WH_03,Delhi,North,Inbound,SUP_09,,2026-01-07,2026-01-09,330,18695.21,2139,2469,Completed
MOV000168,SKU_0101,WH_05,Hyderabad,South,Inbound,SUP_02,,2026-06-05,2026-06-08,390,584.08,1687,2077,Completed
MOV001712,SKU_0210,WH_03,Delhi,North,Inbound,SUP_08,,2026-01-01,2026-01-04,47,1239.63,1635,,Cancelled
MOV002312,SKU_0124,WH_06,Pune,West,Inbound,SUP_06,,2026-02-11,2026-02-11,430,1406.24,4401,4831,Completed
MOV001467,SKU_0056,WH_01,Bengaluru,South,Inbound,SUP_07,,2026-03-26,2026-03-29,459,1059.7,3919,4378,Completed
MOV004612,SKU_0217,WH_01,Bengaluru,South,Inbound,SUP_12,,2026-05-27,2026-05-27,77,1171.85,1359,1436,Completed
MOV002628,SKU_0111,WH_05,Hyderabad,South,Inbound,SUP_02,,2026-05-17,2026-05-20,368,892.61,1844,2212,Discrepancy
MOV004947,SKU_0092,WH_06,Pune,West,Transfer,,,2026-05-27,2026-05-27,7,795.52,689,682,Completed
MOV000560,SKU_0153,WH_04,Kolkata,East,Adjustment,,,2026-04-15,2026-04-15,22,1477.33,1415,,Completed
MOV000564,SKU_0005,WH_04,Kolkata,East,Transfer,,,2026-04-21,2026-04-23,155,1023.34,4691,,Completed
MOV000035,SKU_0010,WH_06,Pune,West,Outbound,,CUST_025,2026-05-12,2026-05-15,126,1872.55,870,744,Completed
MOV000084,SKU_0046,WH_05,Hyderabad,South,Outbound,,CUST_048,2026-05-10,2026-05-11,75,728.49,1325,1250,Completed
MOV000134,SKU_0152,WH_04,Kolkata,East,Outbound,,CUST_054,2026-06-23,2026-06-23,93,1292.23,233,,Completed
MOV003300,SKU_0185,WH_05,Hyderabad,South,Inbound,SUP_06,,2026-02-08,2026-02-10,328,686.98,1290,1618,Completed
MOV004272,SKU_0154,WH_01,Bengaluru,South,Inbound,SUP_06,,2026-03-25,2026-03-26,132,851.11,2633,2765,Completed
MOV001898,SKU_0274,WH_05,Hyderabad,South,Adjustment,,,2026-04-20,2026-04-21,187,1582.03,4163,4350,Pending
MOV003820,SKU_0065,WH_01,Bengaluru,South,Return,,,2026-06-04,2026-06-06,149,557.1,3924,4073,Completed
MOV000443,SKU_0070,WH_06,Pune,West,Return,,,2026-01-31,2026-02-01,430,1025.29,2755,3185,Completed
MOV000396,SKU_0126,WH_04,Kolkata,East,Inbound,SUP_06,,2026-01-31,2026-02-02,352,1446.83,4335,,Completed
MOV002373,SKU_0001,WH_06,Pune,West,Outbound,,CUST_072,2026-05-01,2026-05-01,175,514.96,4296,4121,Completed
MOV004449,SKU_0246,WH_01,Bengaluru,South,Inbound,SUP_09,,2026-03-12,2026-03-15,434,2990.14,4766,5200,Completed
MOV004592,SKU_0046,WH_02,Mumbai,West,Adjustment,,,2026-01-27,2026-01-29,404,1585.11,485,889,Completed
MOV000079,SKU_0134,WH_06,Pune,West,Adjustment,,,2026-01-28,2026-01-30,112,123.04,2785,2673,Completed
MOV000937,SKU_0154,WH_03,Delhi,North,Outbound,,CUST_019,2026-01-03,2026-01-03,120,1454.88,925,805,Discrepancy
MOV002467,SKU_0251,WH_02,Mumbai,West,Return,,,2026-05-26,2026-05-29,302,1120.72,4454,4756,Completed
MOV000977,SKU_0238,WH_04,Kolkata,East,Return,,,2026-03-07,2026-03-09,277,1700.62,1941,,Completed
MOV000309,SKU_0130,WH_02,Mumbai,West,Inbound,SUP_10,,2026-04-28,2026-04-29,450,1010.61,411,861,Completed
MOV001028,SKU_0157,WH_04,Kolkata,East,Outbound,,CUST_076,2026-03-24,2026-03-24,178,354.96,1172,,Completed
MOV004051,SKU_0131,WH_04,Kolkata,East,Outbound,,CUST_097,2026-02-28,2026-03-03,82,1160.45,2050,,Completed
MOV004464,SKU_0180,WH_01,Bengaluru,South,Inbound,SUP_06,,2026-04-19,2026-04-21,351,1359.78,2527,2878,Discrepancy
MOV001579,SKU_0086,WH_05,Hyderabad,South,Inbound,SUP_11,,2026-04-15,2026-04-17,155,1931.27,1100,1255,Completed
MOV003375,SKU_0215,WH_05,Hyderabad,South,Return,,,2026-03-10,2026-03-11,330,304.68,1237,1567,Completed
MOV004566,SKU_0274,WH_01,Bengaluru,South,Adjustment,,,2026-05-19,2026-05-22,315,1906.66,4273,4588,Completed
MOV003797,SKU_0002,WH_06,Pune,West,Return,,,2026-01-04,2026-01-06,20,593.42,1980,2000,Completed
MOV004064,SKU_0059,WH_06,Pune,West,Transfer,,,2026-05-05,2026-05-06,318,532.12,4496,4178,Completed
MOV004520,SKU_0169,WH_03,Delhi,North,Outbound,,CUST_084,2026-01-23,2026-01-26,367,1064.39,1589,1222,Pending
MOV001678,SKU_0275,WH_01,Bengaluru,South,Inbound,SUP_08,,2026-01-29,2026-02-01,9,313.9,3929,-42,Completed
MOV000041,SKU_0200,WH_03,Delhi,North,Transfer,,,2026-05-07,2026-05-08,146,1462.1,1185,1039,Completed
MOV002802,SKU_0263,WH_04,Kolkata,East,Transfer,,,2026-03-05,2026-03-08,313,1030.17,3436,3123,Completed
MOV000546,SKU_0133,WH_01,Bengaluru,South,Return,,,2026-02-16,2026-02-19,325,1067.24,2685,3010,Discrepancy
MOV004289,SKU_0156,WH_03,Delhi,North,Outbound,,CUST_088,2026-04-28,2026-04-29,363,222.02,792,429,Discrepancy
MOV003704,SKU_0165,WH_05,Hyderabad,South,Inbound,SUP_01,,2026-04-09,2026-04-12,329,559.7,3139,3468,Completed
MOV001470,SKU_0052,WH_02,Mumbai,West,Inbound,SUP_04,,2026-02-13,2026-02-14,100,476.0,1990,2090,Pending
MOV000436,SKU_0193,WH_02,Mumbai,West,Inbound,SUP_04,,2026-06-20,2026-06-20,297,1391.62,2607,2904,Completed
MOV002743,SKU_0035,WH_01,Bengaluru,South,Outbound,,CUST_015,2026-02-23,2026-02-26,92,1985.47,2516,2424,Completed
MOV000094,SKU_0297,WH_06,Pune,West,Return,,,2026-01-27,2026-01-29,275,1278.06,3229,3504,Completed
MOV001564,SKU_0012,WH_01,Bengaluru,South,Outbound,,CUST_022,2026-06-22,2026-06-25,456,1545.8,749,293,Completed
MOV003500,SKU_0023,WH_01,Bengaluru,South,Outbound,,CUST_029,2026-03-19,2026-03-22,191,1882.1,68,-123,Completed
MOV001238,SKU_0255,WH_05,Hyderabad,South,Adjustment,,,2026-02-20,2026-02-23,206,63.78,4923,4717,Completed
MOV001175,SKU_0166,WH_05,Hyderabad,South,Transfer,,,2026-04-19,2026-04-22,75,906.47,2605,2530,Discrepancy
MOV004724,SKU_0026,WH_05,Hyderabad,South,Outbound,,CUST_026,2026-05-19,2026-05-19,80,1324.7,4437,4357,Completed
MOV004394,SKU_0083,WH_04,Kolkata,East,Transfer,,,2026-03-23,2026-03-24,213,665.77,2413,,Completed
MOV001296,SKU_0106,WH_01,Bengaluru,South,Outbound,,CUST_082,2026-05-31,2026-06-02,146,426.05,490,,Cancelled
MOV001780,SKU_0259,WH_04,Kolkata,East,Adjustment,,,2026-03-24,2026-03-26,130,1683.56,845,,Completed
MOV002965,SKU_0247,WH_03,Delhi,North,Outbound,,CUST_050,2026-04-13,2026-04-14,247,1271.13,4300,4053,Completed
MOV001486,SKU_0200,WH_06,Pune,West,Outbound,,CUST_041,2026-04-29,2026-05-01,99,886.43,887,788,Completed
MOV001659,SKU_0191,WH_06,Pune,West,Outbound,,CUST_027,2026-04-22,2026-04-22,317,1922.36,2557,2240,Completed
MOV002697,SKU_0101,WH_06,Pune,West,Transfer,,,2026-03-19,2026-03-19,229,1222.89,1089,860,Completed
MOV000903,SKU_0135,WH_06,Pune,West,Return,,,2026-03-14,2026-03-16,462,166.91,1151,,Cancelled
MOV003126,SKU_0155,WH_04,Kolkata,East,Inbound,SUP_04,,2026-01-21,2026-01-22,12,937.2,4496,,Completed
MOV000315,SKU_0181,WH_06,Pune,West,Inbound,SUP_09,,2026-05-12,2026-05-15,70,21539.02,3408,3478,Completed
MOV004574,SKU_0275,WH_02,Mumbai,West,Outbound,,CUST_076,2026-01-27,2026-01-28,312,1818.68,2875,2563,Completed
MOV001953,SKU_0141,WH_01,Bengaluru,South,Return,,,2026-06-30,2026-07-01,448,1954.19,4772,5220,Completed
MOV000508,SKU_0007,WH_03,Delhi,North,Outbound,,CUST_081,2026-02-10,2026-02-11,241,1644.79,2459,2218,Completed
MOV003294,SKU_0242,WH_01,Bengaluru,South,Inbound,SUP_03,,2026-05-16,2026-05-16,193,160.56,2492,2685,Completed
MOV002203,SKU_0136,WH_04,Kolkata,East,Transfer,,,2026-03-27,2026-03-30,127,598.36,839,,Pending
MOV002975,SKU_0240,WH_06,Pune,West,Inbound,SUP_11,,2026-02-12,2026-02-12,306,827.8,1930,2236,Completed
MOV003370,SKU_0192,WH_01,Bengaluru,South,Return,,,2026-06-07,2026-06-09,495,1384.32,2469,2964,Completed
MOV000632,SKU_0066,WH_01,Bengaluru,South,Outbound,,CUST_098,2026-04-16,2026-04-19,242,786.01,1120,878,Completed
MOV000446,SKU_0267,WH_06,Pune,West,Inbound,SUP_06,,2026-04-14,2026-04-15,469,317.34,3852,4321,Completed
MOV004915,SKU_0028,WH_06,Pune,West,Return,,,2026-05-11,2026-05-14,132,356.81,1375,1507,Completed
MOV001612,SKU_0174,WH_02,Mumbai,West,Inbound,SUP_08,,2026-06-15,2026-06-15,47,1728.46,1028,1075,Completed
MOV003051,SKU_0065,WH_05,Hyderabad,South,Transfer,,,2026-05-27,2026-05-29,431,484.26,1241,,Cancelled
MOV002465,SKU_0141,WH_02,Mumbai,West,Inbound,SUP_02,,2026-02-01,2026-02-01,425,105.64,4006,4431,Completed
MOV004076,SKU_0146,WH_05,Hyderabad,South,Outbound,,CUST_045,2026-04-02,2026-04-02,462,1888.41,1743,1281,Completed
MOV004966,SKU_0283,WH_02,Mumbai,West,Transfer,,,2026-05-31,2026-06-02,89,1471.54,84,-5,Completed
MOV004252,SKU_0184,WH_01,Bengaluru,South,Adjustment,,,2026-05-15,2026-05-16,463,300.98,3857,4320,Completed
MOV001151,SKU_0075,WH_01,Bengaluru,South,Inbound,SUP_10,,2026-02-18,2026-02-21,149,1405.07,2737,2886,Completed
MOV000689,SKU_0055,WH_01,Bengaluru,South,Inbound,SUP_03,,2026-03-24,2026-03-24,361,1902.85,3509,3870,Completed
MOV003570,SKU_0005,WH_02,Mumbai,West,Outbound,,CUST_008,2026-03-11,2026-03-11,131,106.39,2164,2033,Completed
MOV002304,SKU_0219,WH_03,Delhi,North,Outbound,,CUST_044,2026-01-16,2026-01-16,420,645.71,3137,2717,Completed
MOV003691,SKU_0109,WH_01,Bengaluru,South,Inbound,SUP_09,,2026-02-02,2026-02-05,227,12274.87,659,886,Completed
MOV002088,SKU_0297,WH_02,Mumbai,West,Adjustment,,,2026-03-22,2026-03-23,75,755.84,4058,4133,Completed
MOV000792,SKU_0048,WH_04,Kolkata,East,Return,,,2026-04-25,2026-04-25,73,302.06,150,,Completed
MOV002568,SKU_0074,WH_05,Hyderabad,South,Outbound,,CUST_033,2026-06-07,2026-06-09,462,632.27,3352,2890,Completed
MOV003888,SKU_0265,WH_03,Delhi,North,Transfer,,,2026-02-27,2026-03-02,15,1827.23,1372,1357,Completed
MOV003583,SKU_0131,WH_04,Kolkata,East,Outbound,,CUST_002,2026-05-06,2026-05-09,160,806.7,3951,,Completed
MOV002649,SKU_0113,WH_04,Kolkata,East,Inbound,SUP_09,,2026-01-21,2026-01-23,394,15521.84,2196,,Completed
MOV000429,SKU_0030,WH_04,Kolkata,East,Inbound,SUP_12,,2026-01-28,2026-01-29,283,1124.13,733,,Completed
MOV004198,SKU_0148,WH_02,Mumbai,West,Transfer,,,2026-05-29,2026-05-31,181,160.3,1552,1371,Completed
MOV001734,SKU_0072,WH_05,Hyderabad,South,Inbound,SUP_06,,2026-06-10,,448,1687.15,1809,2257,Completed
MOV001107,SKU_0010,WH_02,Mumbai,West,Transfer,,,2026-05-19,2026-05-19,452,305.93,3454,3002,Completed
MOV003082,SKU_0222,WH_04,Kolkata,East,Transfer,,,2026-05-12,2026-05-13,329,260.21,3143,,Completed
MOV002666,SKU_0088,WH_06,Pune,West,Outbound,,CUST_023,2026-01-27,2026-01-28,479,1175.65,26,-453,Pending
MOV004109,SKU_0029,WH_03,Delhi,North,Outbound,,CUST_073,2026-03-31,2026-04-01,497,921.9,2524,2027,Pending
MOV001092,SKU_0295,WH_02,Mumbai,West,Outbound,,CUST_034,2026-06-21,2026-06-22,350,251.18,2450,2100,Completed
MOV004654,SKU_0196,WH_05,Hyderabad,South,Outbound,,CUST_070,2026-06-25,2026-06-27,56,1053.13,1874,1818,Completed
MOV002618,SKU_0165,WH_03,Delhi,North,Inbound,SUP_05,,2026-01-18,2026-01-20,12,1679.66,4781,4793,Completed
MOV003167,SKU_0256,WH_05,Hyderabad,South,Return,,,2026-05-22,2026-05-25,421,298.1,1881,-98,Completed
MOV001147,SKU_0082,WH_06,Pune,West,Inbound,SUP_08,,2026-05-12,2026-05-13,9,1566.26,790,799,Completed
MOV000433,SKU_0018,WH_04,Kolkata,East,Outbound,,CUST_074,2026-01-04,2026-01-07,225,1768.68,4923,,Completed
MOV004754,SKU_0273,WH_01,Bengaluru,South,Outbound,,CUST_072,2026-04-09,2026-04-11,82,1908.4,2898,2816,Completed
MOV004747,SKU_0030,WH_06,Pune,West,Inbound,SUP_06,,2026-04-16,2026-04-19,131,1391.69,3258,3389,Completed
MOV004870,SKU_0278,WH_03,Delhi,North,Transfer,,,2026-06-11,2026-06-14,89,443.36,2479,2390,Discrepancy
MOV003799,SKU_0171,WH_06,Pune,West,Transfer,,,2026-01-14,2026-01-14,82,1433.22,2091,2009,Completed
MOV004065,SKU_0155,WH_05,Hyderabad,South,Transfer,,,2026-01-31,2026-02-03,51,987.57,4772,4721,Completed
MOV002885,SKU_0198,WH_03,Delhi,North,Outbound,,CUST_006,2026-01-16,2026-01-18,267,1183.66,992,725,Completed
MOV001479,SKU_0236,WH_06,Pune,West,Inbound,SUP_11,,,2026-03-19,396,465.49,398,794,Completed
MOV000586,SKU_0022,WH_03,Delhi,North,Outbound,,CUST_027,2026-03-27,2026-03-27,375,459.82,873,498,Completed
MOV000589,SKU_0166,WH_06,Pune,West,Inbound,SUP_08,,2026-04-25,2026-04-26,304,283.84,302,-14,Completed
MOV001517,SKU_0123,WH_05,Hyderabad,South,Adjustment,,,2026-01-20,2026-01-23,127,1694.57,590,463,Discrepancy
MOV004718,SKU_0243,WH_02,Mumbai,West,Inbound,SUP_02,,2026-04-28,2026-04-30,82,923.61,3596,3678,Completed
MOV001571,SKU_0289,WH_03,Delhi,North,Inbound,SUP_08,,2026-05-27,2026-05-27,379,872.54,989,1368,Completed
MOV000599,SKU_0134,WH_01,Bengaluru,South,Inbound,SUP_05,,2026-05-21,2026-05-24,168,1216.55,2385,2553,Pending
MOV000019,SKU_0044,WH_06,Pune,West,Inbound,SUP_07,,2026-02-21,2026-02-24,456,398.12,2723,3179,Completed
MOV003968,SKU_0126,WH_04,Kolkata,East,Inbound,SUP_07,,2026-01-06,2026-01-09,408,262.77,4808,,Completed
MOV000850,SKU_0050,WH_05,Hyderabad,South,Outbound,,CUST_054,2026-05-29,2026-06-01,213,1735.29,4617,4404,Completed
MOV004585,SKU_0012,WH_01,Bengaluru,South,Transfer,,,2026-04-03,2026-04-03,192,1159.13,2245,2053,Pending
MOV002639,SKU_0124,WH_06,Pune,West,Transfer,,,2026-04-25,2026-04-28,248,126.94,2995,2747,Completed
MOV001901,SKU_0198,WH_02,Mumbai,West,Outbound,,CUST_017,2026-02-20,2026-02-21,480,1002.38,305,-175,Completed
MOV003071,SKU_0228,WH_06,Pune,West,Transfer,,,2026-06-17,2026-06-19,399,470.83,4144,3745,Completed
MOV003474,SKU_0016,WH_06,Pune,West,Outbound,,CUST_024,2026-01-28,2026-01-31,498,127.72,1711,1213,Completed
MOV003752,SKU_0097,WH_03,Delhi,North,Outbound,,CUST_037,2026-06-02,2026-06-04,273,60.93,4693,4420,Completed
MOV004322,SKU_0172,WH_05,Hyderabad,South,Outbound,,CUST_002,2026-06-27,2026-06-30,451,1139.14,193,-258,Completed
MOV002829,SKU_0189,WH_06,Pune,West,Inbound,SUP_05,,2026-03-19,2026-03-20,284,86.45,4472,4756,Completed
MOV000201,SKU_0125,WH_01,Bengaluru,South,Inbound,SUP_06,,2026-04-08,2026-04-09,4,1944.52,2381,2385,Completed
MOV001222,SKU_0200,WH_01,Bengaluru,South,Return,,,2026-03-19,2026-03-20,255,526.69,2051,2306,Completed
MOV002553,SKU_0120,WH_01,Bengaluru,South,Transfer,,,2026-05-13,2026-05-16,218,1512.78,4092,3874,Completed
MOV001698,SKU_0237,WH_05,Hyderabad,South,Outbound,,CUST_090,2026-01-16,2026-01-17,487,469.07,4491,4004,Completed
MOV004917,SKU_0226,WH_03,Delhi,North,Outbound,,CUST_048,2026-06-14,2026-06-14,404,1688.89,2508,2104,Completed
MOV004743,SKU_0037,WH_04,Kolkata,East,Outbound,,CUST_025,2026-01-21,2026-01-22,100,220.8,4061,,Completed
MOV004675,SKU_0202,WH_06,Pune,West,Inbound,SUP_11,,2026-04-09,2026-04-09,471,1390.96,818,,Cancelled
MOV000943,SKU_0155,WH_04,Kolkata,East,Outbound,,CUST_017,2026-05-02,2026-05-04,414,495.14,326,,Completed
MOV003997,SKU_0284,WH_04,Kolkata,East,Inbound,SUP_05,,2026-06-25,2026-06-25,99,1855.95,3150,,Completed
MOV001129,SKU_0231,WH_02,Mumbai,West,Transfer,,,2026-05-21,2026-05-21,401,1353.94,3536,3135,Completed
MOV003054,SKU_0004,WH_02,Mumbai,West,Inbound,SUP_05,,2026-01-27,2026-01-27,334,840.24,1409,1743,Completed
MOV002058,SKU_0050,WH_05,Hyderabad,South,Outbound,,CUST_056,2026-01-13,2026-01-13,141,1602.03,3142,3001,Completed
MOV003012,SKU_0296,WH_04,Kolkata,East,Inbound,SUP_05,,2026-02-12,2026-02-13,79,1787.83,4364,,Completed
MOV003796,SKU_0185,WH_04,Kolkata,East,Inbound,SUP_12,,2026-01-26,2026-01-29,53,1496.29,715,,Completed
MOV000155,SKU_0018,WH_02,Mumbai,West,Adjustment,,,2026-05-25,2026-05-28,301,1156.01,2143,2444,Completed
MOV003306,SKU_0147,WH_03,Delhi,North,Outbound,,CUST_078,2026-05-03,2026-05-04,402,345.38,779,377,Completed
MOV002231,SKU_0037,WH_02,Mumbai,West,Adjustment,,,2026-05-03,2026-05-06,388,974.22,267,-121,Pending
MOV001940,SKU_0234,WH_06,Pune,West,Transfer,,,2026-06-16,2026-06-18,396,1939.87,1373,977,Completed
MOV004009,SKU_0220,WH_01,Bengaluru,South,Inbound,SUP_06,,2026-06-20,2026-06-21,65,1764.68,1501,1566,Completed
MOV004709,SKU_0144,WH_03,Delhi,North,Outbound,,CUST_070,2026-02-12,2026-02-15,88,1925.53,4315,4227,Completed
MOV004686,SKU_0017,WH_03,Delhi,North,Outbound,,CUST_053,2026-02-15,2026-02-16,10,1449.98,4312,4302,Completed
MOV003237,SKU_0042,WH_05,Hyderabad,South,Inbound,SUP_08,,2026-02-23,2026-02-25,387,277.94,4902,5289,Completed
MOV003092,SKU_0105,WH_06,Pune,West,Transfer,,,2026-02-13,2026-02-16,176,1736.92,4911,4735,Completed
MOV003686,SKU_0279,WH_06,Pune,West,Inbound,SUP_03,,2026-06-26,2026-06-28,40,671.12,2269,,Cancelled
MOV004578,SKU_0088,WH_06,Pune,West,Inbound,SUP_02,,2026-01-31,2026-02-02,156,1523.55,1159,1315,Pending
MOV001808,SKU_0226,WH_04,Kolkata,East,Transfer,,,2026-03-25,,385,1051.72,3560,,Completed
MOV001702,SKU_0245,WH_04,Kolkata,East,Inbound,SUP_06,,2026-05-18,2026-05-18,233,313.53,3959,4192,Completed
MOV003579,SKU_0234,WH_03,Delhi,North,Inbound,SUP_01,,2026-05-09,2026-05-11,180,55.16,1327,1507,Completed
MOV003938,SKU_0103,WH_01,Bengaluru,South,Outbound,,CUST_064,2026-06-30,2026-07-03,303,695.9,1777,1474,Completed
MOV004748,SKU_0106,WH_05,Hyderabad,South,Transfer,,,2026-01-26,2026-01-29,102,211.01,1572,1470,Completed
MOV003170,SKU_0063,WH_04,Kolkata,East,Outbound,,CUST_095,2026-01-10,2026-01-13,319,1446.9,2481,,Completed
MOV003663,SKU_0086,WH_02,Mumbai,West,Return,,,2026-06-12,2026-06-15,290,1823.54,560,850,Completed
MOV000985,SKU_0001,WH_06,Pune,West,Outbound,,CUST_070,2026-05-07,2026-05-09,390,832.3,1031,641,Completed
MOV001176,SKU_0094,WH_02,Mumbai,West,Outbound,,CUST_071,2026-01-21,2026-01-22,204,216.89,1513,1309,Completed
MOV004060,SKU_0139,WH_06,Pune,West,Outbound,,CUST_051,2026-01-31,2026-01-31,166,1695.85,125,-41,Completed
MOV001366,SKU_0029,WH_06,Pune,West,Inbound,SUP_06,,2026-01-31,2026-02-01,42,264.87,4116,4158,Discrepancy
MOV001822,SKU_0149,WH_04,Kolkata,East,Outbound,,CUST_045,2026-04-17,2026-04-20,431,1313.41,3263,,Completed
MOV001942,SKU_0193,WH_01,Bengaluru,South,Transfer,,,2026-01-09,2026-01-11,322,188.57,3717,3395,Completed
MOV000158,SKU_0230,WH_02,Mumbai,West,Outbound,,CUST_031,2026-02-26,2026-02-27,20,1886.34,2883,2863,Completed
MOV002199,SKU_0274,WH_04,Kolkata,East,Inbound,SUP_07,,2026-05-26,2026-05-28,365,524.7,1034,,Completed
MOV002099,SKU_0027,WH_06,Pune,West,Outbound,,CUST_094,2026-01-07,2026-01-09,301,1983.53,3796,3495,Completed
MOV002129,SKU_0292,WH_04,Kolkata,East,Inbound,SUP_10,,2026-03-13,2026-03-16,383,402.15,2271,,Completed
MOV003647,SKU_0099,WH_03,Delhi,North,Outbound,,CUST_052,2026-02-25,2026-02-26,463,831.18,1952,1489,Completed
MOV004983,SKU_0094,WH_05,Hyderabad,South,Transfer,,,2026-04-24,2026-04-24,186,867.99,2905,2719,Completed
MOV000699,SKU_0276,WH_01,Bengaluru,South,Inbound,SUP_08,,2026-03-25,2026-03-25,297,1902.49,2938,3235,Discrepancy
MOV003616,SKU_0081,WH_06,Pune,West,Outbound,,CUST_079,2026-04-13,2026-04-13,65,718.2,374,309,Completed
MOV003826,SKU_0278,WH_02,Mumbai,West,Inbound,SUP_03,,2026-02-22,2026-02-25,266,1553.23,441,-44,Completed
MOV004134,SKU_0200,WH_02,Mumbai,West,Outbound,,CUST_026,2026-03-01,2026-03-04,338,948.05,2222,1884,Pending
MOV003861,SKU_0234,WH_04,Kolkata,East,Inbound,SUP_09,,2026-04-25,2026-04-26,79,7343.34,3163,,Pending
MOV002082,SKU_0066,WH_02,Mumbai,West,Outbound,,CUST_037,2026-03-21,2026-03-21,476,1737.81,3359,2883,Completed
MOV004359,SKU_0124,WH_05,Hyderabad,South,Transfer,,,2026-05-28,2026-05-31,495,1673.99,1325,830,Completed
MOV003848,SKU_0179,WH_04,Kolkata,East,Transfer,,,2026-06-04,2026-06-05,166,304.98,1898,,Pending
MOV001522,SKU_0012,WH_05,Hyderabad,South,Return,,,2026-03-22,2026-03-24,229,1864.62,2162,2391,Completed
MOV002092,SKU_0177,WH_02,Mumbai,West,Inbound,SUP_02,,2026-03-30,2026-04-01,418,1434.47,2450,2868,Completed
MOV004331,SKU_0147,WH_01,Bengaluru,South,Inbound,SUP_02,,2026-04-13,2026-04-16,268,683.19,2254,2522,Completed
MOV001260,SKU_0133,WH_05,Hyderabad,South,Transfer,,,2026-02-20,2026-02-21,137,1469.64,2379,2242,Completed
MOV004132,SKU_0059,WH_04,Kolkata,East,Transfer,,,2026-05-04,2026-05-06,377,427.12,4679,,Completed
MOV001909,SKU_0124,WH_03,Delhi,North,Inbound,SUP_02,,2026-04-06,2026-04-06,482,1449.86,24,506,Completed
MOV004149,SKU_0010,WH_03,Delhi,North,Return,,,2026-05-16,2026-05-16,256,1429.71,847,1103,Completed
MOV001058,SKU_0159,WH_05,Hyderabad,South,Adjustment,,,2026-01-05,2026-01-06,112,1351.42,381,269,Completed
MOV000757,SKU_0081,WH_02,Mumbai,West,Inbound,SUP_02,,2026-01-11,2026-01-11,109,417.28,1426,1535,Completed
MOV003124,SKU_0052,WH_03,Delhi,North,Outbound,,CUST_032,2026-06-23,2026-06-23,149,421.54,2706,2557,Completed
MOV001832,SKU_0056,WH_02,Mumbai,West,Return,,,2026-05-13,2026-05-15,348,734.39,2342,2690,Completed
MOV003397,SKU_0111,WH_03,Delhi,North,Inbound,SUP_06,,2026-03-02,2026-03-03,118,1558.23,66,184,Completed
MOV002806,SKU_0031,WH_06,Pune,West,Transfer,,,2026-04-07,2026-04-10,59,1436.1,571,512,Completed
MOV001841,SKU_0266,WH_04,Kolkata,East,Outbound,,CUST_064,2026-03-01,2026-03-02,10,1101.87,36,,Completed
MOV004974,SKU_0158,WH_03,Delhi,North,Return,,,2026-02-11,2026-02-12,58,1887.16,190,248,Completed
MOV003855,SKU_0252,WH_02,Mumbai,West,Outbound,,CUST_006,,2026-03-21,251,1083.81,1363,1112,Completed
MOV002564,SKU_0043,WH_02,Mumbai,West,Adjustment,,,2026-03-12,2026-03-14,218,1823.88,2678,2896,Completed
MOV000096,SKU_0300,WH_06,Pune,West,Return,,,2026-01-01,2026-01-01,114,341.26,3540,3654,Completed
MOV003245,SKU_0283,WH_04,Kolkata,East,Adjustment,,,2026-03-07,2026-03-08,1,807.03,618,,Completed
MOV002855,SKU_0192,WH_01,Bengaluru,South,Outbound,,CUST_013,2026-03-26,2026-03-28,61,467.49,2053,1992,Completed
MOV004299,SKU_0218,WH_06,Pune,West,Inbound,SUP_05,,2026-02-04,2026-02-07,230,1353.75,2779,3009,Completed
MOV003924,SKU_0042,WH_06,Pune,West,Inbound,SUP_09,,2026-03-08,2026-03-10,222,12937.32,865,1087,Completed
MOV000101,SKU_0213,WH_05,Hyderabad,South,Inbound,SUP_05,,2026-01-17,2026-01-19,321,144.56,3915,-112,Completed
MOV004493,SKU_0149,WH_05,Hyderabad,South,Inbound,SUP_01,,2026-02-18,2026-02-20,213,183.8,1647,1860,Completed
MOV004112,SKU_0143,WH_03,Delhi,North,Outbound,,CUST_077,2026-01-20,2026-01-22,317,408.01,1806,1489,Completed
MOV000423,SKU_0036,WH_04,Kolkata,East,Inbound,SUP_12,,2026-04-19,2026-04-21,181,1424.68,3210,,Completed
MOV004222,SKU_0111,WH_04,Kolkata,East,Outbound,,CUST_095,2026-04-05,2026-04-05,119,252.07,4011,,Completed
MOV000598,SKU_0066,WH_03,Delhi,North,Adjustment,,,2026-04-28,2026-04-29,71,395.31,2754,2825,Completed
MOV004932,SKU_0286,WH_06,Pune,West,Inbound,SUP_04,,2026-06-03,2026-06-06,142,309.19,1655,1797,Completed
MOV003858,SKU_0040,WH_02,Mumbai,West,Outbound,,CUST_046,2026-05-01,2026-05-04,496,1699.8,3530,3034,Pending
MOV002295,SKU_0128,WH_02,Mumbai,West,Outbound,,CUST_057,2026-01-30,2026-02-01,194,1757.81,431,237,Completed
MOV001347,SKU_0210,WH_01,Bengaluru,South,Inbound,SUP_07,,2026-01-29,2026-01-29,351,1348.59,2725,3076,Completed
MOV001658,SKU_0245,WH_05,Hyderabad,South,Adjustment,,,2026-01-20,2026-01-22,31,1106.23,4224,,Cancelled
MOV002655,SKU_0020,WH_06,Pune,West,Inbound,SUP_08,,2026-04-11,2026-04-13,43,1823.54,1117,1160,Completed
MOV003328,SKU_0140,WH_02,Mumbai,West,Inbound,SUP_09,,2026-04-09,2026-04-12,317,9091.73,3583,3900,Completed
MOV002289,SKU_0044,WH_02,Mumbai,West,Inbound,SUP_02,,2026-06-28,2026-06-28,293,541.88,2169,2462,Completed
MOV003305,SKU_0036,WH_05,Hyderabad,South,Inbound,SUP_01,,2026-01-28,2026-01-29,269,874.62,986,1255,Completed
MOV000184,SKU_0166,WH_05,Hyderabad,South,Outbound,,CUST_035,2026-03-14,2026-03-15,152,160.97,178,26,Completed
MOV001394,SKU_0238,WH_05,Hyderabad,South,Inbound,SUP_01,,2026-05-05,2026-05-07,398,1581.5,1591,1989,Discrepancy
MOV001889,SKU_0111,WH_06,Pune,West,Return,,,2026-03-04,2026-03-07,15,1985.66,3668,3683,Completed
MOV001150,SKU_0232,WH_06,Pune,West,Inbound,SUP_10,,2026-01-03,2026-01-04,331,552.11,3230,3561,Discrepancy
MOV001323,SKU_0189,WH_02,Mumbai,West,Outbound,,CUST_082,2026-06-13,2026-06-15,184,757.32,2542,2358,Completed
MOV003708,SKU_0001,WH_04,Kolkata,East,Return,,,2026-01-22,2026-01-24,294,319.86,4887,5181,Discrepancy
MOV000745,SKU_0185,WH_01,Bengaluru,South,Adjustment,,,2026-05-18,2026-05-20,148,642.21,544,396,Completed
MOV001643,SKU_0113,WH_04,Kolkata,East,Outbound,,CUST_094,2026-01-08,2026-01-08,479,1758.52,2413,,Completed
MOV000962,SKU_0010,WH_06,Pune,West,Outbound,,CUST_036,2026-02-05,2026-02-07,151,929.51,3686,3535,Completed
MOV003268,SKU_0285,WH_03,Delhi,North,Adjustment,,,2026-04-22,2026-04-24,327,1265.39,180,-147,Completed
MOV000129,SKU_0186,WH_02,Mumbai,West,Adjustment,,,2026-04-09,2026-04-09,44,1664.4,2659,2615,Completed
MOV003422,SKU_0103,WH_05,Hyderabad,South,Inbound,SUP_11,,2026-05-16,2026-05-18,402,940.85,1015,1417,Completed
MOV003785,SKU_0105,WH_04,Kolkata,East,Inbound,SUP_10,,2026-02-03,2026-02-03,120,1016.08,2664,,Completed
MOV002533,SKU_0264,WH_01,Bengaluru,South,Inbound,SUP_08,,2026-02-28,2026-03-03,166,1956.42,266,432,Completed
MOV003828,SKU_0269,WH_06,Pune,West,Outbound,,CUST_100,2026-01-26,2026-01-28,143,111.76,1193,1050,Completed
MOV000420,SKU_0213,WH_02,Mumbai,West,Outbound,,CUST_022,2026-06-13,2026-06-14,279,705.29,2008,1729,Discrepancy
MOV003737,SKU_0011,WH_02,Mumbai,West,Inbound,SUP_10,,2026-06-07,2026-06-08,354,1807.09,2363,2717,Completed
MOV003313,SKU_0290,WH_02,Mumbai,West,Transfer,,,2026-02-03,2026-02-06,54,1152.94,1636,1582,Completed
MOV003775,SKU_0192,WH_06,Pune,West,Inbound,SUP_06,,2026-03-29,2026-04-01,395,1791.47,3825,4220,Completed
MOV002664,SKU_0220,WH_05,Hyderabad,South,Outbound,,CUST_045,2026-03-19,2026-03-19,151,1569.29,2637,2486,Completed
MOV001282,SKU_0063,WH_05,Hyderabad,South,Outbound,,CUST_030,2026-03-29,2026-03-31,309,215.33,3360,3051,Completed
MOV003499,SKU_0011,WH_05,Hyderabad,South,Transfer,,,2026-06-24,2026-06-26,65,1103.57,31,-34,Completed
MOV001003,SKU_0061,WH_06,Pune,West,Transfer,,,2026-01-19,2026-01-21,430,1206.1,4353,3923,Discrepancy
MOV001414,SKU_0153,WH_03,Delhi,North,Adjustment,,,2026-06-06,2026-06-08,474,1568.35,4157,,Cancelled
MOV004451,SKU_0245,WH_03,Delhi,North,Transfer,,,2026-01-13,2026-01-15,480,260.19,832,352,Completed
MOV001290,SKU_0091,WH_06,Pune,West,Outbound,,CUST_057,2026-06-13,2026-06-13,26,646.61,4683,4657,Pending
MOV001094,SKU_0068,WH_06,Pune,West,Outbound,,CUST_048,2026-06-30,2026-07-03,271,1518.28,605,334,Completed
MOV003907,SKU_0017,WH_04,Kolkata,East,Inbound,SUP_10,,2026-06-13,2026-06-14,3,1521.4,4161,,Completed
MOV003595,SKU_0070,WH_04,Kolkata,East,Adjustment,,,2026-02-23,2026-02-24,364,482.16,4069,3705,Completed
MOV000525,SKU_0095,WH_05,Hyderabad,South,Transfer,,,2026-02-13,2026-02-13,80,1789.68,4342,4262,Completed
MOV003747,SKU_0283,WH_05,Hyderabad,South,Return,,,2026-02-17,2026-02-17,352,372.56,1684,2036,Discrepancy
MOV003205,SKU_0176,WH_06,Pune,West,Return,,,2026-04-18,2026-04-19,265,1046.86,2502,2767,Completed
MOV003437,SKU_0219,WH_01,Bengaluru,South,Outbound,,CUST_007,2026-01-01,2026-01-02,155,798.87,2979,2824,Completed
MOV004258,SKU_0168,WH_04,Kolkata,East,Outbound,,CUST_063,2026-03-20,2026-03-23,197,1485.11,4341,,Completed
MOV000485,SKU_0206,WH_01,Bengaluru,South,Inbound,SUP_11,,2026-02-20,2026-02-23,185,841.5,1906,2091,Completed
MOV004340,SKU_0157,WH_04,Kolkata,East,Adjustment,,,2026-05-13,2026-05-15,334,1743.3,4195,4529,Completed
MOV004786,SKU_0114,WH_03,Delhi,North,Outbound,,CUST_097,2026-06-15,2026-06-15,226,1193.52,3592,3366,Completed
MOV003733,SKU_0206,WH_01,Bengaluru,South,Outbound,,CUST_091,2026-04-11,2026-04-12,285,279.63,4416,4131,Discrepancy
MOV001240,SKU_0258,WH_05,Hyderabad,South,Adjustment,,,2026-03-19,2026-03-21,163,1748.17,4937,5100,Completed
MOV003678,SKU_0044,WH_01,Bengaluru,South,Adjustment,,,2026-06-05,2026-06-05,255,648.83,1270,1525,Completed
MOV003415,SKU_0244,WH_03,Delhi,North,Transfer,,,2026-03-22,2026-03-25,112,1225.95,3603,3491,Completed
MOV000629,SKU_0014,WH_05,Hyderabad,South,Return,,,2026-03-23,2026-03-23,31,891.42,1942,1973,Completed
MOV004165,SKU_0039,WH_06,Pune,West,Transfer,,,2026-01-13,2026-01-13,418,1606.46,2206,,Cancelled
MOV001797,SKU_0207,WH_01,Bengaluru,South,Outbound,,CUST_021,2026-03-21,2026-03-21,41,765.35,1771,1730,Completed
MOV004769,SKU_0102,WH_02,Mumbai,West,Inbound,SUP_09,,2026-01-09,2026-01-11,178,6237.75,869,1047,Completed
MOV004824,SKU_0225,WH_06,Pune,West,Adjustment,,,2026-05-04,2026-05-06,422,377.73,4594,5016,Completed
MOV001934,SKU_0209,WH_06,Pune,West,Outbound,,CUST_052,2026-05-26,2026-05-28,414,468.2,2007,1593,Pending
MOV001073,SKU_0055,WH_05,Hyderabad,South,Outbound,,CUST_070,2026-02-26,2026-03-01,459,1914.89,2450,1991,Completed
MOV000305,SKU_0262,WH_06,Pune,West,Inbound,SUP_06,,,2026-02-06,102,1853.55,2712,2814,Completed
MOV002507,SKU_0256,WH_01,Bengaluru,South,Adjustment,,,2026-06-24,2026-06-24,359,510.95,1853,2212,Completed
MOV004774,SKU_0124,WH_02,Mumbai,West,Inbound,SUP_12,,2026-05-23,2026-05-23,248,1935.43,4789,5037,Completed
MOV000516,SKU_0047,WH_05,Hyderabad,South,Inbound,SUP_09,,2026-01-19,2026-01-20,149,15963.02,2063,2212,Completed
MOV004908,SKU_0246,WH_02,Mumbai,West,Inbound,SUP_01,,2026-02-06,2026-02-06,477,1195.09,464,941,Pending
MOV004181,SKU_0071,WH_03,Delhi,North,Return,,,2026-03-20,2026-03-21,123,1755.46,4917,5040,Discrepancy
MOV004796,SKU_0077,WH_01,Bengaluru,South,Outbound,,CUST_005,2026-03-06,,268,1608.86,4096,3828,Pending
MOV000841,SKU_0082,WH_04,Kolkata,East,Inbound,SUP_07,,2026-01-20,2026-01-23,259,1095.35,4977,,Cancelled
MOV001879,SKU_0237,WH_06,Pune,West,Outbound,,CUST_014,2026-02-02,2026-02-02,412,803.92,4237,3825,Completed
MOV003022,SKU_0113,WH_01,Bengaluru,South,Outbound,,CUST_049,2026-04-17,2026-04-19,299,1841.22,3008,2709,Completed
MOV003780,SKU_0005,WH_01,Bengaluru,South,Inbound,SUP_04,,2026-05-25,2026-05-25,75,1121.24,2711,2786,Completed
MOV000338,SKU_0136,WH_05,Hyderabad,South,Outbound,,CUST_021,2026-05-25,2026-05-27,182,646.21,362,180,Completed
MOV003967,SKU_0267,WH_04,Kolkata,East,Outbound,,CUST_057,2026-01-20,2026-01-22,487,1433.56,917,,Discrepancy
MOV003936,SKU_0136,WH_02,Mumbai,West,Inbound,SUP_05,,2026-06-22,2026-06-25,286,495.98,1011,1297,Completed
MOV002887,SKU_0248,WH_02,Mumbai,West,Return,,,2026-04-25,2026-04-27,385,53.92,2435,2820,Discrepancy
MOV001706,SKU_0047,WH_05,Hyderabad,South,Inbound,SUP_06,,2026-01-17,2026-01-18,461,1323.55,1824,2285,Discrepancy
MOV003086,SKU_0109,WH_03,Delhi,North,Transfer,,,2026-06-20,2026-06-22,493,1120.24,3946,3453,Completed
MOV004809,SKU_0203,WH_01,Bengaluru,South,Return,,,2026-06-07,2026-06-10,39,199.19,1335,1374,Pending
MOV002345,SKU_0053,WH_04,Kolkata,East,Transfer,,,2026-03-17,2026-03-18,450,1933.21,4800,4350,Completed
MOV002921,SKU_0268,WH_04,Kolkata,East,Transfer,,,2026-03-17,2026-03-20,92,609.68,4247,,Cancelled
MOV002253,SKU_0085,WH_04,Kolkata,East,Return,,,2026-01-17,2026-01-19,260,1619.59,2990,3250,Completed
MOV001543,SKU_0023,WH_02,Mumbai,West,Adjustment,,,2026-05-13,2026-05-16,189,1135.44,4401,4212,Completed
MOV004079,SKU_0078,WH_02,Mumbai,West,Transfer,,,2026-03-26,2026-03-27,402,1815.27,1055,653,Completed
MOV001072,SKU_0007,WH_03,Delhi,North,Outbound,,CUST_020,2026-06-03,2026-06-04,466,1508.72,4464,3998,Discrepancy
MOV003411,SKU_0178,WH_02,Mumbai,West,Outbound,,CUST_007,2026-05-14,2026-05-14,60,1927.95,3754,3694,Completed
MOV001872,SKU_0217,WH_01,Bengaluru,South,Outbound,,CUST_079,2026-05-21,2026-05-22,113,122.17,2534,2421,Completed
MOV001757,SKU_0192,WH_03,Delhi,North,Inbound,SUP_01,,2026-06-16,2026-06-18,307,57.94,642,949,Completed
MOV000298,SKU_0263,WH_05,Hyderabad,South,Inbound,SUP_11,,2026-06-28,2026-06-29,213,1177.08,2890,3103,Completed
MOV000911,SKU_0092,WH_02,Mumbai,West,Transfer,,,2026-03-30,2026-04-01,331,822.61,3240,2909,Discrepancy
MOV000595,SKU_0137,WH_03,Delhi,North,Adjustment,,,2026-06-25,2026-06-27,229,1575.49,1278,1507,Completed
MOV000387,SKU_0024,WH_02,Mumbai,West,Return,,,2026-06-02,2026-06-05,372,1143.28,238,-45,Completed
MOV001713,SKU_0100,WH_01,Bengaluru,South,Adjustment,,,2026-01-14,2026-01-15,79,960.14,3887,3808,Completed
MOV002349,SKU_0179,WH_05,Hyderabad,South,Inbound,SUP_05,,2026-01-18,2026-01-19,472,994.1,4570,,Cancelled
MOV001642,SKU_0227,WH_06,Pune,West,Inbound,SUP_11,,2026-04-26,2026-04-26,66,354.7,2511,2577,Completed
MOV002552,SKU_0240,WH_02,Mumbai,West,Transfer,,,2026-02-17,2026-02-19,108,70.91,3877,3769,Completed
MOV001629,SKU_0088,WH_02,Mumbai,West,Adjustment,,,2026-02-14,2026-02-16,445,240.25,4802,5247,Completed
MOV003217,SKU_0050,WH_06,Pune,West,Outbound,,CUST_068,2026-02-11,2026-02-11,344,1525.19,3032,2688,Discrepancy
MOV002731,SKU_0174,WH_03,Delhi,North,Outbound,,CUST_077,2026-04-18,2026-04-20,447,886.18,294,-153,Completed
MOV002274,SKU_0271,WH_01,Bengaluru,South,Transfer,,,2026-01-22,2026-01-24,263,183.41,1493,1230,Completed
MOV001079,SKU_0242,WH_04,Kolkata,East,Outbound,,CUST_021,2026-01-03,2026-01-06,265,197.34,3425,,Completed
MOV001320,SKU_0024,WH_05,Hyderabad,South,Outbound,,CUST_075,2026-05-13,2026-05-16,165,1340.61,4567,4402,Completed
MOV001524,SKU_0200,WH_02,Mumbai,West,Outbound,,CUST_016,2026-02-25,2026-02-25,326,908.26,397,71,Pending
MOV002758,SKU_0273,WH_05,Hyderabad,South,Outbound,,CUST_005,2026-06-30,2026-07-02,278,1241.46,397,119,Pending
MOV000336,SKU_0100,WH_01,Bengaluru,South,Transfer,,,2026-05-13,2026-05-13,225,1565.99,1611,1386,Completed
MOV003831,SKU_0121,WH_02,Mumbai,West,Inbound,SUP_05,,2026-03-29,2026-03-29,303,329.43,850,,Cancelled
MOV001976,SKU_0222,WH_05,Hyderabad,South,Inbound,SUP_03,,2026-02-21,2026-02-23,470,98.83,1245,1715,Completed
MOV001637,SKU_0154,WH_05,Hyderabad,South,Outbound,,CUST_074,2026-03-14,2026-03-15,381,1808.28,4944,4563,Completed
MOV002329,SKU_0208,WH_03,Delhi,North,Outbound,,CUST_063,2026-05-03,2026-05-06,412,1697.91,3087,2675,Completed
MOV000746,SKU_0289,WH_06,Pune,West,Transfer,,,2026-02-01,2026-02-03,473,227.2,1001,528,Completed
MOV004807,SKU_0161,WH_01,Bengaluru,South,Outbound,,CUST_032,2026-02-01,2026-02-01,421,1358.9,4637,4216,Pending
MOV001534,SKU_0219,WH_01,Bengaluru,South,Inbound,SUP_12,,2026-05-07,2026-05-08,439,1174.56,3734,4173,Completed
MOV001490,SKU_0283,WH_04,Kolkata,East,Outbound,,CUST_006,2026-05-06,2026-05-08,261,63.65,1748,,Completed
MOV003341,SKU_0055,WH_06,Pune,West,Transfer,,,2026-05-05,2026-05-07,339,1505.0,1949,1610,Discrepancy
MOV001325,SKU_0080,WH_02,Mumbai,West,Inbound,SUP_03,,2026-06-28,2026-06-30,280,1647.3,2133,2413,Pending
MOV002911,SKU_0278,WH_02,Mumbai,West,Outbound,,CUST_076,2026-05-08,2026-05-09,113,1776.18,4247,4134,Discrepancy
MOV002429,SKU_0055,WH_05,Hyderabad,South,Outbound,,CUST_052,2026-03-26,2026-03-27,340,952.38,4807,4467,Completed
MOV001232,SKU_0249,WH_03,Delhi,North,Transfer,,,2026-04-21,2026-04-23,145,938.62,216,71,Completed
MOV002031,SKU_0069,WH_05,Hyderabad,South,Transfer,,,2026-03-25,2026-03-25,487,1016.9,4623,4136,Completed
MOV000920,SKU_0252,WH_04,Kolkata,East,Adjustment,,,2026-01-11,2026-01-14,189,211.1,1816,,Completed
MOV003625,SKU_0199,WH_04,Kolkata,East,Inbound,SUP_04,,2026-03-31,2026-04-02,304,1630.5,3824,,Completed
MOV000592,SKU_0067,WH_01,Bengaluru,South,Transfer,,,2026-01-03,2026-01-06,210,536.68,997,787,Completed
MOV001988,SKU_0188,WH_04,Kolkata,East,Adjustment,,,2026-02-04,2026-02-05,460,1737.57,1774,1314,Completed
MOV001685,SKU_0255,WH_02,Mumbai,West,Inbound,SUP_11,,2026-02-05,2026-02-05,100,596.98,215,315,Completed
MOV002871,SKU_0267,WH_06,Pune,West,Return,,,2026-02-04,2026-02-06,305,806.43,4875,5180,Completed
MOV000907,SKU_0195,WH_04,Kolkata,East,Return,,,2026-05-20,2026-05-23,304,1823.74,2387,,Cancelled
MOV002101,SKU_0186,WH_01,Bengaluru,South,Inbound,SUP_09,,2026-04-18,2026-04-19,325,15708.66,3621,3946,Completed
MOV002609,SKU_0267,WH_02,Mumbai,West,Adjustment,,,2026-05-18,2026-05-18,462,1831.1,3976,3514,Pending
MOV003694,SKU_0152,WH_01,Bengaluru,South,Outbound,,CUST_090,2026-06-22,2026-06-25,44,1512.69,764,720,Completed
MOV003812,SKU_0298,WH_01,Bengaluru,South,Outbound,,CUST_004,2026-06-19,2026-06-22,449,137.29,2275,1826,Completed
MOV003898,SKU_0274,WH_03,Delhi,North,Inbound,SUP_10,,2026-02-04,2026-02-04,330,1735.73,928,1258,Completed
MOV004108,SKU_0282,WH_02,Mumbai,West,Transfer,,,2026-04-20,2026-04-23,376,1776.08,4902,4526,Completed
MOV002570,SKU_0093,WH_02,Mumbai,West,Adjustment,,,2026-06-19,2026-06-20,247,425.54,2765,3012,Discrepancy
MOV004483,SKU_0227,WH_03,Delhi,North,Adjustment,,,2026-01-21,2026-01-22,264,1776.97,5,269,Completed
MOV002350,SKU_0262,WH_04,Kolkata,East,Inbound,SUP_07,,2026-03-30,,288,315.46,4766,-167,Completed
MOV001279,SKU_0069,WH_04,Kolkata,East,Inbound,SUP_12,,2026-04-27,2026-04-28,109,1998.45,3887,,Completed
MOV003078,SKU_0224,WH_01,Bengaluru,South,Inbound,SUP_10,,2026-06-17,2026-06-17,470,741.6,2298,2768,Pending
MOV004512,SKU_0123,WH_03,Delhi,North,Inbound,SUP_02,,2026-03-04,2026-03-05,394,1542.51,2795,3189,Completed
MOV002978,SKU_0004,WH_01,Bengaluru,South,Outbound,,CUST_063,2026-02-16,2026-02-16,152,355.83,207,55,Completed
MOV004093,SKU_0103,WH_01,Bengaluru,South,Inbound,SUP_08,,2026-01-20,2026-01-23,198,246.59,2174,2372,Completed
MOV000473,SKU_0157,WH_02,Mumbai,West,Outbound,,CUST_061,2026-01-28,2026-01-29,250,249.09,1614,1364,Completed
MOV002635,SKU_0207,WH_06,Pune,West,Transfer,,,2026-05-03,2026-05-05,116,742.93,3857,3741,Discrepancy
MOV003838,SKU_0001,WH_02,Mumbai,West,Outbound,,CUST_044,2026-03-26,2026-03-29,371,1141.36,113,-258,Completed
MOV004531,SKU_0150,WH_04,Kolkata,East,Outbound,,CUST_066,2026-02-06,2026-02-06,136,1137.22,2360,2224,Discrepancy
MOV003894,SKU_0237,WH_02,Mumbai,West,Inbound,SUP_08,,2026-01-15,2026-01-18,390,350.59,3992,4382,Completed
MOV003857,SKU_0236,WH_05,Hyderabad,South,Inbound,SUP_08,,2026-06-11,2026-06-11,226,821.64,717,943,Completed
MOV000870,SKU_0194,WH_03,Delhi,North,Inbound,SUP_02,,2026-06-27,2026-06-28,423,484.21,3238,3661,Completed
MOV000474,SKU_0216,WH_04,Kolkata,East,Inbound,SUP_03,,2026-03-22,2026-03-23,499,1300.7,1292,,Completed
MOV003869,SKU_0046,WH_04,Kolkata,East,Adjustment,,,2026-03-16,2026-03-19,53,1673.52,4002,,Cancelled
MOV003718,SKU_0135,WH_03,Delhi,North,Transfer,,,2026-04-22,2026-04-25,224,463.63,2297,2073,Completed
MOV003547,SKU_0299,WH_01,Bengaluru,South,Inbound,SUP_07,,2026-03-05,2026-03-08,163,936.09,4149,4312,Completed
MOV003834,SKU_0193,WH_02,Mumbai,West,Outbound,,CUST_086,2026-03-12,2026-03-13,150,1842.27,4677,4527,Completed
MOV002981,SKU_0031,WH_02,Mumbai,West,Adjustment,,,2026-02-09,2026-02-12,373,374.63,3732,3359,Completed
MOV003982,SKU_0240,WH_04,Kolkata,East,Transfer,,,2026-04-10,2026-04-13,312,1939.53,4297,,Completed
MOV002967,SKU_0276,WH_03,Delhi,North,Outbound,,CUST_022,2026-06-04,2026-06-04,135,94.52,4186,4051,Completed
MOV004001,SKU_0082,WH_05,Hyderabad,South,Inbound,SUP_05,,2026-06-30,2026-07-02,137,1964.72,4400,4537,Completed
MOV004128,SKU_0258,WH_02,Mumbai,West,Outbound,,CUST_064,2026-06-17,2026-06-18,73,389.42,4079,4006,Completed
MOV004210,SKU_0291,WH_04,Kolkata,East,Transfer,,,2026-03-10,2026-03-11,121,1450.56,892,,Discrepancy
MOV000290,SKU_0085,WH_04,Kolkata,East,Inbound,SUP_12,,2026-06-22,2026-06-24,411,461.5,1302,1713,Completed
MOV004904,SKU_0058,WH_02,Mumbai,West,Transfer,,,2026-01-14,2026-01-14,426,950.31,3606,3180,Completed
MOV002810,SKU_0220,WH_02,Mumbai,West,Transfer,,,2026-06-20,,170,1126.22,3475,,Cancelled
MOV001119,SKU_0300,WH_04,Kolkata,East,Inbound,SUP_06,,2026-06-23,2026-06-26,206,113.89,4752,,Completed
MOV002878,SKU_0294,WH_01,Bengaluru,South,Outbound,,CUST_067,2026-06-30,2026-07-03,369,512.51,1268,899,Completed
MOV004167,SKU_0262,WH_01,Bengaluru,South,Inbound,SUP_06,,2026-01-27,2026-01-27,205,1941.26,1286,1491,Completed
MOV001625,SKU_0098,WH_01,Bengaluru,South,Transfer,,,2026-04-14,2026-04-16,296,354.94,4202,3906,Discrepancy
MOV002110,SKU_0210,WH_06,Pune,West,Outbound,,CUST_021,2026-01-05,2026-01-06,471,1066.09,889,418,Completed
MOV000798,SKU_0106,WH_05,Hyderabad,South,Return,,,2026-03-23,2026-03-23,36,530.72,2762,2798,Discrepancy
MOV004036,SKU_0175,WH_03,Delhi,North,Inbound,SUP_07,,2026-03-20,,180,161.2,3868,,Cancelled
MOV003295,SKU_0202,WH_01,Bengaluru,South,Outbound,,CUST_051,2026-06-26,2026-06-27,244,1738.09,4764,4520,Discrepancy
MOV002884,SKU_0091,WH_04,Kolkata,East,Outbound,,CUST_021,2026-02-20,2026-02-20,260,1088.09,2013,,Pending
MOV002431,SKU_0129,WH_05,Hyderabad,South,Inbound,SUP_11,,2026-05-12,2026-05-15,300,265.07,2862,3162,Completed
MOV000495,SKU_0262,WH_02,Mumbai,West,Inbound,SUP_05,,2026-04-12,2026-04-12,115,235.2,3602,3717,Discrepancy
MOV002202,SKU_0018,WH_05,Hyderabad,South,Outbound,,CUST_046,2026-05-15,2026-05-18,46,501.38,316,270,Completed
MOV003093,SKU_0270,WH_04,Kolkata,East,Inbound,SUP_06,,2026-02-23,2026-02-25,201,1447.26,4490,,Completed
MOV003687,SKU_0026,WH_02,Mumbai,West,Return,,,2026-02-13,2026-02-16,337,1399.01,2875,3212,Completed
MOV002950,SKU_0211,WH_04,Kolkata,East,Outbound,,CUST_033,2026-03-25,2026-03-25,82,948.34,1654,,Completed
MOV002124,SKU_0293,WH_02,Mumbai,West,Transfer,,,2026-03-05,2026-03-07,171,1326.56,1839,1668,Completed
MOV002807,SKU_0017,WH_03,Delhi,North,Transfer,,,2026-02-08,2026-02-11,269,687.39,906,637,Completed
MOV000357,SKU_0235,WH_02,Mumbai,West,Inbound,SUP_01,,2026-06-16,2026-06-17,481,1838.72,4250,4731,Completed
MOV001204,SKU_0081,WH_02,Mumbai,West,Transfer,,,2026-02-05,2026-02-07,357,259.41,2313,1956,Discrepancy
MOV001936,SKU_0136,WH_01,Bengaluru,South,Outbound,,CUST_027,2026-06-30,2026-07-03,98,564.26,4185,4087,Completed
MOV003636,SKU_0241,WH_04,Kolkata,East,Outbound,,CUST_033,2026-06-25,2026-06-26,195,624.8,2413,,Completed
MOV002279,SKU_0133,WH_01,Bengaluru,South,Adjustment,,,2026-04-23,2026-04-23,474,1334.28,4827,5301,Completed
MOV001483,SKU_0011,WH_01,Bengaluru,South,Adjustment,,,2026-06-24,2026-06-25,394,1716.14,3181,3575,Completed
MOV003538,SKU_0102,WH_06,Pune,West,Inbound,SUP_12,,2026-06-07,2026-06-09,470,1076.74,1027,1497,Pending
MOV002102,SKU_0274,WH_03,Delhi,North,Inbound,SUP_12,,2026-04-12,2026-04-12,314,582.77,159,473,Completed
MOV004319,SKU_0011,WH_06,Pune,West,Inbound,SUP_02,,2026-01-21,2026-01-23,27,841.3,472,,Cancelled
MOV004836,SKU_0127,WH_02,Mumbai,West,Return,,,2026-01-25,2026-01-28,236,1222.79,2983,-175,Completed
MOV002607,SKU_0181,WH_05,Hyderabad,South,Inbound,SUP_09,,2026-06-14,2026-06-17,105,1146.44,1576,1681,Completed
MOV000893,SKU_0017,WH_01,Bengaluru,South,Return,,,2026-05-15,2026-05-16,159,649.15,4542,4701,Completed
MOV002597,SKU_0293,WH_05,Hyderabad,South,Return,,,2026-05-04,2026-05-05,294,929.95,2591,2885,Completed
MOV000026,SKU_0142,WH_04,Kolkata,East,Outbound,,CUST_062,2026-05-10,2026-05-11,358,1070.26,2126,1768,Discrepancy
MOV001045,SKU_0155,WH_06,Pune,West,Adjustment,,,2026-02-21,2026-02-22,102,204.25,1205,1307,Completed
MOV000137,SKU_0207,WH_03,Delhi,North,Outbound,,CUST_035,2026-05-10,2026-05-12,500,446.89,4032,3532,Pending
MOV002835,SKU_0134,WH_03,Delhi,North,Adjustment,,,2026-05-05,2026-05-05,142,305.52,4702,,Cancelled
MOV001391,SKU_0199,WH_02,Mumbai,West,Inbound,SUP_01,,2026-05-06,2026-05-09,452,1764.4,431,883,Discrepancy
MOV001634,SKU_0098,WH_01,Bengaluru,South,Inbound,SUP_11,,2026-01-08,2026-01-09,6,1755.23,2693,2699,Discrepancy
MOV004962,SKU_0014,WH_06,Pune,West,Inbound,SUP_02,,2026-03-07,2026-03-07,487,845.32,1892,2379,Pending
MOV000161,SKU_0007,WH_04,Kolkata,East,Transfer,,,2026-02-19,2026-02-19,81,1858.97,1806,,Completed
MOV004061,SKU_0142,WH_03,Delhi,North,Inbound,SUP_01,,2026-02-08,2026-02-11,112,770.81,1214,1326,Completed
MOV001487,SKU_0137,WH_02,Mumbai,West,Inbound,SUP_10,,2026-01-04,2026-01-05,427,586.34,1637,2064,Discrepancy
MOV001446,SKU_0034,WH_03,Delhi,North,Outbound,,CUST_088,2026-01-31,2026-02-01,418,1310.61,4580,4162,Discrepancy
MOV002714,SKU_0190,WH_04,Kolkata,East,Outbound,,CUST_001,2026-03-28,2026-03-29,455,1018.13,825,,Completed
MOV000300,SKU_0061,WH_03,Delhi,North,Outbound,,CUST_021,2026-05-26,2026-05-26,260,549.64,1619,1359,Completed
MOV004696,SKU_0001,WH_02,Mumbai,West,Inbound,SUP_07,,2026-04-03,2026-04-04,480,962.54,3687,,Cancelled
MOV000196,SKU_0284,WH_05,Hyderabad,South,Inbound,SUP_11,,2026-05-17,2026-05-18,295,437.17,4929,5224,Completed
MOV002357,SKU_0168,WH_01,Bengaluru,South,Outbound,,CUST_031,2026-04-06,2026-04-07,452,689.48,4897,4445,Completed
MOV002870,SKU_0155,WH_02,Mumbai,West,Outbound,,CUST_025,2026-04-10,2026-04-12,35,718.74,3093,,Cancelled
MOV002422,SKU_0019,WH_01,Bengaluru,South,Adjustment,,,2026-06-11,2026-06-11,483,855.59,1260,1743,Completed
MOV000783,SKU_0137,WH_03,Delhi,North,Outbound,,CUST_043,2026-01-05,2026-01-06,46,654.13,2674,2628,Completed
MOV002211,SKU_0044,WH_04,Kolkata,East,Return,,,2026-02-18,2026-02-20,265,1656.3,4422,,Pending
MOV001800,SKU_0218,WH_04,Kolkata,East,Outbound,,CUST_021,2026-01-24,2026-01-25,378,1884.57,303,,Completed
MOV000008,SKU_0178,WH_01,Bengaluru,South,Adjustment,,,2026-04-01,2026-04-02,313,278.34,482,169,Completed
MOV001507,SKU_0071,WH_01,Bengaluru,South,Adjustment,,,2026-02-18,2026-02-18,247,447.81,4086,4333,Completed
MOV003594,SKU_0239,WH_03,Delhi,North,Transfer,,,2026-05-22,2026-05-25,376,115.37,3425,3049,Completed
MOV000324,SKU_0211,WH_01,Bengaluru,South,Inbound,SUP_06,,2026-04-12,2026-04-14,436,1278.88,2127,-137,Completed
MOV000459,SKU_0055,WH_06,Pune,West,Outbound,,CUST_022,2026-05-31,2026-05-31,255,288.72,1282,1027,Pending
MOV001814,SKU_0037,WH_01,Bengaluru,South,Transfer,,,2026-06-16,2026-06-16,339,784.98,4786,4447,Pending
MOV002813,SKU_0289,WH_02,Mumbai,West,Adjustment,,,2026-02-21,2026-02-21,467,634.82,4510,4977,Completed
MOV001602,SKU_0182,WH_04,Kolkata,East,Outbound,,CUST_020,2026-04-26,2026-04-27,296,1280.33,4701,,Completed
MOV003053,SKU_0215,WH_03,Delhi,North,Transfer,,,2026-06-01,2026-06-02,435,1148.4,3745,3310,Completed
MOV003619,SKU_0153,WH_06,Pune,West,Outbound,,CUST_045,2026-06-30,2026-07-01,63,1555.35,1583,1520,Pending
MOV001996,SKU_0086,WH_04,Kolkata,East,Outbound,,CUST_066,2026-01-12,2026-01-13,302,588.25,4849,,Completed
MOV001929,SKU_0233,WH_06,Pune,West,Transfer,,,2026-03-01,2026-03-01,463,478.48,1667,1204,Completed
MOV004072,SKU_0183,WH_04,Kolkata,East,Inbound,SUP_08,,2026-06-23,2026-06-25,332,1732.3,3701,,Completed
MOV001022,SKU_0232,WH_06,Pune,West,Outbound,,CUST_060,2026-02-02,2026-02-03,294,1321.05,459,,Cancelled
MOV002096,SKU_0034,WH_02,Mumbai,West,Outbound,,CUST_010,2026-02-13,2026-02-13,473,1130.15,4525,4052,Completed
MOV000669,SKU_0231,WH_02,Mumbai,West,Inbound,SUP_08,,,2026-03-27,403,403.98,1255,1658,Completed
MOV002610,SKU_0157,WH_01,Bengaluru,South,Inbound,SUP_12,,2026-06-12,2026-06-13,223,1029.46,4727,4950,Completed
MOV003065,SKU_0164,WH_01,Bengaluru,South,Inbound,SUP_06,,2026-02-18,2026-02-21,118,1284.4,2432,2550,Completed
MOV002244,SKU_0155,WH_02,Mumbai,West,Outbound,,CUST_029,,2026-03-22,17,1960.76,3661,3644,Completed
MOV000313,SKU_0200,WH_03,Delhi,North,Outbound,,CUST_020,2026-04-03,2026-04-04,115,735.52,4999,,Cancelled
MOV000410,SKU_0194,WH_03,Delhi,North,Outbound,,CUST_074,2026-05-01,2026-05-03,461,722.68,2552,2091,Completed
MOV004751,SKU_0005,WH_01,Bengaluru,South,Outbound,,CUST_036,2026-05-24,,29,399.93,4674,4645,Completed
MOV004728,SKU_0184,WH_05,Hyderabad,South,Inbound,SUP_02,,2026-04-09,2026-04-09,150,948.0,3687,3837,Completed
MOV002459,SKU_0044,WH_03,Delhi,North,Inbound,SUP_10,,2026-02-28,2026-03-02,350,562.93,138,488,Pending
MOV004307,SKU_0140,WH_04,Kolkata,East,Adjustment,,,2026-04-24,2026-04-26,474,270.73,1691,,Completed
MOV000979,SKU_0077,WH_03,Delhi,North,Inbound,SUP_05,,2026-06-28,2026-07-01,35,694.01,1780,1815,Completed
MOV000416,SKU_0111,WH_05,Hyderabad,South,Outbound,,CUST_020,2026-05-24,2026-05-25,74,348.75,3590,3516,Pending
MOV004166,SKU_0188,WH_01,Bengaluru,South,Inbound,SUP_07,,2026-06-14,2026-06-15,75,294.81,3998,4073,Completed
MOV000875,SKU_0153,WH_06,Pune,West,Inbound,SUP_07,,2026-01-24,2026-01-26,381,250.42,2372,2753,Completed
MOV002095,SKU_0018,WH_05,Hyderabad,South,Outbound,,CUST_017,2026-04-11,2026-04-12,411,1095.01,3901,3490,Completed
MOV003343,SKU_0068,WH_05,Hyderabad,South,Transfer,,,2026-06-16,2026-06-19,405,1829.59,1515,1110,Completed
MOV004679,SKU_0152,WH_01,Bengaluru,South,Inbound,SUP_07,,2026-04-13,2026-04-14,40,801.24,335,375,Completed
MOV004860,SKU_0044,WH_02,Mumbai,West,Outbound,,CUST_028,2026-04-15,2026-04-17,254,599.02,3836,3582,Completed
MOV003060,SKU_0292,WH_02,Mumbai,West,Inbound,SUP_07,,2026-06-04,2026-06-07,337,305.5,3899,4236,Completed
MOV002255,SKU_0089,WH_06,Pune,West,Outbound,,CUST_058,2026-04-27,,188,1150.36,5,-183,Completed
MOV002392,SKU_0174,WH_05,Hyderabad,South,Inbound,SUP_10,,2026-02-28,2026-03-03,45,1792.98,1433,1478,Completed
MOV002406,SKU_0089,WH_02,Mumbai,West,Transfer,,,2026-01-06,2026-01-06,294,1177.74,1199,,Cancelled
MOV002633,SKU_0252,WH_01,Bengaluru,South,Inbound,SUP_06,,2026-02-12,2026-02-13,313,254.21,1101,1414,Completed
MOV001074,SKU_0052,WH_01,Bengaluru,South,Outbound,,CUST_015,2026-05-15,2026-05-18,67,1079.15,2587,2520,Completed
MOV003702,SKU_0192,WH_03,Delhi,North,Outbound,,CUST_033,2026-06-13,2026-06-14,3,1964.94,3079,3076,Completed
MOV001336,SKU_0023,WH_02,Mumbai,West,Return,,,2026-02-28,2026-03-03,140,1449.44,2807,2947,Completed
MOV000395,SKU_0159,WH_04,Kolkata,East,Outbound,,CUST_093,2026-03-20,2026-03-20,397,1237.96,730,,Completed
MOV001415,SKU_0032,WH_04,Kolkata,East,Transfer,,,2026-02-20,2026-02-21,85,387.71,3355,,Completed
MOV003542,SKU_0108,WH_01,Bengaluru,South,Outbound,,CUST_029,2026-05-16,2026-05-19,282,79.84,821,539,Discrepancy
MOV004982,SKU_0250,WH_03,Delhi,North,Return,,,2026-02-23,2026-02-24,143,1272.82,3272,3415,Completed
MOV003517,SKU_0050,WH_02,Mumbai,West,Outbound,,CUST_100,2026-06-19,2026-06-20,97,1165.3,1393,1296,Completed
MOV001693,SKU_0292,WH_05,Hyderabad,South,Inbound,SUP_09,,2026-05-19,2026-05-22,6,13888.39,534,540,Completed
MOV004878,SKU_0290,WH_06,Pune,West,Inbound,SUP_09,,2026-03-15,2026-03-17,334,22554.84,3918,4252,Completed
MOV001135,SKU_0197,WH_04,Kolkata,East,Inbound,SUP_03,,2026-03-18,2026-03-20,486,188.59,3023,,Completed
MOV002018,SKU_0135,WH_02,Mumbai,West,Adjustment,,,2026-01-04,2026-01-05,490,1172.76,1535,2025,Completed
MOV004618,SKU_0220,WH_03,Delhi,North,Inbound,SUP_11,,2026-01-19,2026-01-20,242,289.3,3678,3920,Discrepancy
MOV004374,SKU_0006,WH_04,Kolkata,East,Return,,,2026-01-27,2026-01-30,203,849.86,4554,,Cancelled
MOV002809,SKU_0240,WH_03,Delhi,North,Inbound,SUP_10,,2026-02-15,2026-02-16,391,516.51,3793,4184,Completed
MOV000449,SKU_0186,WH_04,Kolkata,East,Adjustment,,,2026-06-12,2026-06-13,279,1918.36,1432,,Completed
MOV002566,SKU_0022,WH_05,Hyderabad,South,Transfer,,,2026-01-11,2026-01-13,111,153.3,4709,4598,Completed
MOV003131,SKU_0174,WH_06,Pune,West,Inbound,SUP_02,,2026-05-22,2026-05-22,118,395.84,1102,1220,Completed
MOV000202,SKU_0172,WH_04,Kolkata,East,Transfer,,,2026-02-01,2026-02-04,423,1830.34,4537,,Completed
MOV000151,SKU_0284,WH_04,Kolkata,East,Transfer,,,2026-02-21,2026-02-22,159,1233.45,3239,,Completed
MOV003357,SKU_0258,WH_03,Delhi,North,Outbound,,CUST_096,2026-03-23,2026-03-23,497,90.01,1022,525,Discrepancy
MOV003743,SKU_0210,WH_04,Kolkata,East,Inbound,SUP_04,,2026-05-17,2026-05-17,412,826.95,2876,,Completed
MOV004802,SKU_0283,WH_02,Mumbai,West,Inbound,SUP_02,,2026-04-20,2026-04-23,356,187.04,3316,3672,Discrepancy
MOV003076,SKU_0177,WH_06,Pune,West,Return,,,2026-05-16,2026-05-17,334,882.59,859,1193,Completed
MOV001424,SKU_0117,WH_02,Mumbai,West,Outbound,,CUST_003,2026-01-09,2026-01-12,243,342.86,491,248,Pending
MOV003581,SKU_0283,WH_06,Pune,West,Transfer,,,2026-02-18,,252,1256.1,392,140,Pending
MOV004040,SKU_0020,WH_02,Mumbai,West,Adjustment,,,2026-04-02,2026-04-02,54,1607.41,4308,4254,Completed
MOV000373,SKU_0112,WH_01,Bengaluru,South,Inbound,SUP_03,,2026-02-19,,384,662.35,1633,2017,Discrepancy
MOV002387,SKU_0084,WH_05,Hyderabad,South,Inbound,SUP_10,,2026-03-15,2026-03-15,412,555.67,1498,1910,Completed
MOV004624,SKU_0253,WH_02,Mumbai,West,Outbound,,CUST_023,2026-02-18,2026-02-21,147,599.76,4068,3921,Completed
MOV003114,SKU_0218,WH_05,Hyderabad,South,Outbound,,CUST_075,2026-01-08,2026-01-10,376,1385.42,1820,1444,Completed
MOV001425,SKU_0299,WH_06,Pune,West,Outbound,,CUST_062,2026-06-26,2026-06-26,358,1575.74,939,,Cancelled
MOV002428,SKU_0180,WH_06,Pune,West,Inbound,SUP_10,,2026-04-28,2026-04-30,237,539.01,1522,,Cancelled
MOV004314,SKU_0151,WH_06,Pune,West,Adjustment,,,2026-02-05,2026-02-05,408,1426.02,1697,2105,Completed
MOV002085,SKU_0095,WH_06,Pune,West,Adjustment,,,2026-04-30,2026-04-30,96,1053.88,4801,4897,Completed
MOV004265,SKU_0088,WH_04,Kolkata,East,Inbound,SUP_02,,2026-03-19,2026-03-20,256,363.11,117,,Cancelled
MOV001622,SKU_0064,WH_06,Pune,West,Return,,,2026-06-29,2026-06-30,324,926.87,580,904,Pending
MOV000840,SKU_0245,WH_05,Hyderabad,South,Adjustment,,,2026-03-18,2026-03-19,384,1112.42,359,-25,Completed
MOV004970,SKU_0083,WH_01,Bengaluru,South,Outbound,,CUST_065,2026-01-27,2026-01-30,300,91.33,1270,970,Completed
MOV001043,SKU_0172,WH_03,Delhi,North,Inbound,SUP_08,,2026-05-30,2026-06-02,305,775.86,2780,3085,Completed
MOV004903,SKU_0206,WH_05,Hyderabad,South,Transfer,,,2026-03-07,2026-03-08,296,1620.13,1007,711,Completed
MOV003147,SKU_0282,WH_05,Hyderabad,South,Outbound,,CUST_055,2026-06-05,2026-06-06,254,1384.67,4509,4255,Completed
MOV003292,SKU_0021,WH_02,Mumbai,West,Inbound,SUP_05,,2026-06-18,2026-06-19,440,1420.02,4567,5007,Completed
MOV004645,SKU_0247,WH_03,Delhi,North,Return,,,2026-05-06,2026-05-09,394,1087.97,2706,3100,Completed
MOV003477,SKU_0083,WH_01,Bengaluru,South,Transfer,,,2026-05-13,2026-05-13,412,1961.66,820,408,Completed
MOV003768,SKU_0102,WH_02,Mumbai,West,Inbound,SUP_12,,2026-06-16,2026-06-16,370,668.1,484,854,Completed
MOV000552,SKU_0224,WH_03,Delhi,North,Outbound,,CUST_025,2026-06-13,2026-06-16,156,790.7,733,577,Discrepancy
MOV004419,SKU_0259,WH_01,Bengaluru,South,Outbound,,CUST_025,2026-03-07,2026-03-07,474,1068.84,3755,3281,Completed
MOV003026,SKU_0219,WH_04,Kolkata,East,Outbound,,CUST_025,2026-01-26,2026-01-28,123,1006.33,3385,3262,Completed
MOV000754,SKU_0190,WH_02,Mumbai,West,Inbound,SUP_04,,2026-03-23,2026-03-25,469,395.63,3900,4369,Completed
MOV000721,SKU_0241,WH_02,Mumbai,West,Inbound,SUP_10,,2026-05-12,2026-05-13,230,859.13,4077,4307,Completed
MOV001993,SKU_0219,WH_03,Delhi,North,Transfer,,,2026-06-10,2026-06-13,72,1896.35,495,423,Completed
MOV002313,SKU_0255,WH_05,Hyderabad,South,Outbound,,CUST_067,2026-05-04,2026-05-04,116,1878.37,760,644,Pending
MOV004392,SKU_0056,WH_05,Hyderabad,South,Outbound,,CUST_086,2026-03-07,2026-03-09,108,938.22,40,-68,Completed
MOV003399,SKU_0167,WH_02,Mumbai,West,Transfer,,,2026-06-16,2026-06-16,395,736.81,2627,2232,Completed
MOV000327,SKU_0074,WH_05,Hyderabad,South,Transfer,,,,2026-04-18,69,465.45,540,471,Discrepancy
MOV001306,SKU_0280,WH_05,Hyderabad,South,Inbound,SUP_08,,2026-04-07,2026-04-10,98,100.8,188,286,Completed
MOV003782,SKU_0122,WH_01,Bengaluru,South,Transfer,,,2026-06-02,2026-06-05,455,1652.99,1056,601,Completed
MOV002652,SKU_0104,WH_05,Hyderabad,South,Return,,,2026-04-30,2026-05-01,353,182.03,677,1030,Completed
MOV000823,SKU_0289,WH_06,Pune,West,Outbound,,CUST_045,2026-03-30,2026-04-01,222,1746.48,1720,1498,Completed
MOV003657,SKU_0236,WH_01,Bengaluru,South,Transfer,,,2026-04-02,2026-04-04,447,1730.25,1462,1015,Completed
MOV003567,SKU_0183,WH_04,Kolkata,East,Adjustment,,,2026-03-12,2026-03-13,137,1224.1,207,,Completed
MOV000333,SKU_0296,WH_05,Hyderabad,South,Transfer,,,2026-02-27,2026-02-28,15,1631.01,2195,2180,Completed
MOV001765,SKU_0201,WH_03,Delhi,North,Transfer,,,2026-05-12,2026-05-12,28,1294.69,517,489,Completed
MOV004450,SKU_0046,WH_02,Mumbai,West,Adjustment,,,2026-01-21,2026-01-22,131,1989.85,3272,3403,Completed
MOV000739,SKU_0055,WH_01,Bengaluru,South,Return,,,2026-03-05,2026-03-06,386,1435.93,2605,2991,Pending
MOV001251,SKU_0264,WH_06,Pune,West,Return,,,2026-01-11,2026-01-14,219,289.22,4498,4717,Completed
MOV001545,SKU_0262,WH_04,Kolkata,East,Inbound,SUP_09,,2026-02-06,2026-02-09,275,4857.18,759,,Cancelled
MOV004994,SKU_0207,WH_02,Mumbai,West,Adjustment,,,2026-03-08,2026-03-08,257,489.3,3404,3147,Completed
MOV000887,SKU_0057,WH_05,Hyderabad,South,Outbound,,CUST_030,2026-02-09,2026-02-12,265,914.95,1073,808,Completed
MOV001335,SKU_0012,WH_06,Pune,West,Transfer,,,2026-05-09,2026-05-09,259,915.84,143,-116,Completed
MOV002326,SKU_0198,WH_04,Kolkata,East,Outbound,,CUST_050,2026-06-29,2026-07-01,373,351.69,3632,3259,Completed
MOV003870,SKU_0138,WH_06,Pune,West,Outbound,,CUST_076,2026-01-12,2026-01-15,167,180.83,4051,3884,Pending
MOV004635,SKU_0142,WH_03,Delhi,North,Return,,,2026-06-26,2026-06-29,199,1906.12,48,247,Completed
MOV000530,SKU_0172,WH_05,Hyderabad,South,Outbound,,CUST_025,2026-03-16,2026-03-18,25,1859.29,3040,3015,Completed
MOV000100,SKU_0208,WH_02,Mumbai,West,Inbound,SUP_01,,2026-01-27,2026-01-27,314,1124.3,1615,1929,Completed
MOV000533,SKU_0247,WH_01,Bengaluru,South,Outbound,,CUST_023,2026-01-15,2026-01-16,229,198.22,3707,3478,Completed
MOV001451,SKU_0125,WH_06,Pune,West,Return,,,2026-06-22,2026-06-23,22,446.98,2758,2780,Completed
MOV000003,SKU_0069,WH_03,Delhi,North,Outbound,,CUST_070,2026-01-31,2026-02-02,287,1641.45,1480,1193,Completed
MOV004514,SKU_0103,WH_04,Kolkata,East,Outbound,,CUST_010,2026-03-30,2026-03-31,200,1395.44,2,,Completed
MOV004284,SKU_0289,WH_05,Hyderabad,South,Inbound,SUP_08,,2026-02-23,2026-02-23,188,299.07,4192,4380,Completed
MOV000963,SKU_0191,WH_06,Pune,West,Outbound,,CUST_018,2026-01-11,2026-01-12,146,156.66,701,555,Completed
MOV000143,SKU_0053,WH_01,Bengaluru,South,Outbound,,CUST_028,2026-02-08,2026-02-08,219,59.33,996,777,Discrepancy
MOV004633,SKU_0276,WH_02,Mumbai,West,Outbound,,CUST_015,2026-01-28,2026-01-31,103,61.92,4417,4314,Pending
MOV003966,SKU_0166,WH_01,Bengaluru,South,Transfer,,,2026-01-11,,401,1180.05,4817,4416,Completed
MOV002881,SKU_0126,WH_01,Bengaluru,South,Transfer,,,2026-05-09,2026-05-12,312,1349.41,3623,3311,Pending
MOV001614,SKU_0285,WH_05,Hyderabad,South,Outbound,,CUST_011,2026-06-09,2026-06-11,101,891.74,4485,4384,Discrepancy
MOV001542,SKU_0254,WH_01,Bengaluru,South,Outbound,,CUST_069,2026-03-15,2026-03-16,114,544.84,2020,1906,Completed
MOV000947,SKU_0024,WH_03,Delhi,North,Outbound,,CUST_051,2026-02-09,2026-02-09,271,1015.74,152,-119,Completed
MOV004972,SKU_0293,WH_06,Pune,West,Outbound,,CUST_065,2026-04-01,2026-04-04,153,477.91,898,745,Completed
MOV000039,SKU_0159,WH_02,Mumbai,West,Outbound,,CUST_001,2026-03-27,2026-03-30,43,975.56,4118,4075,Completed
MOV001489,SKU_0221,WH_03,Delhi,North,Transfer,,,2026-05-07,2026-05-08,337,1247.07,3586,3249,Completed
MOV000284,SKU_0248,WH_01,Bengaluru,South,Outbound,,CUST_096,2026-04-17,2026-04-18,209,1642.86,1192,983,Completed
MOV004356,SKU_0268,WH_06,Pune,West,Adjustment,,,,2026-04-14,166,894.14,4319,4153,Completed
MOV000521,SKU_0008,WH_01,Bengaluru,South,Inbound,SUP_12,,2026-02-14,2026-02-16,133,1395.2,1589,1722,Completed
MOV004241,SKU_0228,WH_01,Bengaluru,South,Outbound,,CUST_085,2026-02-06,2026-02-07,399,1932.51,1447,1048,Completed
MOV003801,SKU_0255,WH_01,Bengaluru,South,Transfer,,,2026-04-06,2026-04-06,299,1475.72,4240,3941,Completed
MOV000579,SKU_0041,WH_02,Mumbai,West,Return,,,2026-06-23,2026-06-26,97,1949.88,520,617,Discrepancy
MOV003941,SKU_0020,WH_02,Mumbai,West,Inbound,SUP_04,,2026-04-28,2026-05-01,75,1738.6,537,612,Completed
MOV003085,SKU_0204,WH_01,Bengaluru,South,Return,,,2026-02-23,2026-02-26,331,1462.26,272,603,Completed
MOV001586,SKU_0228,WH_04,Kolkata,East,Transfer,,,2026-06-03,2026-06-05,107,538.39,514,,Completed
MOV001059,SKU_0186,WH_05,Hyderabad,South,Outbound,,CUST_064,2026-03-22,2026-03-25,162,732.28,4007,3845,Completed
MOV001773,SKU_0083,WH_04,Kolkata,East,Return,,,2026-04-20,2026-04-23,499,626.74,3424,,Completed
MOV000340,SKU_0056,WH_05,Hyderabad,South,Outbound,,CUST_066,2026-04-10,2026-04-11,182,541.28,173,-9,Discrepancy
MOV001786,SKU_0125,WH_02,Mumbai,West,Inbound,SUP_03,,2026-02-13,2026-02-16,163,769.85,3647,3810,Completed
MOV001997,SKU_0253,WH_06,Pune,West,Outbound,,CUST_097,2026-05-20,2026-05-22,421,1907.47,3132,2711,Discrepancy
MOV003842,SKU_0038,WH_01,Bengaluru,South,Inbound,SUP_05,,2026-06-29,2026-06-30,367,605.73,4691,,Cancelled
MOV000503,SKU_0158,WH_02,Mumbai,West,Inbound,SUP_12,,2026-01-26,2026-01-26,430,1166.46,413,843,Completed
MOV003387,SKU_0242,WH_04,Kolkata,East,Outbound,,CUST_039,2026-05-19,2026-05-22,288,1273.01,3769,,Completed
MOV002698,SKU_0281,WH_05,Hyderabad,South,Inbound,SUP_06,,,2026-04-15,63,561.82,4150,4213,Completed
MOV003069,SKU_0056,WH_01,Bengaluru,South,Transfer,,,2026-03-01,2026-03-02,132,1840.18,175,43,Completed
MOV001526,SKU_0100,WH_03,Delhi,North,Transfer,,,2026-04-16,2026-04-19,185,1998.1,4873,-193,Completed
MOV000779,SKU_0132,WH_02,Mumbai,West,Outbound,,CUST_031,2026-06-13,2026-06-15,474,1598.3,4465,3991,Completed
MOV002495,SKU_0005,WH_06,Pune,West,Outbound,,CUST_077,2026-03-14,2026-03-17,168,1028.41,3671,3503,Completed
MOV000810,SKU_0055,WH_04,Kolkata,East,Adjustment,,,2026-04-21,2026-04-21,387,1113.45,4242,,Discrepancy
MOV002146,SKU_0300,WH_05,Hyderabad,South,Inbound,SUP_05,,2026-01-04,2026-01-04,225,872.43,4827,5052,Completed
MOV001309,SKU_0227,WH_04,Kolkata,East,Adjustment,,,2026-03-15,2026-03-15,112,1468.53,597,,Completed
MOV000033,SKU_0174,WH_05,Hyderabad,South,Outbound,,CUST_035,2026-06-09,2026-06-10,23,1077.48,1953,1930,Discrepancy
MOV000720,SKU_0048,WH_05,Hyderabad,South,Outbound,,CUST_048,2026-01-25,2026-01-25,270,1101.51,4921,4651,Completed
MOV002114,SKU_0076,WH_05,Hyderabad,South,Outbound,,CUST_078,2026-06-27,2026-06-30,47,758.03,4676,4629,Pending
MOV003122,SKU_0068,WH_04,Kolkata,East,Outbound,,CUST_088,2026-06-02,2026-06-04,121,1669.6,4585,4464,Pending
MOV003165,SKU_0045,WH_03,Delhi,North,Inbound,SUP_12,,2026-01-13,2026-01-13,188,1504.37,3501,3689,Completed
MOV003463,SKU_0058,WH_01,Bengaluru,South,Adjustment,,,2026-04-04,2026-04-04,142,266.72,1349,1491,Completed
MOV002442,SKU_0264,WH_02,Mumbai,West,Adjustment,,,2026-03-13,2026-03-13,362,212.95,3584,3946,Pending
MOV001980,SKU_0013,WH_06,Pune,West,Outbound,,CUST_039,2026-02-10,2026-02-12,158,760.47,1883,1725,Completed
MOV002218,SKU_0295,WH_01,Bengaluru,South,Return,,,2026-02-01,2026-02-01,112,1580.38,2880,2992,Pending
MOV000951,SKU_0223,WH_06,Pune,West,Outbound,,CUST_051,2026-02-26,2026-02-27,345,347.51,3869,3524,Completed
MOV004667,SKU_0119,WH_06,Pune,West,Outbound,,CUST_098,2026-01-13,2026-01-15,47,1821.33,4954,4907,Completed
MOV001777,SKU_0072,WH_05,Hyderabad,South,Return,,,2026-05-03,2026-05-05,397,638.89,3750,4147,Discrepancy
MOV004425,SKU_0253,WH_06,Pune,West,Inbound,SUP_10,,2026-05-31,2026-06-02,209,421.37,2291,2500,Completed
MOV001521,SKU_0028,WH_05,Hyderabad,South,Return,,,2026-03-02,2026-03-04,142,342.46,1915,2057,Completed
MOV004127,SKU_0046,WH_02,Mumbai,West,Outbound,,CUST_044,2026-01-25,2026-01-28,1,776.47,2354,,Cancelled
MOV002377,SKU_0251,WH_06,Pune,West,Inbound,SUP_01,,2026-04-01,2026-04-03,462,1714.98,2058,2520,Completed
MOV001927,SKU_0039,WH_05,Hyderabad,South,Transfer,,,2026-01-15,2026-01-17,1,84.93,1434,1433,Completed
MOV002869,SKU_0052,WH_05,Hyderabad,South,Outbound,,CUST_024,2026-04-24,2026-04-27,171,1728.26,2614,2443,Completed
MOV000049,SKU_0185,WH_02,Mumbai,West,Outbound,,CUST_081,2026-05-11,2026-05-13,455,269.72,2991,2536,Completed
MOV002785,SKU_0141,WH_06,Pune,West,Inbound,SUP_04,,2026-02-06,2026-02-07,94,1955.08,1142,1236,Completed
MOV002801,SKU_0030,WH_03,Delhi,North,Outbound,,CUST_028,2026-05-01,2026-05-03,388,1935.96,2760,2372,Completed
MOV000497,SKU_0079,WH_04,Kolkata,East,Adjustment,,,2026-05-01,2026-05-02,403,1897.06,2037,2440,Completed
MOV001811,SKU_0280,WH_06,Pune,West,Outbound,,CUST_044,2026-02-04,2026-02-07,343,1560.31,3441,3098,Completed
MOV003748,SKU_0055,WH_06,Pune,West,Adjustment,,,2026-04-26,2026-04-28,102,1424.17,539,437,Completed
MOV002632,SKU_0197,WH_05,Hyderabad,South,Transfer,,,2026-01-23,2026-01-24,180,747.39,2383,2203,Completed
MOV001591,SKU_0145,WH_05,Hyderabad,South,Transfer,,,2026-05-25,2026-05-28,256,1850.44,2421,2165,Completed
MOV003301,SKU_0249,WH_02,Mumbai,West,Outbound,,CUST_056,2026-04-30,2026-05-02,490,1915.4,1739,1249,Completed
MOV003465,SKU_0268,WH_02,Mumbai,West,Inbound,SUP_01,,2026-06-30,2026-06-30,249,283.3,2462,2711,Completed
MOV004634,SKU_0235,WH_04,Kolkata,East,Outbound,,CUST_029,2026-02-22,2026-02-23,65,712.4,4051,,Completed
MOV002862,SKU_0093,WH_01,Bengaluru,South,Outbound,,CUST_024,2026-05-02,2026-05-02,228,389.25,4729,4501,Completed
MOV003631,SKU_0150,WH_06,Pune,West,Outbound,,CUST_005,2026-03-14,2026-03-15,40,1284.18,4017,3977,Completed
MOV003450,SKU_0070,WH_05,Hyderabad,South,Outbound,,CUST_072,2026-02-19,2026-02-20,96,1254.74,471,375,Completed
MOV002127,SKU_0275,WH_02,Mumbai,West,Inbound,SUP_02,,2026-01-02,2026-01-03,359,308.81,203,562,Completed
MOV003539,SKU_0012,WH_01,Bengaluru,South,Adjustment,,,2026-05-15,2026-05-16,397,1936.19,794,1191,Completed
MOV004643,SKU_0198,WH_06,Pune,West,Adjustment,,,2026-04-07,2026-04-08,136,1737.45,2876,3012,Completed
MOV001308,SKU_0134,WH_05,Hyderabad,South,Inbound,SUP_02,,2026-02-23,2026-02-25,500,1825.73,688,1188,Completed
MOV000766,SKU_0163,WH_05,Hyderabad,South,Adjustment,,,2026-03-14,2026-03-17,371,1352.58,631,260,Completed
MOV003897,SKU_0020,WH_02,Mumbai,West,Adjustment,,,2026-01-11,2026-01-12,396,617.84,4977,-29,Completed
MOV000922,SKU_0075,WH_05,Hyderabad,South,Outbound,,CUST_084,2026-03-23,2026-03-25,349,882.29,1563,1214,Completed
MOV001108,SKU_0151,WH_02,Mumbai,West,Inbound,SUP_03,,2026-02-03,2026-02-04,217,1840.94,1207,1424,Completed
MOV003638,SKU_0262,WH_06,Pune,West,Inbound,SUP_01,,2026-02-05,2026-02-07,492,1240.85,3427,3919,Completed
MOV003168,SKU_0203,WH_03,Delhi,North,Inbound,SUP_02,,2026-02-18,2026-02-21,39,211.33,3629,3668,Completed
MOV002847,SKU_0120,WH_06,Pune,West,Transfer,,,2026-04-16,2026-04-16,347,897.81,2671,2324,Completed
MOV000973,SKU_0213,WH_02,Mumbai,West,Inbound,SUP_10,,2026-06-08,2026-06-09,111,882.71,3071,3182,Completed
MOV002670,SKU_0194,WH_05,Hyderabad,South,Outbound,,CUST_016,2026-03-28,2026-03-30,57,755.17,4490,4433,Completed
MOV002520,SKU_0045,WH_05,Hyderabad,South,Return,,,2026-06-19,2026-06-21,304,1357.15,2839,3143,Completed
MOV000583,SKU_0263,WH_04,Kolkata,East,Return,,,2026-02-03,2026-02-06,143,568.97,1959,2102,Completed
MOV002961,SKU_0120,WH_04,Kolkata,East,Outbound,,CUST_073,2026-03-01,2026-03-03,344,989.1,2234,1890,Pending
MOV002410,SKU_0210,WH_02,Mumbai,West,Transfer,,,2026-05-03,2026-05-04,415,157.49,4810,4395,Completed
MOV003007,SKU_0147,WH_03,Delhi,North,Inbound,SUP_09,,2026-06-05,2026-06-05,457,13236.31,3703,4160,Completed
MOV003033,SKU_0294,WH_03,Delhi,North,Inbound,SUP_06,,2026-03-17,2026-03-20,93,1494.36,4712,4805,Completed
MOV002515,SKU_0251,WH_01,Bengaluru,South,Outbound,,CUST_054,,2026-02-09,437,622.25,4382,3945,Completed
MOV003362,SKU_0032,WH_04,Kolkata,East,Adjustment,,,2026-01-07,2026-01-10,168,492.12,2203,2371,Completed
MOV003761,SKU_0228,WH_03,Delhi,North,Inbound,SUP_12,,2026-01-01,2026-01-01,394,633.25,1292,1686,Completed
MOV004150,SKU_0064,WH_02,Mumbai,West,Outbound,,CUST_046,2026-05-04,2026-05-07,445,1231.18,1701,1256,Completed
MOV001288,SKU_0201,WH_05,Hyderabad,South,Outbound,,CUST_059,2026-06-16,2026-06-17,416,128.71,3401,2985,Completed
MOV004510,SKU_0240,WH_02,Mumbai,West,Outbound,,CUST_073,2026-05-27,2026-05-27,488,1800.54,88,-400,Completed
MOV000269,SKU_0205,WH_04,Kolkata,East,Outbound,,CUST_054,2026-04-09,2026-04-10,199,1533.87,3358,3159,Pending
MOV004858,SKU_0157,WH_06,Pune,West,Inbound,SUP_11,,2026-02-05,2026-02-08,403,331.74,3257,3660,Completed
MOV002916,SKU_0227,WH_01,Bengaluru,South,Transfer,,,2026-02-22,2026-02-22,65,518.96,2410,2345,Completed
MOV001926,SKU_0297,WH_04,Kolkata,East,Inbound,SUP_11,,2026-03-14,2026-03-14,230,302.87,3680,,Completed
MOV004762,SKU_0061,WH_02,Mumbai,West,Inbound,SUP_12,,2026-06-13,2026-06-13,266,1740.17,4165,4431,Completed
MOV001739,SKU_0036,WH_03,Delhi,North,Inbound,SUP_09,,2026-02-04,2026-02-06,278,2342.21,2262,2540,Completed
MOV000255,SKU_0130,WH_01,Bengaluru,South,Outbound,,CUST_013,2026-06-17,2026-06-19,78,1979.57,1869,1791,Completed
MOV000108,SKU_0197,WH_01,Bengaluru,South,Inbound,SUP_04,,2026-01-29,2026-01-29,18,1901.04,716,734,Pending
MOV003808,SKU_0109,WH_03,Delhi,North,Outbound,,CUST_085,2026-05-13,2026-05-15,266,326.96,1352,1086,Completed
MOV004832,SKU_0232,WH_05,Hyderabad,South,Outbound,,CUST_033,2026-06-06,2026-06-08,79,266.07,2759,2680,Completed
MOV001964,SKU_0032,WH_05,Hyderabad,South,Outbound,,CUST_052,2026-06-18,2026-06-20,284,1864.87,2701,2417,Discrepancy
MOV002899,SKU_0076,WH_05,Hyderabad,South,Adjustment,,,2026-02-17,2026-02-19,234,1879.17,3833,4067,Discrepancy
MOV001023,SKU_0213,WH_03,Delhi,North,Return,,,2026-03-11,2026-03-14,233,189.21,3883,4116,Completed
MOV002719,SKU_0047,WH_01,Bengaluru,South,Outbound,,CUST_060,2026-05-27,2026-05-29,342,361.93,3599,3257,Discrepancy
MOV004779,SKU_0187,WH_04,Kolkata,East,Transfer,,,2026-05-08,2026-05-08,223,707.42,4413,,Completed
MOV003524,SKU_0083,WH_03,Delhi,North,Outbound,,CUST_025,2026-03-29,2026-04-01,147,787.52,1575,1428,Completed
MOV001915,SKU_0039,WH_05,Hyderabad,South,Outbound,,CUST_036,2026-02-03,2026-02-03,64,98.36,548,484,Completed
MOV002186,SKU_0001,WH_06,Pune,West,Adjustment,,,2026-04-13,2026-04-14,333,114.2,2030,1697,Discrepancy
MOV000016,SKU_0278,WH_05,Hyderabad,South,Outbound,,CUST_029,2026-06-06,2026-06-07,413,516.81,3282,2869,Completed
MOV004689,SKU_0027,WH_02,Mumbai,West,Inbound,SUP_09,,2026-04-16,2026-04-16,47,3302.63,4389,4436,Completed
MOV001461,SKU_0121,WH_01,Bengaluru,South,Inbound,SUP_05,,2026-06-22,2026-06-25,9,522.65,18,27,Completed
MOV002201,SKU_0043,WH_03,Delhi,North,Inbound,SUP_06,,2026-05-12,2026-05-13,378,742.62,772,1150,Completed
MOV003113,SKU_0285,WH_02,Mumbai,West,Adjustment,,,2026-01-30,2026-02-02,329,1300.85,526,197,Completed
MOV003939,SKU_0274,WH_02,Mumbai,West,Outbound,,CUST_009,2026-03-04,2026-03-06,329,1595.62,4967,4638,Completed
MOV001816,SKU_0258,WH_02,Mumbai,West,Outbound,,CUST_014,2026-05-24,2026-05-24,348,297.52,4995,4647,Completed
MOV001769,SKU_0030,WH_02,Mumbai,West,Outbound,,CUST_024,2026-05-27,2026-05-27,141,1072.62,4175,4034,Completed
MOV003593,SKU_0059,WH_03,Delhi,North,Outbound,,CUST_044,2026-01-14,2026-01-17,442,1990.92,3371,2929,Completed
MOV000404,SKU_0215,WH_01,Bengaluru,South,Return,,,2026-03-01,2026-03-03,6,1585.54,2083,2089,Completed
MOV002617,SKU_0207,WH_03,Delhi,North,Return,,,2026-04-10,2026-04-12,468,987.24,4097,4565,Pending
MOV002462,SKU_0044,WH_05,Hyderabad,South,Adjustment,,,2026-04-06,2026-04-06,314,1413.74,4071,4385,Completed
MOV003529,SKU_0197,WH_05,Hyderabad,South,Return,,,2026-04-19,2026-04-19,392,590.67,195,587,Pending
MOV001633,SKU_0297,WH_04,Kolkata,East,Outbound,,CUST_087,2026-01-05,2026-01-05,116,853.69,4342,,Completed
MOV002439,SKU_0001,WH_04,Kolkata,East,Transfer,,,2026-04-13,2026-04-13,378,1127.23,1877,,Completed
MOV004260,SKU_0246,WH_03,Delhi,North,Outbound,,CUST_012,2026-03-27,2026-03-29,387,905.4,1197,810,Completed
MOV001520,SKU_0078,WH_02,Mumbai,West,Outbound,,CUST_088,2026-03-25,2026-03-28,479,463.07,309,-170,Completed
MOV002590,SKU_0139,WH_03,Delhi,North,Transfer,,,2026-03-01,2026-03-01,28,1873.11,534,506,Completed
MOV003424,SKU_0260,WH_02,Mumbai,West,Transfer,,,2026-06-18,2026-06-19,61,946.49,3567,3506,Completed
MOV000332,SKU_0240,WH_01,Bengaluru,South,Outbound,,CUST_038,2026-06-11,2026-06-13,494,695.52,4656,4162,Completed
MOV003288,SKU_0182,WH_03,Delhi,North,Transfer,,,2026-05-12,2026-05-12,420,700.66,186,-234,Completed
MOV001609,SKU_0099,WH_06,Pune,West,Inbound,SUP_01,,2026-05-16,2026-05-19,36,347.71,4511,4547,Completed
MOV002121,SKU_0243,WH_01,Bengaluru,South,Outbound,,CUST_091,2026-05-28,2026-05-31,31,1556.11,2622,2591,Completed
MOV002673,SKU_0110,WH_01,Bengaluru,South,Outbound,,CUST_011,2026-05-04,2026-05-04,405,780.48,4672,4267,Completed
MOV002512,SKU_0109,WH_02,Mumbai,West,Inbound,SUP_11,,2026-01-07,2026-01-08,109,1881.4,1996,2105,Completed
MOV000833,SKU_0224,WH_01,Bengaluru,South,Outbound,,CUST_017,2026-04-08,2026-04-08,131,244.01,2091,1960,Completed
MOV004575,SKU_0252,WH_05,Hyderabad,South,Outbound,,CUST_067,2026-04-17,2026-04-19,335,989.79,794,459,Completed
MOV000953,SKU_0071,WH_05,Hyderabad,South,Adjustment,,,2026-04-23,2026-04-25,218,1101.28,4451,4669,Completed
MOV004926,SKU_0298,WH_06,Pune,West,Transfer,,,2026-04-01,2026-04-03,274,1709.89,2698,-199,Completed
MOV002601,SKU_0148,WH_03,Delhi,North,Return,,,2026-01-11,2026-01-13,267,1826.34,2138,2405,Completed
MOV001863,SKU_0107,WH_02,Mumbai,West,Return,,,2026-01-11,2026-01-12,352,1983.18,29,381,Completed
MOV001813,SKU_0201,WH_01,Bengaluru,South,Inbound,SUP_12,,2026-03-31,2026-04-02,301,1782.27,43,344,Completed
MOV003311,SKU_0145,WH_03,Delhi,North,Transfer,,,2026-01-01,2026-01-04,288,601.24,713,425,Completed
MOV003732,SKU_0061,WH_02,Mumbai,West,Outbound,,CUST_090,2026-03-23,2026-03-23,499,600.55,71,-428,Completed
MOV000418,SKU_0276,WH_03,Delhi,North,Inbound,SUP_03,,2026-03-01,2026-03-02,463,1751.13,4796,5259,Completed
MOV001727,SKU_0284,WH_04,Kolkata,East,Inbound,SUP_07,,,2026-02-19,52,1971.94,4042,,Completed
MOV000670,SKU_0049,WH_01,Bengaluru,South,Transfer,,,2026-04-19,2026-04-20,115,1493.68,856,741,Completed
MOV001731,SKU_0237,WH_01,Bengaluru,South,Adjustment,,,2026-04-25,2026-04-28,380,1068.29,4957,4577,Completed
MOV003685,SKU_0273,WH_05,Hyderabad,South,Adjustment,,,2026-06-16,2026-06-18,246,646.05,4544,4298,Completed
MOV004943,SKU_0219,WH_01,Bengaluru,South,Outbound,,CUST_052,2026-04-30,2026-04-30,388,1136.06,689,301,Completed
MOV003947,SKU_0221,WH_06,Pune,West,Inbound,SUP_10,,2026-06-22,2026-06-22,33,1021.76,1405,1438,Completed
MOV000902,SKU_0126,WH_02,Mumbai,West,Return,,,2026-04-30,2026-05-01,16,412.74,4492,4508,Pending
MOV001968,SKU_0175,WH_05,Hyderabad,South,Inbound,SUP_06,,2026-06-19,,85,953.9,330,415,Completed
MOV002837,SKU_0193,WH_05,Hyderabad,South,Outbound,,CUST_030,2026-03-01,2026-03-01,440,1223.56,4787,4347,Completed
MOV000109,SKU_0051,WH_06,Pune,West,Inbound,SUP_06,,2026-03-28,2026-03-31,134,90.79,2102,2236,Discrepancy
MOV004882,SKU_0290,WH_02,Mumbai,West,Outbound,,CUST_032,2026-03-13,2026-03-16,226,870.77,1805,1579,Completed
MOV000220,SKU_0170,WH_06,Pune,West,Outbound,,CUST_014,2026-06-15,2026-06-18,490,896.77,1554,1064,Pending
MOV000029,SKU_0221,WH_05,Hyderabad,South,Outbound,,CUST_054,2026-02-20,2026-02-22,164,229.78,2997,2833,Completed
MOV003650,SKU_0051,WH_03,Delhi,North,Inbound,SUP_05,,2026-03-13,2026-03-15,129,400.51,3383,3512,Completed
MOV000461,SKU_0002,WH_06,Pune,West,Inbound,SUP_07,,2026-01-26,2026-01-27,209,221.23,2356,2565,Discrepancy
MOV003626,SKU_0213,WH_02,Mumbai,West,Outbound,,CUST_018,2026-06-02,2026-06-05,137,682.8,1638,1501,Completed
MOV000077,SKU_0297,WH_02,Mumbai,West,Outbound,,CUST_051,2026-03-06,2026-03-07,260,1076.3,823,563,Completed
MOV004546,SKU_0143,WH_01,Bengaluru,South,Inbound,SUP_05,,2026-05-28,2026-05-28,499,437.79,39,,Cancelled
MOV004486,SKU_0098,WH_03,Delhi,North,Outbound,,CUST_092,2026-04-20,2026-04-22,229,879.35,2142,1913,Pending
MOV004841,SKU_0040,WH_02,Mumbai,West,Outbound,,CUST_083,2026-05-15,2026-05-16,399,1653.01,4327,3928,Discrepancy
MOV004366,SKU_0163,WH_05,Hyderabad,South,Outbound,,CUST_032,2026-04-09,2026-04-10,20,697.79,1676,,Cancelled
MOV001584,SKU_0220,WH_02,Mumbai,West,Inbound,SUP_10,,2026-03-14,2026-03-17,156,330.0,2366,,Cancelled
MOV002073,SKU_0041,WH_05,Hyderabad,South,Outbound,,CUST_015,2026-06-18,2026-06-20,54,481.33,4359,4305,Completed
MOV001789,SKU_0220,WH_05,Hyderabad,South,Transfer,,,2026-04-18,2026-04-21,432,1026.96,56,-376,Completed
MOV002956,SKU_0137,WH_05,Hyderabad,South,Transfer,,,2026-01-19,2026-01-19,212,1428.5,764,552,Completed
MOV003880,SKU_0221,WH_03,Delhi,North,Outbound,,CUST_052,2026-03-23,2026-03-25,437,1278.56,368,-129,Completed
MOV003324,SKU_0165,WH_02,Mumbai,West,Outbound,,CUST_002,2026-03-14,2026-03-15,465,678.24,740,275,Completed
MOV001948,SKU_0035,WH_03,Delhi,North,Inbound,SUP_08,,2026-03-17,2026-03-19,255,738.03,3870,4125,Completed
MOV000442,SKU_0014,WH_01,Bengaluru,South,Inbound,SUP_01,,2026-02-25,2026-02-28,308,964.61,659,967,Completed
MOV000740,SKU_0044,WH_05,Hyderabad,South,Inbound,SUP_06,,2026-02-28,2026-03-01,443,684.04,3592,4035,Completed
MOV002212,SKU_0201,WH_03,Delhi,North,Return,,,2026-03-04,2026-03-05,288,979.84,268,556,Discrepancy
MOV003272,SKU_0280,WH_02,Mumbai,West,Transfer,,,2026-03-05,2026-03-08,324,836.21,2417,2093,Completed
MOV003332,SKU_0282,WH_02,Mumbai,West,Return,,,2026-01-14,2026-01-15,156,635.29,4715,4871,Completed
MOV002705,SKU_0071,WH_03,Delhi,North,Adjustment,,,2026-05-31,2026-06-01,489,808.0,1023,534,Completed
MOV002741,SKU_0197,WH_05,Hyderabad,South,Adjustment,,,2026-04-27,2026-04-29,201,1884.07,2557,,Cancelled
MOV000707,SKU_0130,WH_01,Bengaluru,South,Inbound,SUP_03,,2026-01-17,2026-01-18,490,780.61,3734,4224,Discrepancy
MOV000310,SKU_0176,WH_04,Kolkata,East,Outbound,,CUST_012,2026-02-28,2026-03-02,340,1209.99,3494,,Pending
MOV003950,SKU_0194,WH_06,Pune,West,Adjustment,,,2026-03-19,2026-03-19,23,598.01,1490,1513,Discrepancy
MOV002892,SKU_0190,WH_03,Delhi,North,Inbound,SUP_07,,2026-06-03,2026-06-03,401,796.67,3390,3791,Discrepancy
MOV001110,SKU_0287,WH_03,Delhi,North,Adjustment,,,2026-02-14,2026-02-14,370,1765.28,838,468,Completed
MOV000204,SKU_0240,WH_02,Mumbai,West,Inbound,SUP_06,,2026-02-25,2026-02-28,193,1277.22,4757,4950,Completed
MOV000818,SKU_0217,WH_01,Bengaluru,South,Outbound,,CUST_054,2026-06-07,2026-06-10,181,1819.21,3345,-160,Completed
MOV002556,SKU_0060,WH_01,Bengaluru,South,Inbound,SUP_10,,2026-04-03,2026-04-03,161,213.73,4070,4231,Completed
MOV003839,SKU_0200,WH_01,Bengaluru,South,Outbound,,CUST_066,2026-04-25,2026-04-26,321,688.21,1632,1311,Pending
MOV003210,SKU_0254,WH_02,Mumbai,West,Outbound,,CUST_015,2026-02-27,2026-02-27,484,228.94,4018,3534,Completed
MOV003953,SKU_0215,WH_03,Delhi,North,Inbound,SUP_04,,2026-04-16,2026-04-17,211,1034.23,4202,4413,Completed
MOV000476,SKU_0131,WH_01,Bengaluru,South,Outbound,,CUST_024,2026-04-08,2026-04-08,377,774.94,2630,2253,Completed
MOV003781,SKU_0129,WH_01,Bengaluru,South,Inbound,SUP_08,,2026-02-17,2026-02-18,353,594.61,4985,5338,Completed
MOV004750,SKU_0255,WH_04,Kolkata,East,Inbound,SUP_11,,2026-06-19,2026-06-21,39,1285.88,3201,,Discrepancy
MOV004969,SKU_0033,WH_02,Mumbai,West,Transfer,,,2026-04-11,2026-04-13,138,667.29,221,83,Completed
MOV002728,SKU_0271,WH_02,Mumbai,West,Inbound,SUP_05,,2026-06-28,2026-07-01,303,128.25,1484,,Cancelled
MOV002393,SKU_0115,WH_01,Bengaluru,South,Inbound,SUP_03,,2026-02-08,2026-02-10,340,1170.8,3466,3806,Completed
MOV004879,SKU_0150,WH_01,Bengaluru,South,Outbound,,CUST_084,2026-05-08,2026-05-08,356,56.77,357,1,Completed
MOV002822,SKU_0149,WH_03,Delhi,North,Adjustment,,,2026-06-24,2026-06-24,69,378.26,3047,2978,Completed
MOV001014,SKU_0169,WH_01,Bengaluru,South,Inbound,SUP_10,,2026-02-04,2026-02-07,94,162.03,2411,2505,Completed
MOV002456,SKU_0038,WH_03,Delhi,North,Transfer,,,2026-02-18,2026-02-20,268,1573.8,3884,3616,Completed
MOV001385,SKU_0101,WH_02,Mumbai,West,Inbound,SUP_09,,2026-04-29,2026-05-02,464,9022.33,3419,3883,Completed
MOV004423,SKU_0074,WH_04,Kolkata,East,Return,,,2026-05-25,2026-05-25,374,199.55,2518,,Completed
MOV003234,SKU_0073,WH_05,Hyderabad,South,Transfer,,,2026-02-21,2026-02-22,168,963.98,4201,4033,Completed
MOV003606,SKU_0259,WH_01,Bengaluru,South,Inbound,SUP_04,,2026-03-08,2026-03-09,405,515.3,1948,2353,Completed
MOV000434,SKU_0025,WH_05,Hyderabad,South,Outbound,,CUST_064,2026-02-14,2026-02-17,81,1396.82,37,-44,Completed
MOV001061,SKU_0065,WH_05,Hyderabad,South,Return,,,2026-03-08,2026-03-11,317,55.41,4105,4422,Completed
MOV001241,SKU_0272,WH_06,Pune,West,Outbound,,CUST_064,2026-06-28,2026-06-28,104,187.24,4109,-60,Completed
MOV004815,SKU_0141,WH_03,Delhi,North,Outbound,,CUST_028,2026-04-24,2026-04-26,399,605.82,3227,2828,Pending
MOV000017,SKU_0015,WH_01,Bengaluru,South,Transfer,,,2026-05-01,2026-05-03,100,1400.42,2820,2720,Completed
MOV002300,SKU_0064,WH_06,Pune,West,Transfer,,,2026-03-21,2026-03-24,68,380.88,1968,,Cancelled
MOV001016,SKU_0189,WH_02,Mumbai,West,Outbound,,CUST_094,2026-01-08,2026-01-08,101,292.66,4364,4263,Discrepancy
MOV002157,SKU_0276,WH_01,Bengaluru,South,Outbound,,CUST_015,2026-05-16,2026-05-16,209,1019.16,776,567,Completed
MOV003163,SKU_0138,WH_03,Delhi,North,Inbound,SUP_06,,2026-04-15,2026-04-18,166,1989.86,4936,5102,Completed
MOV003460,SKU_0038,WH_05,Hyderabad,South,Outbound,,CUST_009,2026-06-29,2026-07-02,368,1203.38,2748,2380,Completed
MOV003645,SKU_0093,WH_04,Kolkata,East,Outbound,,CUST_032,2026-01-18,2026-01-19,277,1473.08,1373,,Pending
MOV000737,SKU_0224,WH_02,Mumbai,West,Outbound,,CUST_008,2026-01-20,2026-01-22,131,936.49,1228,1097,Completed
MOV001329,SKU_0133,WH_01,Bengaluru,South,Inbound,SUP_06,,2026-01-25,2026-01-28,360,1411.62,3135,3495,Completed
MOV003396,SKU_0019,WH_02,Mumbai,West,Inbound,SUP_09,,2026-03-11,2026-03-11,425,13718.14,2793,3218,Completed
MOV004422,SKU_0277,WH_04,Kolkata,East,Outbound,,CUST_027,2026-01-24,2026-01-25,179,1628.55,3068,,Completed
MOV003810,SKU_0296,WH_05,Hyderabad,South,Inbound,SUP_06,,2026-04-20,2026-04-23,201,322.31,785,986,Completed
MOV002020,SKU_0079,WH_01,Bengaluru,South,Inbound,SUP_11,,2026-05-24,2026-05-24,210,343.62,2805,3015,Completed
MOV003600,SKU_0298,WH_03,Delhi,North,Outbound,,CUST_020,2026-05-12,2026-05-14,208,1830.72,543,,Cancelled
MOV004368,SKU_0050,WH_03,Delhi,North,Outbound,,CUST_022,2026-06-18,2026-06-19,338,69.41,487,149,Completed
MOV001122,SKU_0126,WH_01,Bengaluru,South,Inbound,SUP_05,,2026-04-20,2026-04-23,301,1120.82,145,446,Completed
MOV003228,SKU_0246,WH_06,Pune,West,Outbound,,CUST_037,2026-06-10,2026-06-11,318,1074.01,4592,4274,Completed
MOV003423,SKU_0239,WH_04,Kolkata,East,Outbound,,CUST_053,2026-02-27,2026-03-01,9,802.29,2881,,Discrepancy
MOV001281,SKU_0092,WH_01,Bengaluru,South,Outbound,,CUST_041,2026-03-12,2026-03-13,166,853.19,1636,1470,Completed
MOV004341,SKU_0011,WH_04,Kolkata,East,Adjustment,,,2026-01-31,2026-02-03,107,811.1,372,,Completed
MOV004024,SKU_0094,WH_04,Kolkata,East,Outbound,,CUST_098,2026-06-02,2026-06-02,460,1984.11,2645,,Completed
MOV000531,SKU_0134,WH_06,Pune,West,Inbound,SUP_07,,2026-05-15,2026-05-18,231,950.49,4641,4872,Completed
MOV001601,SKU_0038,WH_04,Kolkata,East,Transfer,,,2026-01-17,2026-01-20,114,1698.05,4573,,Completed
MOV004261,SKU_0269,WH_01,Bengaluru,South,Inbound,SUP_02,,2026-03-13,2026-03-13,83,1167.15,337,420,Completed
MOV002824,SKU_0077,WH_04,Kolkata,East,Outbound,,CUST_055,2026-02-23,2026-02-25,267,1974.5,1937,,Completed
MOV000386,SKU_0282,WH_06,Pune,West,Inbound,SUP_04,,2026-06-30,2026-07-01,190,1544.07,2464,2654,Completed
MOV003146,SKU_0221,WH_01,Bengaluru,South,Inbound,SUP_12,,2026-06-22,2026-06-22,106,1720.9,1450,1556,Completed
MOV001834,SKU_0293,WH_05,Hyderabad,South,Outbound,,CUST_051,2026-04-02,2026-04-05,416,420.91,3375,2959,Completed
MOV002995,SKU_0043,WH_04,Kolkata,East,Outbound,,CUST_044,2026-03-02,2026-03-02,235,819.51,4619,,Completed
MOV001233,SKU_0049,WH_06,Pune,West,Outbound,,CUST_070,2026-01-29,2026-01-29,50,699.52,4322,4272,Completed
MOV000615,SKU_0065,WH_06,Pune,West,Outbound,,CUST_017,,2026-05-27,492,1319.69,4009,3517,Completed
MOV002689,SKU_0295,WH_03,Delhi,North,Outbound,,CUST_043,2026-03-02,2026-03-04,335,1771.99,4712,4377,Completed
MOV000353,SKU_0041,WH_01,Bengaluru,South,Return,,,2026-01-08,2026-01-09,436,1826.79,449,885,Completed
MOV003746,SKU_0035,WH_02,Mumbai,West,Adjustment,,,2026-05-31,2026-06-02,40,143.18,2233,2193,Completed
MOV000406,SKU_0291,WH_02,Mumbai,West,Return,,,2026-06-14,2026-06-14,456,1469.72,1233,1689,Pending
MOV004455,SKU_0050,WH_02,Mumbai,West,Inbound,SUP_06,,2026-06-25,2026-06-26,37,282.21,2835,2872,Completed
MOV003386,SKU_0205,WH_01,Bengaluru,South,Transfer,,,2026-01-06,2026-01-06,378,1339.14,852,474,Completed
MOV000116,SKU_0087,WH_04,Kolkata,East,Outbound,,CUST_099,2026-03-07,2026-03-08,65,701.4,1949,,Completed
MOV000566,SKU_0255,WH_02,Mumbai,West,Outbound,,CUST_084,2026-05-21,,251,1966.16,3846,3595,Completed
MOV000650,SKU_0242,WH_04,Kolkata,East,Transfer,,,2026-05-04,2026-05-05,63,1888.78,3715,,Completed
MOV003603,SKU_0039,WH_06,Pune,West,Adjustment,,,2026-01-26,2026-01-28,252,837.78,3324,3576,Completed
MOV001848,SKU_0189,WH_01,Bengaluru,South,Outbound,,CUST_054,2026-03-21,2026-03-23,20,1498.56,2786,2766,Completed
MOV004029,SKU_0278,WH_04,Kolkata,East,Transfer,,,2026-01-25,2026-01-27,325,1178.13,4528,,Completed
MOV003055,SKU_0193,WH_04,Kolkata,East,Return,,,2026-04-23,2026-04-24,276,1257.48,302,,Completed
MOV002379,SKU_0155,WH_04,Kolkata,East,Outbound,,CUST_036,2026-06-21,2026-06-22,33,351.89,606,,Completed
MOV004350,SKU_0085,WH_05,Hyderabad,South,Adjustment,,,2026-03-27,2026-03-29,196,521.81,3869,3673,Completed
MOV001327,SKU_0300,WH_01,Bengaluru,South,Outbound,,CUST_036,2026-02-24,2026-02-27,250,1769.51,976,726,Completed
MOV001112,SKU_0075,WH_05,Hyderabad,South,Transfer,,,2026-03-24,2026-03-26,162,857.93,4350,4188,Completed
MOV001161,SKU_0262,WH_05,Hyderabad,South,Inbound,SUP_12,,2026-01-08,2026-01-08,206,541.92,4793,4999,Completed
MOV004716,SKU_0114,WH_01,Bengaluru,South,Outbound,,CUST_078,2026-06-24,2026-06-25,393,1322.79,1347,954,Completed
MOV000130,SKU_0108,WH_01,Bengaluru,South,Transfer,,,2026-03-06,2026-03-06,297,328.33,1913,1616,Completed
MOV002077,SKU_0297,WH_05,Hyderabad,South,Outbound,,CUST_100,2026-01-23,2026-01-23,452,1565.64,1085,633,Completed
MOV000018,SKU_0187,WH_01,Bengaluru,South,Inbound,SUP_04,,2026-05-01,2026-05-02,173,448.53,4999,5172,Pending
MOV004730,SKU_0146,WH_05,Hyderabad,South,Inbound,SUP_07,,2026-01-05,2026-01-07,412,1720.44,757,1169,Completed
MOV002839,SKU_0160,WH_03,Delhi,North,Outbound,,CUST_060,2026-05-29,2026-05-30,427,1312.36,4836,4409,Completed
MOV001230,SKU_0190,WH_01,Bengaluru,South,Inbound,SUP_08,,2026-05-22,,165,478.04,3382,3547,Completed
MOV001683,SKU_0293,WH_03,Delhi,North,Inbound,SUP_10,,2026-06-28,2026-06-28,170,1884.96,131,301,Completed
MOV003353,SKU_0187,WH_04,Kolkata,East,Outbound,,CUST_001,2026-06-02,2026-06-03,3,997.91,1088,,Completed
MOV000957,SKU_0284,WH_02,Mumbai,West,Outbound,,CUST_039,2026-01-14,2026-01-14,51,1742.39,4222,4171,Completed
MOV001031,SKU_0088,WH_02,Mumbai,West,Inbound,SUP_08,,2026-03-11,2026-03-14,46,1917.11,2297,2343,Completed
MOV001087,SKU_0189,WH_05,Hyderabad,South,Outbound,,CUST_092,2026-06-19,2026-06-22,349,70.43,2976,2627,Completed
MOV002509,SKU_0073,WH_04,Kolkata,East,Outbound,,CUST_056,2026-06-19,2026-06-22,362,912.43,310,,Cancelled
MOV001880,SKU_0180,WH_06,Pune,West,Transfer,,,2026-06-03,2026-06-04,115,518.1,243,128,Completed
MOV000021,SKU_0080,WH_05,Hyderabad,South,Outbound,,CUST_003,2026-01-04,2026-01-04,270,1511.52,1140,870,Completed
MOV000144,SKU_0242,WH_01,Bengaluru,South,Inbound,SUP_10,,2026-03-04,2026-03-07,376,1501.2,410,786,Completed
MOV000491,SKU_0118,WH_04,Kolkata,East,Inbound,SUP_12,,2026-04-27,2026-04-28,442,405.82,2572,,Cancelled
MOV002979,SKU_0198,WH_02,Mumbai,West,Transfer,,,2026-05-04,2026-05-06,79,1677.53,2214,2135,Completed
MOV002636,SKU_0010,WH_03,Delhi,North,Inbound,SUP_11,,2026-02-13,2026-02-16,136,1270.1,4748,4884,Completed
MOV003173,SKU_0287,WH_06,Pune,West,Transfer,,,2026-01-16,2026-01-16,462,602.06,4942,4480,Completed
MOV004002,SKU_0280,WH_04,Kolkata,East,Transfer,,,2026-03-15,2026-03-18,284,867.2,119,,Discrepancy
MOV000663,SKU_0192,WH_04,Kolkata,East,Outbound,,CUST_037,2026-04-07,2026-04-09,104,587.42,1905,,Completed
MOV003100,SKU_0149,WH_05,Hyderabad,South,Adjustment,,,2026-06-17,2026-06-18,317,941.89,1956,2273,Discrepancy
MOV000881,SKU_0226,WH_01,Bengaluru,South,Inbound,SUP_12,,2026-06-27,2026-06-27,69,480.7,1000,1069,Completed
MOV002579,SKU_0016,WH_05,Hyderabad,South,Return,,,2026-01-01,2026-01-02,467,385.49,1040,1507,Completed
MOV002220,SKU_0039,WH_06,Pune,West,Outbound,,CUST_004,2026-04-26,2026-04-27,212,116.87,1254,1042,Completed
MOV001472,SKU_0280,WH_03,Delhi,North,Outbound,,CUST_024,2026-03-23,2026-03-26,469,1480.38,1625,1156,Discrepancy
MOV000744,SKU_0204,WH_03,Delhi,North,Outbound,,CUST_069,2026-05-31,2026-06-03,145,601.14,1510,1365,Completed
MOV001531,SKU_0166,WH_04,Kolkata,East,Adjustment,,,2026-02-05,2026-02-08,381,1784.51,3158,,Completed
MOV002620,SKU_0071,WH_04,Kolkata,East,Return,,,2026-03-13,2026-03-15,466,759.28,3515,-107,Completed
MOV002541,SKU_0206,WH_05,Hyderabad,South,Return,,,2026-05-29,2026-05-31,269,1988.4,1997,2266,Completed
MOV002545,SKU_0002,WH_01,Bengaluru,South,Outbound,,CUST_047,2026-03-03,2026-03-03,47,839.88,3295,,Cancelled
MOV003045,SKU_0265,WH_01,Bengaluru,South,Outbound,,CUST_081,2026-05-28,2026-05-29,48,1769.97,2375,2327,Completed
MOV003658,SKU_0011,WH_02,Mumbai,West,Inbound,SUP_10,,2026-03-30,2026-04-02,165,947.84,2753,2918,Completed
MOV004453,SKU_0027,WH_02,Mumbai,West,Adjustment,,,2026-01-14,2026-01-15,296,218.35,883,587,Completed
MOV000506,SKU_0160,WH_04,Kolkata,East,Inbound,SUP_09,,2026-04-23,2026-04-26,300,17537.06,3899,,Completed
MOV000063,SKU_0158,WH_01,Bengaluru,South,Inbound,SUP_08,,2026-06-22,2026-06-25,42,551.65,3476,3518,Discrepancy
MOV000507,SKU_0109,WH_06,Pune,West,Inbound,SUP_04,,2026-04-29,2026-04-30,286,1041.79,969,1255,Completed
MOV000855,SKU_0056,WH_05,Hyderabad,South,Inbound,SUP_11,,2026-04-08,2026-04-11,493,1445.57,3626,4119,Completed
MOV001084,SKU_0028,WH_03,Delhi,North,Inbound,SUP_09,,2026-02-09,2026-02-12,472,9594.3,3492,3964,Completed
MOV002647,SKU_0013,WH_06,Pune,West,Adjustment,,,2026-05-04,2026-05-07,142,1201.03,4729,4871,Completed
MOV001665,SKU_0271,WH_03,Delhi,North,Outbound,,CUST_018,2026-02-17,2026-02-17,137,1894.91,2238,2101,Completed
MOV001438,SKU_0284,WH_01,Bengaluru,South,Outbound,,CUST_038,2026-03-28,2026-03-29,127,929.09,2870,2743,Completed
MOV004446,SKU_0080,WH_04,Kolkata,East,Transfer,,,2026-01-27,,208,1083.92,814,,Completed
MOV000731,SKU_0300,WH_03,Delhi,North,Inbound,SUP_05,,2026-01-05,2026-01-06,324,1639.27,2186,2510,Completed
MOV002010,SKU_0120,WH_04,Kolkata,East,Adjustment,,,2026-01-06,2026-01-07,343,442.06,1477,,Discrepancy
MOV002464,SKU_0217,WH_04,Kolkata,East,Inbound,SUP_07,,2026-03-28,2026-03-29,162,1884.8,1429,,Completed
MOV004661,SKU_0127,WH_06,Pune,West,Transfer,,,2026-05-17,2026-05-19,43,56.21,3011,2968,Completed
MOV003284,SKU_0004,WH_04,Kolkata,East,Transfer,,,2026-01-11,2026-01-13,436,1927.94,2924,,Completed
MOV003141,SKU_0241,WH_05,Hyderabad,South,Transfer,,,2026-02-07,2026-02-09,190,1891.03,2748,2558,Completed
MOV001908,SKU_0191,WH_05,Hyderabad,South,Outbound,,CUST_027,2026-06-25,2026-06-27,458,582.81,1334,876,Completed
MOV001985,SKU_0005,WH_06,Pune,West,Outbound,,CUST_037,2026-04-27,2026-04-27,116,1587.5,4397,4281,Discrepancy
MOV000128,SKU_0096,WH_04,Kolkata,East,Inbound,SUP_12,,2026-03-13,2026-03-15,126,1326.09,2624,,Completed
MOV004013,SKU_0265,WH_01,Bengaluru,South,Adjustment,,,2026-02-26,2026-02-26,102,382.69,1809,1707,Completed
MOV000692,SKU_0137,WH_03,Delhi,North,Return,,,2026-05-19,2026-05-20,131,72.35,3025,3156,Completed
MOV003134,SKU_0018,WH_06,Pune,West,Inbound,SUP_11,,2026-05-26,2026-05-29,185,640.48,3691,3876,Discrepancy
MOV000712,SKU_0198,WH_06,Pune,West,Outbound,,CUST_045,2026-01-12,2026-01-14,482,414.74,3100,2618,Discrepancy
MOV002534,SKU_0123,WH_06,Pune,West,Inbound,SUP_03,,2026-04-23,2026-04-26,277,813.56,4462,4739,Completed
MOV004151,SKU_0171,WH_06,Pune,West,Outbound,,CUST_074,2026-04-11,2026-04-11,487,1260.3,3557,3070,Completed
MOV004407,SKU_0115,WH_01,Bengaluru,South,Outbound,,CUST_075,2026-06-03,2026-06-06,270,139.14,3430,3160,Completed
MOV001332,SKU_0120,WH_03,Delhi,North,Outbound,,CUST_028,2026-04-11,2026-04-11,157,327.19,1253,1096,Completed
MOV003505,SKU_0269,WH_01,Bengaluru,South,Return,,,2026-01-27,2026-01-27,296,1543.85,44,340,Completed
MOV000570,SKU_0288,WH_03,Delhi,North,Inbound,SUP_12,,2026-01-04,2026-01-05,170,497.38,1625,1795,Pending
MOV002046,SKU_0093,WH_02,Mumbai,West,Inbound,SUP_06,,2026-01-07,2026-01-10,479,1535.48,2152,2631,Pending
MOV004944,SKU_0027,WH_03,Delhi,North,Outbound,,CUST_026,2026-06-15,2026-06-15,110,1215.6,1103,993,Completed
MOV004410,SKU_0205,WH_02,Mumbai,West,Outbound,,CUST_091,2026-02-09,2026-02-12,455,1623.68,506,51,Discrepancy
MOV000081,SKU_0052,WH_04,Kolkata,East,Transfer,,,2026-02-09,2026-02-09,335,369.19,2221,,Completed
MOV004869,SKU_0232,WH_03,Delhi,North,Outbound,,CUST_065,2026-01-09,2026-01-12,335,292.43,4714,4379,Completed
MOV002943,SKU_0153,WH_01,Bengaluru,South,Transfer,,,2026-01-13,2026-01-13,398,1092.59,4418,4020,Completed
MOV000241,SKU_0240,WH_04,Kolkata,East,Adjustment,,,2026-03-22,2026-03-22,172,1179.37,2734,,Completed
MOV002749,SKU_0208,WH_04,Kolkata,East,Return,,,2026-05-17,2026-05-19,425,1229.29,4514,,Completed
MOV001806,SKU_0231,WH_02,Mumbai,West,Inbound,SUP_02,,2026-03-02,2026-03-03,254,105.12,1326,1580,Completed
MOV002833,SKU_0210,WH_02,Mumbai,West,Outbound,,CUST_043,2026-05-14,2026-05-17,317,101.15,3241,2924,Discrepancy
MOV004035,SKU_0287,WH_04,Kolkata,East,Outbound,,CUST_099,2026-03-23,2026-03-23,432,50.84,3630,,Completed
MOV004246,SKU_0191,WH_05,Hyderabad,South,Adjustment,,,2026-01-06,2026-01-06,251,224.09,1207,956,Discrepancy
MOV002424,SKU_0080,WH_05,Hyderabad,South,Transfer,,,2026-03-22,2026-03-22,460,227.12,513,53,Completed
MOV000864,SKU_0002,WH_03,Delhi,North,Outbound,,CUST_069,2026-04-23,2026-04-23,21,1748.57,1226,1205,Completed
MOV001173,SKU_0115,WH_02,Mumbai,West,Outbound,,CUST_003,2026-06-25,2026-06-26,36,1187.32,4188,4152,Completed
MOV002546,SKU_0290,WH_02,Mumbai,West,Outbound,,CUST_086,2026-06-25,2026-06-27,214,497.89,2968,2754,Completed
MOV003020,SKU_0124,WH_06,Pune,West,Transfer,,,2026-05-15,2026-05-18,368,1665.34,2334,1966,Discrepancy
MOV002188,SKU_0029,WH_04,Kolkata,East,Outbound,,CUST_045,2026-03-23,2026-03-25,418,1175.14,3563,,Completed
MOV001276,SKU_0096,WH_04,Kolkata,East,Adjustment,,,,2026-03-10,110,1855.87,707,,Completed
MOV000992,SKU_0205,WH_02,Mumbai,West,Transfer,,,2026-03-28,2026-03-29,384,1184.28,2251,1867,Completed
MOV003322,SKU_0046,WH_01,Bengaluru,South,Inbound,SUP_08,,2026-05-09,2026-05-09,381,1626.55,2319,2700,Completed
MOV004527,SKU_0150,WH_03,Delhi,North,Outbound,,CUST_081,2026-05-13,2026-05-15,65,593.07,4717,4652,Completed
MOV001846,SKU_0183,WH_05,Hyderabad,South,Inbound,SUP_09,,2026-06-25,2026-06-28,384,10991.12,1103,1487,Completed
MOV004954,SKU_0238,WH_04,Kolkata,East,Inbound,SUP_07,,2026-04-13,2026-04-14,315,1137.76,2562,,Completed
MOV002757,SKU_0021,WH_04,Kolkata,East,Outbound,,CUST_055,2026-01-22,2026-01-25,479,1608.54,3132,,Completed
MOV003261,SKU_0039,WH_04,Kolkata,East,Return,,,2026-02-22,2026-02-23,12,1177.14,3177,,Completed
MOV002783,SKU_0282,WH_03,Delhi,North,Adjustment,,,2026-04-21,2026-04-23,344,880.02,1781,2125,Discrepancy
MOV002523,SKU_0248,WH_03,Delhi,North,Transfer,,,2026-02-08,2026-02-11,305,1075.24,1266,961,Completed
MOV004397,SKU_0136,WH_01,Bengaluru,South,Transfer,,,2026-05-11,2026-05-12,69,1791.92,4866,4797,Completed
MOV003709,SKU_0130,WH_01,Bengaluru,South,Adjustment,,,2026-02-02,2026-02-04,271,1106.68,1072,1343,Completed
MOV003110,SKU_0214,WH_02,Mumbai,West,Return,,,2026-02-22,2026-02-23,275,1142.17,174,449,Completed
MOV002920,SKU_0148,WH_02,Mumbai,West,Return,,,2026-03-18,2026-03-21,141,787.97,3826,3967,Completed
MOV003046,SKU_0115,WH_01,Bengaluru,South,Transfer,,,2026-05-05,2026-05-07,3,1086.42,836,833,Completed
MOV004971,SKU_0157,WH_02,Mumbai,West,Outbound,,CUST_004,2026-01-01,2026-01-01,258,1268.09,970,712,Completed
MOV002346,SKU_0140,WH_03,Delhi,North,Inbound,SUP_09,,2026-04-16,2026-04-17,476,2784.88,4770,5246,Completed
MOV004444,SKU_0069,WH_06,Pune,West,Outbound,,CUST_014,2026-04-08,2026-04-11,452,565.51,4378,3926,Discrepancy
MOV003010,SKU_0136,WH_01,Bengaluru,South,Inbound,SUP_08,,2026-04-06,2026-04-06,183,1742.13,3856,4039,Completed
MOV000743,SKU_0062,WH_02,Mumbai,West,Transfer,,,2026-05-31,2026-05-31,148,1216.26,2919,2771,Completed
MOV002821,SKU_0133,WH_02,Mumbai,West,Return,,,2026-02-05,2026-02-05,354,331.14,1185,1539,Discrepancy
MOV004776,SKU_0014,WH_04,Kolkata,East,Outbound,,CUST_056,2026-01-08,2026-01-10,101,1718.77,890,,Completed
MOV002091,SKU_0116,WH_02,Mumbai,West,Outbound,,CUST_013,2026-05-24,2026-05-27,14,504.91,320,306,Completed
MOV000917,SKU_0164,WH_01,Bengaluru,South,Outbound,,CUST_077,2026-04-26,2026-04-28,493,89.0,4763,4270,Discrepancy
MOV001420,SKU_0130,WH_05,Hyderabad,South,Outbound,,CUST_056,2026-06-06,2026-06-08,92,1553.46,4389,4297,Completed
MOV003458,SKU_0001,WH_05,Hyderabad,South,Return,,,2026-06-13,2026-06-13,232,630.87,1442,1674,Completed
MOV003115,SKU_0289,WH_04,Kolkata,East,Transfer,,,2026-05-25,2026-05-27,230,1993.96,179,,Completed
MOV000703,SKU_0154,WH_04,Kolkata,East,Inbound,SUP_09,,2026-05-17,2026-05-17,144,17907.44,2705,,Completed
MOV004477,SKU_0117,WH_05,Hyderabad,South,Outbound,,CUST_088,2026-05-12,2026-05-13,30,1969.7,2486,2456,Completed
MOV000980,SKU_0179,WH_04,Kolkata,East,Outbound,,CUST_014,2026-03-27,2026-03-29,296,1035.67,689,,Completed
MOV004627,SKU_0174,WH_02,Mumbai,West,Transfer,,,2026-06-21,2026-06-23,296,1438.01,805,509,Pending
MOV004101,SKU_0201,WH_02,Mumbai,West,Transfer,,,2026-04-18,2026-04-18,19,387.17,4812,4793,Completed
MOV001855,SKU_0014,WH_04,Kolkata,East,Adjustment,,,2026-03-26,2026-03-29,463,136.63,1098,635,Completed
MOV003330,SKU_0219,WH_03,Delhi,North,Transfer,,,2026-01-07,2026-01-09,105,412.94,3631,3526,Completed
MOV004424,SKU_0260,WH_03,Delhi,North,Inbound,SUP_02,,2026-01-17,2026-01-20,9,1209.88,2648,2657,Completed
MOV003455,SKU_0209,WH_06,Pune,West,Outbound,,CUST_022,,2026-01-13,167,220.61,2424,2257,Discrepancy
MOV004290,SKU_0119,WH_01,Bengaluru,South,Adjustment,,,2026-06-17,2026-06-19,299,747.2,1360,1061,Completed
MOV003770,SKU_0006,WH_01,Bengaluru,South,Outbound,,CUST_061,2026-04-27,2026-04-28,439,880.04,1414,975,Completed
MOV001819,SKU_0250,WH_03,Delhi,North,Outbound,,CUST_071,2026-06-17,2026-06-18,28,966.59,4112,4084,Completed
MOV004254,SKU_0026,WH_02,Mumbai,West,Inbound,SUP_01,,2026-06-21,2026-06-24,288,1882.1,660,948,Completed
MOV002454,SKU_0149,WH_04,Kolkata,East,Outbound,,CUST_056,2026-03-27,2026-03-29,102,957.31,2739,,Completed
MOV004648,SKU_0056,WH_04,Kolkata,East,Transfer,,,2026-06-21,2026-06-21,37,1627.6,253,216,Completed
MOV002208,SKU_0038,WH_01,Bengaluru,South,Outbound,,CUST_079,2026-01-23,2026-01-25,112,821.26,2688,2576,Completed
MOV003540,SKU_0176,WH_02,Mumbai,West,Inbound,SUP_12,,2026-04-02,2026-04-04,430,159.15,1202,1632,Completed
MOV003360,SKU_0092,WH_02,Mumbai,West,Transfer,,,2026-06-23,2026-06-25,190,323.07,566,376,Discrepancy
MOV002472,SKU_0282,WH_03,Delhi,North,Inbound,SUP_12,,2026-03-02,2026-03-04,353,1298.01,587,,Cancelled
MOV003513,SKU_0084,WH_03,Delhi,North,Inbound,SUP_03,,2026-02-20,2026-02-21,346,1632.87,173,519,Completed
MOV002760,SKU_0164,WH_05,Hyderabad,South,Inbound,SUP_09,,2026-01-02,2026-01-02,116,8084.94,281,397,Completed
MOV003441,SKU_0215,WH_06,Pune,West,Inbound,SUP_11,,2026-03-20,2026-03-21,60,215.64,882,942,Discrepancy
MOV002543,SKU_0146,WH_02,Mumbai,West,Transfer,,,2026-01-18,2026-01-19,77,1681.62,2339,2262,Completed
MOV003150,SKU_0085,WH_02,Mumbai,West,Return,,,2026-05-25,2026-05-26,279,1685.28,2759,3038,Completed
MOV000738,SKU_0132,WH_05,Hyderabad,South,Adjustment,,,,2026-04-09,341,1903.93,4460,4801,Completed
MOV003221,SKU_0035,WH_01,Bengaluru,South,Outbound,,CUST_079,2026-05-15,2026-05-16,386,1547.12,2300,1914,Completed
MOV002322,SKU_0165,WH_02,Mumbai,West,Outbound,,CUST_046,2026-01-12,2026-01-14,307,262.27,2578,2271,Completed
MOV001555,SKU_0084,WH_01,Bengaluru,South,Outbound,,CUST_091,2026-05-07,2026-05-10,438,456.34,850,412,Completed
MOV004393,SKU_0288,WH_04,Kolkata,East,Inbound,SUP_08,,2026-01-30,2026-01-30,303,1959.17,3764,4067,Completed
MOV001592,SKU_0155,WH_04,Kolkata,East,Inbound,SUP_02,,2026-02-05,2026-02-08,185,891.32,279,,Completed
MOV003624,SKU_0208,WH_04,Kolkata,East,Return,,,2026-04-22,2026-04-22,373,355.64,1346,1719,Completed
MOV004069,SKU_0155,WH_04,Kolkata,East,Inbound,SUP_07,,2026-01-12,2026-01-13,229,1336.4,197,,Cancelled
MOV002048,SKU_0150,WH_01,Bengaluru,South,Return,,,2026-06-25,2026-06-25,263,1835.49,408,671,Discrepancy
MOV003791,SKU_0267,WH_01,Bengaluru,South,Inbound,SUP_04,,2026-01-30,2026-02-02,58,369.52,1765,1823,Discrepancy
MOV003057,SKU_0117,WH_06,Pune,West,Outbound,,CUST_075,2026-04-22,2026-04-22,394,1894.06,2088,,Cancelled
MOV002009,SKU_0284,WH_03,Delhi,North,Outbound,,CUST_045,2026-04-16,2026-04-18,378,1403.94,2684,2306,Completed
MOV002352,SKU_0224,WH_05,Hyderabad,South,Inbound,SUP_10,,2026-06-21,2026-06-22,52,1555.11,1198,1250,Completed
MOV003338,SKU_0242,WH_06,Pune,West,Transfer,,,2026-01-10,2026-01-10,450,642.55,3246,,Cancelled
MOV003566,SKU_0215,WH_03,Delhi,North,Transfer,,,2026-01-14,2026-01-15,389,523.34,108,-281,Completed
MOV003526,SKU_0270,WH_05,Hyderabad,South,Adjustment,,,2026-05-30,2026-06-01,184,1971.62,4746,4562,Completed
MOV004028,SKU_0046,WH_03,Delhi,North,Outbound,,CUST_021,2026-04-16,2026-04-18,9,325.99,1378,-175,Pending
MOV004975,SKU_0228,WH_01,Bengaluru,South,Adjustment,,,2026-02-07,2026-02-09,500,1959.43,3383,2883,Completed
MOV002711,SKU_0122,WH_06,Pune,West,Adjustment,,,2026-05-07,2026-05-09,64,1541.04,4186,4250,Completed
MOV002216,SKU_0117,WH_02,Mumbai,West,Inbound,SUP_01,,2026-03-26,2026-03-29,316,530.62,2964,3280,Completed
MOV004085,SKU_0225,WH_05,Hyderabad,South,Outbound,,CUST_047,2026-01-12,2026-01-14,259,1447.54,2813,2554,Completed
MOV002752,SKU_0105,WH_04,Kolkata,East,Inbound,SUP_10,,2026-03-31,2026-04-01,237,866.26,4830,5067,Completed
MOV000773,SKU_0035,WH_05,Hyderabad,South,Outbound,,CUST_004,2026-01-09,2026-01-10,400,1318.89,2679,2279,Completed
MOV003393,SKU_0160,WH_06,Pune,West,Inbound,SUP_07,,2026-05-21,2026-05-21,138,1141.78,1828,1966,Completed
MOV004749,SKU_0123,WH_05,Hyderabad,South,Outbound,,CUST_068,2026-01-06,2026-01-06,36,77.88,2167,2131,Pending
MOV000673,SKU_0181,WH_01,Bengaluru,South,Outbound,,CUST_098,2026-05-02,2026-05-03,307,1003.49,1756,1449,Completed
MOV000372,SKU_0187,WH_02,Mumbai,West,Outbound,,CUST_042,2026-01-11,2026-01-13,337,1810.3,1488,-118,Completed
MOV001497,SKU_0144,WH_06,Pune,West,Inbound,SUP_07,,2026-04-05,2026-04-05,297,624.31,3264,3561,Completed
MOV003672,SKU_0163,WH_05,Hyderabad,South,Transfer,,,2026-02-25,2026-02-26,101,924.18,4600,,Cancelled
MOV002680,SKU_0015,WH_02,Mumbai,West,Outbound,,CUST_008,2026-02-17,2026-02-20,222,82.09,4209,3987,Pending
MOV000291,SKU_0047,WH_01,Bengaluru,South,Outbound,,CUST_085,2026-03-07,2026-03-10,352,877.92,464,112,Discrepancy
MOV000306,SKU_0020,WH_04,Kolkata,East,Outbound,,CUST_043,2026-01-18,2026-01-18,102,1739.94,412,,Pending
MOV000831,SKU_0238,WH_05,Hyderabad,South,Inbound,SUP_09,,2026-03-06,2026-03-08,47,13251.39,3283,3330,Discrepancy
MOV001271,SKU_0297,WH_05,Hyderabad,South,Inbound,SUP_10,,2026-03-13,2026-03-14,116,363.2,2020,2136,Pending
MOV000271,SKU_0227,WH_05,Hyderabad,South,Transfer,,,2026-04-27,2026-04-27,243,1505.1,3855,3612,Completed
MOV000010,SKU_0195,WH_02,Mumbai,West,Inbound,SUP_03,,2026-02-08,2026-02-09,338,505.01,3972,4310,Pending
MOV001132,SKU_0146,WH_01,Bengaluru,South,Transfer,,,2026-02-22,2026-02-23,96,852.15,4901,4805,Completed
MOV003152,SKU_0173,WH_06,Pune,West,Outbound,,CUST_097,2026-06-27,2026-06-28,119,1345.06,2051,1932,Completed
MOV003265,SKU_0147,WH_01,Bengaluru,South,Transfer,,,2026-02-05,2026-02-07,92,1912.65,3634,3542,Completed
MOV001606,SKU_0067,WH_03,Delhi,North,Outbound,,CUST_003,2026-02-08,2026-02-09,170,610.48,4762,4592,Completed
MOV002302,SKU_0199,WH_02,Mumbai,West,Outbound,,CUST_067,2026-06-24,2026-06-26,387,880.8,1429,1042,Completed
MOV002653,SKU_0019,WH_02,Mumbai,West,Inbound,SUP_07,,2026-04-23,2026-04-26,15,400.85,338,353,Completed
MOV001869,SKU_0265,WH_01,Bengaluru,South,Return,,,2026-01-07,2026-01-08,75,331.06,192,267,Completed
MOV000318,SKU_0071,WH_01,Bengaluru,South,Adjustment,,,2026-03-11,2026-03-12,97,1195.72,4724,4627,Discrepancy
MOV002351,SKU_0182,WH_04,Kolkata,East,Outbound,,CUST_009,2026-02-25,2026-02-26,303,1051.37,3172,,Completed
MOV001560,SKU_0265,WH_05,Hyderabad,South,Return,,,2026-05-16,2026-05-19,264,285.83,2520,2784,Completed
MOV002771,SKU_0047,WH_06,Pune,West,Transfer,,,2026-03-28,2026-03-30,460,1823.57,2278,1818,Completed
MOV004420,SKU_0110,WH_04,Kolkata,East,Adjustment,,,2026-04-29,,65,1307.74,2201,,Pending
MOV001838,SKU_0273,WH_02,Mumbai,West,Transfer,,,2026-05-09,,133,1482.91,3579,3446,Completed
MOV000496,SKU_0014,WH_05,Hyderabad,South,Transfer,,,2026-04-02,2026-04-05,108,361.9,4065,3957,Completed
MOV001355,SKU_0287,WH_05,Hyderabad,South,Inbound,SUP_09,,2026-03-20,2026-03-23,254,5590.88,2277,2531,Pending
MOV001590,SKU_0083,WH_05,Hyderabad,South,Return,,,2026-03-10,2026-03-10,359,1237.49,2381,2740,Completed
MOV003559,SKU_0297,WH_01,Bengaluru,South,Return,,,2026-03-05,2026-03-08,261,1270.99,3596,3857,Completed
MOV004814,SKU_0114,WH_05,Hyderabad,South,Outbound,,CUST_042,2026-01-08,2026-01-11,5,1148.67,4177,4172,Completed
MOV001432,SKU_0015,WH_03,Delhi,North,Outbound,,CUST_054,2026-02-04,2026-02-04,159,1604.01,2676,2517,Discrepancy
MOV001422,SKU_0120,WH_04,Kolkata,East,Outbound,,CUST_088,2026-02-24,2026-02-24,39,1262.21,42,,Completed
MOV000645,SKU_0025,WH_06,Pune,West,Inbound,SUP_12,,2026-06-07,2026-06-07,106,121.66,1025,1131,Pending
MOV001585,SKU_0094,WH_04,Kolkata,East,Outbound,,CUST_037,2026-02-28,2026-02-28,134,1637.0,4244,,Completed
MOV004433,SKU_0162,WH_04,Kolkata,East,Transfer,,,2026-05-31,2026-06-03,377,1398.19,3716,,Cancelled
MOV004735,SKU_0247,WH_03,Delhi,North,Inbound,SUP_05,,2026-02-26,2026-02-27,473,1573.73,3341,3814,Completed
MOV000186,SKU_0142,WH_05,Hyderabad,South,Inbound,SUP_12,,2026-05-02,2026-05-04,402,1279.8,1042,1444,Completed
MOV002294,SKU_0181,WH_05,Hyderabad,South,Inbound,SUP_11,,2026-05-03,2026-05-05,428,1730.45,3343,3771,Completed
MOV002017,SKU_0280,WH_03,Delhi,North,Outbound,,CUST_040,2026-06-04,2026-06-04,209,1577.67,1532,1323,Completed
MOV004048,SKU_0116,WH_06,Pune,West,Transfer,,,2026-03-20,2026-03-20,398,1346.17,1512,1114,Pending
MOV000674,SKU_0006,WH_01,Bengaluru,South,Inbound,SUP_03,,2026-03-09,2026-03-11,108,1740.09,912,1020,Completed
MOV004850,SKU_0074,WH_05,Hyderabad,South,Outbound,,CUST_021,2026-05-29,2026-06-01,491,1379.37,3032,2541,Completed
MOV002023,SKU_0114,WH_06,Pune,West,Adjustment,,,2026-03-01,2026-03-01,469,1744.64,839,370,Completed
MOV000677,SKU_0217,WH_02,Mumbai,West,Inbound,SUP_06,,2026-05-30,2026-06-02,7,1440.28,165,,Cancelled
MOV003003,SKU_0242,WH_04,Kolkata,East,Return,,,2026-04-17,2026-04-19,54,834.87,4860,,Completed
MOV002578,SKU_0170,WH_01,Bengaluru,South,Inbound,SUP_10,,2026-06-14,2026-06-15,339,1237.77,1581,1920,Pending
MOV004345,SKU_0297,WH_06,Pune,West,Return,,,2026-01-18,2026-01-19,46,707.32,1746,1792,Discrepancy
MOV001070,SKU_0030,WH_06,Pune,West,Adjustment,,,2026-05-28,2026-05-30,239,1066.55,917,678,Completed
MOV004927,SKU_0203,WH_04,Kolkata,East,Outbound,,CUST_074,2026-03-26,2026-03-27,496,461.21,3927,,Completed
MOV002737,SKU_0266,WH_04,Kolkata,East,Inbound,SUP_11,,2026-05-02,2026-05-03,103,570.44,3859,,Discrepancy
MOV000809,SKU_0218,WH_04,Kolkata,East,Outbound,,CUST_073,2026-05-05,2026-05-08,172,1189.68,1723,,Completed
MOV002338,SKU_0012,WH_04,Kolkata,East,Return,,,2026-04-19,2026-04-21,2,492.48,1156,,Discrepancy
MOV003886,SKU_0081,WH_01,Bengaluru,South,Transfer,,,2026-02-24,2026-02-24,54,317.95,4175,4121,Completed
MOV004190,SKU_0258,WH_05,Hyderabad,South,Return,,,2026-01-21,2026-01-22,370,792.67,3703,4073,Completed
MOV003320,SKU_0226,WH_05,Hyderabad,South,Transfer,,,2026-04-15,2026-04-18,471,206.36,565,94,Completed
MOV002089,SKU_0254,WH_06,Pune,West,Outbound,,CUST_078,2026-06-04,2026-06-04,356,1292.56,4653,4297,Discrepancy
MOV003385,SKU_0092,WH_04,Kolkata,East,Outbound,,CUST_081,2026-06-01,2026-06-04,166,1888.82,2535,,Completed
MOV002971,SKU_0024,WH_05,Hyderabad,South,Transfer,,,2026-04-18,2026-04-21,19,693.44,4459,-74,Completed
MOV003143,SKU_0276,WH_06,Pune,West,Outbound,,CUST_098,,2026-04-16,75,62.57,2825,2750,Completed
MOV004532,SKU_0208,WH_02,Mumbai,West,Outbound,,CUST_045,2026-02-07,2026-02-09,454,1727.53,2969,2515,Completed
MOV002477,SKU_0128,WH_02,Mumbai,West,Return,,,2026-01-26,2026-01-27,386,487.83,2836,3222,Completed
MOV001195,SKU_0030,WH_03,Delhi,North,Inbound,SUP_09,,2026-05-23,2026-05-24,198,4557.67,586,784,Completed
MOV003044,SKU_0095,WH_06,Pune,West,Outbound,,CUST_040,2026-01-16,2026-01-18,20,1843.12,4657,4637,Completed
MOV001563,SKU_0272,WH_01,Bengaluru,South,Outbound,,CUST_054,2026-01-23,2026-01-25,132,1556.42,4546,4414,Pending
MOV001203,SKU_0268,WH_05,Hyderabad,South,Adjustment,,,2026-02-11,2026-02-14,310,77.83,420,110,Completed
MOV003683,SKU_0005,WH_02,Mumbai,West,Outbound,,CUST_002,2026-03-16,2026-03-17,411,1187.76,3070,2659,Completed
MOV002665,SKU_0025,WH_03,Delhi,North,Outbound,,CUST_054,2026-01-02,2026-01-04,45,343.99,1211,1166,Completed
MOV001910,SKU_0067,WH_05,Hyderabad,South,Transfer,,,2026-03-10,2026-03-12,199,1053.68,3898,3699,Completed
MOV000114,SKU_0203,WH_06,Pune,West,Inbound,SUP_11,,2026-01-07,2026-01-09,106,641.13,3506,,Cancelled
MOV004949,SKU_0191,WH_06,Pune,West,Transfer,,,2026-06-10,2026-06-12,422,1912.57,679,257,Completed
MOV000464,SKU_0035,WH_04,Kolkata,East,Outbound,,CUST_085,2026-06-25,2026-06-25,358,410.44,370,,Pending
MOV004049,SKU_0043,WH_06,Pune,West,Outbound,,CUST_003,2026-06-29,2026-06-29,248,759.63,4769,4521,Completed
MOV004555,SKU_0025,WH_06,Pune,West,Return,,,2026-03-05,2026-03-05,369,480.43,2245,-103,Completed
MOV001939,SKU_0130,WH_06,Pune,West,Outbound,,CUST_051,2026-02-18,2026-02-21,459,1115.09,85,-374,Completed
MOV002778,SKU_0080,WH_04,Kolkata,East,Outbound,,CUST_053,2026-01-24,2026-01-27,262,971.91,2509,,Completed
MOV003794,SKU_0217,WH_05,Hyderabad,South,Transfer,,,2026-04-14,2026-04-15,117,1985.51,3011,2894,Completed
MOV004741,SKU_0209,WH_05,Hyderabad,South,Return,,,2026-01-07,2026-01-08,149,1557.6,2816,2965,Completed
MOV000350,SKU_0107,WH_01,Bengaluru,South,Inbound,SUP_09,,2026-04-28,2026-04-29,63,15656.63,3514,3577,Discrepancy
MOV002165,SKU_0156,WH_02,Mumbai,West,Transfer,,,2026-05-08,2026-05-09,57,933.91,3797,3740,Completed
MOV000226,SKU_0216,WH_03,Delhi,North,Inbound,SUP_01,,2026-06-20,2026-06-21,463,1463.27,3103,3566,Completed
MOV004295,SKU_0192,WH_02,Mumbai,West,Inbound,SUP_11,,2026-04-15,2026-04-17,373,1102.48,3300,3673,Pending
MOV002638,SKU_0119,WH_02,Mumbai,West,Return,,,2026-03-23,2026-03-26,485,804.82,4629,5114,Completed
MOV000515,SKU_0056,WH_04,Kolkata,East,Outbound,,CUST_092,2026-01-05,2026-01-08,187,296.95,3877,,Completed
MOV004649,SKU_0042,WH_04,Kolkata,East,Transfer,,,2026-03-19,2026-03-20,472,1450.67,248,,Completed
MOV000409,SKU_0014,WH_01,Bengaluru,South,Inbound,SUP_02,,2026-06-07,2026-06-07,255,1495.16,1625,1880,Pending
MOV003893,SKU_0271,WH_06,Pune,West,Adjustment,,,2026-06-10,2026-06-11,443,883.15,1755,1312,Pending
MOV001931,SKU_0242,WH_01,Bengaluru,South,Outbound,,CUST_086,2026-04-05,2026-04-06,465,1995.99,1704,1239,Completed
MOV002984,SKU_0150,WH_02,Mumbai,West,Outbound,,CUST_097,2026-04-12,2026-04-14,7,969.8,3209,3202,Completed
MOV001413,SKU_0290,WH_04,Kolkata,East,Outbound,,CUST_034,2026-05-18,2026-05-19,4,1817.31,4790,,Discrepancy
MOV003389,SKU_0143,WH_06,Pune,West,Outbound,,CUST_090,2026-04-01,2026-04-04,106,727.41,499,393,Completed
MOV003697,SKU_0141,WH_05,Hyderabad,South,Outbound,,CUST_030,2026-06-14,2026-06-16,2,571.2,4839,4837,Completed
MOV003325,SKU_0211,WH_03,Delhi,North,Outbound,,CUST_016,2026-04-15,2026-04-18,281,1645.17,3456,,Cancelled
MOV004437,SKU_0215,WH_02,Mumbai,West,Outbound,,CUST_022,2026-01-26,2026-01-28,256,1815.94,3006,2750,Completed
MOV003014,SKU_0172,WH_01,Bengaluru,South,Transfer,,,2026-05-31,2026-05-31,272,1186.65,1494,-90,Completed
MOV004839,SKU_0067,WH_01,Bengaluru,South,Outbound,,CUST_065,2026-05-05,2026-05-07,142,1365.53,4213,4071,Pending
MOV002596,SKU_0168,WH_06,Pune,West,Transfer,,,2026-06-04,2026-06-05,302,1021.25,4784,4482,Completed
MOV002259,SKU_0110,WH_06,Pune,West,Transfer,,,2026-03-11,2026-03-14,153,171.31,563,410,Completed
MOV003289,SKU_0074,WH_04,Kolkata,East,Transfer,,,2026-06-12,2026-06-13,161,1288.57,691,,Discrepancy
MOV004625,SKU_0040,WH_01,Bengaluru,South,Outbound,,CUST_026,2026-04-19,2026-04-20,350,700.83,1862,,Cancelled
MOV004386,SKU_0276,WH_02,Mumbai,West,Inbound,SUP_06,,2026-05-14,2026-05-16,264,515.04,4033,4297,Completed
MOV003034,SKU_0146,WH_04,Kolkata,East,Inbound,SUP_11,,2026-04-01,2026-04-03,75,394.78,967,,Pending
MOV004129,SKU_0191,WH_04,Kolkata,East,Outbound,,CUST_026,2026-06-13,2026-06-15,412,675.35,1041,629,Completed
MOV004091,SKU_0080,WH_03,Delhi,North,Inbound,SUP_03,,2026-03-21,2026-03-21,266,684.74,948,1214,Completed
MOV002987,SKU_0255,WH_06,Pune,West,Inbound,SUP_11,,2026-03-30,2026-03-30,27,437.44,2613,2640,Completed
MOV003550,SKU_0161,WH_05,Hyderabad,South,Adjustment,,,2026-06-16,2026-06-19,161,1738.46,980,1141,Pending
MOV003910,SKU_0139,WH_02,Mumbai,West,Outbound,,CUST_062,2026-05-27,2026-05-29,94,581.81,2089,1995,Completed
MOV003915,SKU_0002,WH_05,Hyderabad,South,Inbound,SUP_11,,2026-04-24,2026-04-26,372,1147.27,3045,3417,Completed
MOV000235,SKU_0175,WH_06,Pune,West,Transfer,,,2026-03-07,2026-03-07,123,777.38,4298,4175,Discrepancy
MOV003681,SKU_0166,WH_03,Delhi,North,Transfer,,,2026-03-19,2026-03-19,458,413.96,4992,4534,Completed
MOV004895,SKU_0050,WH_03,Delhi,North,Outbound,,CUST_070,2026-06-30,2026-06-30,205,210.73,1880,1675,Completed
MOV000279,SKU_0217,WH_03,Delhi,North,Outbound,,CUST_048,2026-01-12,2026-01-15,193,765.99,2418,2225,Discrepancy
MOV000203,SKU_0018,WH_03,Delhi,North,Transfer,,,2026-03-29,2026-03-30,124,1426.45,758,634,Completed
MOV003180,SKU_0027,WH_02,Mumbai,West,Outbound,,CUST_006,2026-01-03,2026-01-06,97,226.66,1750,1653,Pending
MOV000839,SKU_0049,WH_03,Delhi,North,Inbound,SUP_11,,2026-01-24,2026-01-26,461,1877.41,2285,2746,Completed
MOV000244,SKU_0073,WH_06,Pune,West,Inbound,SUP_06,,2026-04-03,2026-04-04,180,1752.08,3325,3505,Completed
MOV003749,SKU_0266,WH_03,Delhi,North,Return,,,2026-04-16,2026-04-19,182,183.33,148,330,Completed
MOV002671,SKU_0270,WH_05,Hyderabad,South,Transfer,,,2026-02-15,2026-02-15,8,1340.65,3879,3871,Completed
MOV003719,SKU_0214,WH_01,Bengaluru,South,Inbound,SUP_02,,2026-04-01,2026-04-02,301,469.53,2122,2423,Completed
MOV004682,SKU_0083,WH_02,Mumbai,West,Return,,,2026-04-27,2026-04-28,323,1446.9,3565,3888,Pending
MOV001127,SKU_0056,WH_02,Mumbai,West,Outbound,,CUST_081,2026-01-05,2026-01-05,299,1475.16,19,-280,Completed
MOV002484,SKU_0145,WH_01,Bengaluru,South,Inbound,SUP_02,,2026-01-03,2026-01-04,265,1385.1,3602,3867,Completed
MOV004189,SKU_0161,WH_04,Kolkata,East,Inbound,SUP_05,,2026-04-28,2026-04-29,224,396.42,101,,Completed
MOV004287,SKU_0107,WH_06,Pune,West,Inbound,SUP_08,,2026-01-27,2026-01-27,467,561.06,999,,Cancelled
MOV001026,SKU_0272,WH_02,Mumbai,West,Adjustment,,,2026-05-20,2026-05-21,325,456.5,1847,2172,Completed
MOV002363,SKU_0202,WH_03,Delhi,North,Outbound,,CUST_069,2026-05-17,2026-05-20,190,747.99,2417,2227,Pending
MOV002679,SKU_0024,WH_02,Mumbai,West,Inbound,SUP_02,,2026-06-12,2026-06-13,321,456.31,3889,4210,Completed
MOV002513,SKU_0034,WH_04,Kolkata,East,Adjustment,,,2026-05-27,2026-05-29,193,1647.35,1811,2004,Pending
MOV002688,SKU_0032,WH_06,Pune,West,Inbound,SUP_05,,2026-02-20,2026-02-20,334,1663.66,1191,1525,Pending
MOV002381,SKU_0052,WH_02,Mumbai,West,Outbound,,CUST_040,2026-02-11,2026-02-13,6,320.71,552,546,Completed
MOV004452,SKU_0298,WH_04,Kolkata,East,Outbound,,CUST_064,2026-06-17,2026-06-18,48,1924.41,2792,,Completed
MOV002646,SKU_0251,WH_04,Kolkata,East,Outbound,,CUST_006,2026-02-12,2026-02-15,414,259.34,4609,,Completed
MOV003214,SKU_0231,WH_01,Bengaluru,South,Adjustment,,,2026-02-25,2026-02-28,468,1541.43,3063,3531,Completed
MOV003837,SKU_0161,WH_03,Delhi,North,Outbound,,CUST_009,2026-04-01,2026-04-04,324,1177.8,1624,1300,Completed
MOV001943,SKU_0287,WH_05,Hyderabad,South,Outbound,,CUST_084,2026-04-06,2026-04-08,196,854.84,1253,1057,Completed
MOV002034,SKU_0118,WH_03,Delhi,North,Inbound,SUP_07,,2026-06-04,2026-06-07,81,787.27,3762,3843,Discrepancy
MOV001861,SKU_0161,WH_05,Hyderabad,South,Outbound,,CUST_006,2026-01-30,2026-02-01,367,1046.57,2525,2158,Completed
MOV000146,SKU_0041,WH_04,Kolkata,East,Outbound,,CUST_094,2026-06-03,2026-06-04,491,1728.89,3984,,Completed
MOV004015,SKU_0206,WH_04,Kolkata,East,Inbound,SUP_12,,2026-02-22,2026-02-23,249,189.03,4481,,Completed
MOV000453,SKU_0197,WH_04,Kolkata,East,Adjustment,,,2026-01-07,2026-01-07,306,1669.3,3477,3171,Pending
MOV000276,SKU_0232,WH_06,Pune,West,Inbound,SUP_07,,2026-03-16,,356,268.01,3918,4274,Completed
MOV002021,SKU_0103,WH_05,Hyderabad,South,Outbound,,CUST_058,2026-02-25,2026-02-25,118,1133.96,1110,992,Completed
MOV000337,SKU_0152,WH_06,Pune,West,Transfer,,,2026-01-06,2026-01-06,33,740.12,3423,3390,Completed
MOV002939,SKU_0133,WH_06,Pune,West,Adjustment,,,2026-02-15,2026-02-17,57,1550.96,2392,2449,Pending
MOV001096,SKU_0008,WH_01,Bengaluru,South,Inbound,SUP_05,,2026-01-26,2026-01-26,500,1928.88,1575,2075,Discrepancy
MOV003297,SKU_0271,WH_04,Kolkata,East,Outbound,,CUST_011,2026-01-04,2026-01-06,258,888.96,2042,,Completed
MOV003354,SKU_0159,WH_06,Pune,West,Inbound,SUP_12,,2026-01-24,2026-01-27,277,1459.11,1374,1651,Discrepancy
MOV003659,SKU_0118,WH_05,Hyderabad,South,Inbound,SUP_03,,2026-01-09,2026-01-12,67,1477.23,3877,3944,Completed
MOV002762,SKU_0049,WH_02,Mumbai,West,Outbound,,CUST_047,2026-03-31,2026-03-31,183,280.17,223,40,Pending
MOV004609,SKU_0117,WH_04,Kolkata,East,Outbound,,CUST_018,2026-01-15,2026-01-16,399,930.01,92,,Completed
MOV002951,SKU_0253,WH_04,Kolkata,East,Inbound,SUP_05,,2026-05-23,2026-05-23,345,1919.66,1919,,Cancelled
MOV000113,SKU_0119,WH_04,Kolkata,East,Inbound,SUP_11,,2026-01-21,2026-01-24,404,1982.67,4597,,Pending
MOV000285,SKU_0276,WH_03,Delhi,North,Outbound,,CUST_012,2026-03-22,2026-03-25,131,1344.71,2447,2316,Completed
MOV000573,SKU_0133,WH_05,Hyderabad,South,Transfer,,,2026-03-02,2026-03-03,455,531.45,1614,1159,Completed
MOV003337,SKU_0225,WH_02,Mumbai,West,Inbound,SUP_05,,2026-06-21,2026-06-21,93,431.55,4714,4807,Completed
MOV002239,SKU_0133,WH_05,Hyderabad,South,Outbound,,CUST_069,2026-06-09,2026-06-12,416,181.48,1190,774,Completed
MOV004668,SKU_0065,WH_02,Mumbai,West,Outbound,,CUST_005,2026-04-26,2026-04-29,369,204.8,1942,1573,Completed
MOV004195,SKU_0271,WH_03,Delhi,North,Adjustment,,,2026-05-05,2026-05-07,285,1198.16,1112,1397,Completed
MOV004495,SKU_0053,WH_04,Kolkata,East,Inbound,SUP_12,,2026-04-09,2026-04-09,15,674.89,206,,Completed
MOV004204,SKU_0141,WH_04,Kolkata,East,Outbound,,CUST_090,2026-06-08,,323,1095.26,2975,,Completed
MOV002773,SKU_0110,WH_01,Bengaluru,South,Return,,,2026-06-15,2026-06-16,279,211.25,3093,3372,Completed
MOV003133,SKU_0029,WH_03,Delhi,North,Inbound,SUP_02,,2026-01-28,2026-01-30,86,1040.0,2929,3015,Completed
MOV002471,SKU_0073,WH_03,Delhi,North,Outbound,,CUST_066,2026-06-06,2026-06-06,431,1170.87,1523,1092,Completed
MOV004877,SKU_0219,WH_02,Mumbai,West,Adjustment,,,2026-03-10,2026-03-13,71,976.81,2650,2721,Completed
MOV004023,SKU_0297,WH_02,Mumbai,West,Adjustment,,,2026-03-20,2026-03-23,228,1808.32,2105,2333,Completed
MOV002763,SKU_0192,WH_01,Bengaluru,South,Transfer,,,2026-03-24,2026-03-27,58,1222.96,3041,2983,Completed
MOV003598,SKU_0042,WH_01,Bengaluru,South,Outbound,,CUST_013,2026-05-31,2026-06-02,130,858.25,4504,4374,Completed
MOV002532,SKU_0260,WH_03,Delhi,North,Return,,,2026-01-22,2026-01-22,342,768.46,392,,Cancelled
MOV003247,SKU_0060,WH_02,Mumbai,West,Adjustment,,,2026-04-11,2026-04-13,42,1656.07,3725,3683,Completed
MOV003137,SKU_0235,WH_02,Mumbai,West,Return,,,2026-03-08,2026-03-08,342,1646.8,2553,2895,Completed
MOV003682,SKU_0179,WH_06,Pune,West,Inbound,SUP_09,,2026-05-15,2026-05-17,387,7495.93,738,1125,Completed
MOV003334,SKU_0118,WH_02,Mumbai,West,Outbound,,CUST_005,2026-06-23,2026-06-26,367,948.52,619,252,Completed
MOV002268,SKU_0079,WH_01,Bengaluru,South,Inbound,SUP_02,,2026-06-14,2026-06-16,265,1129.1,2209,2474,Completed
MOV000477,SKU_0011,WH_05,Hyderabad,South,Transfer,,,2026-06-06,2026-06-07,151,241.74,1971,1820,Completed
MOV000064,SKU_0216,WH_03,Delhi,North,Transfer,,,2026-02-20,2026-02-20,409,619.62,4135,3726,Completed
MOV001787,SKU_0297,WH_05,Hyderabad,South,Inbound,SUP_01,,2026-06-12,2026-06-12,310,483.86,2637,2947,Completed
MOV000535,SKU_0020,WH_05,Hyderabad,South,Transfer,,,2026-04-21,2026-04-22,114,704.53,98,-16,Completed
MOV002990,SKU_0061,WH_05,Hyderabad,South,Transfer,,,2026-01-25,2026-01-27,374,1941.12,3946,-130,Completed
MOV004253,SKU_0271,WH_01,Bengaluru,South,Outbound,,CUST_075,2026-06-19,2026-06-19,297,297.48,3065,2768,Completed
MOV004845,SKU_0123,WH_04,Kolkata,East,Inbound,SUP_09,,2026-05-27,2026-05-29,363,11175.01,449,812,Completed
MOV004989,SKU_0210,WH_03,Delhi,North,Outbound,,CUST_033,2026-05-20,2026-05-20,28,1399.86,20,-8,Completed
MOV002713,SKU_0055,WH_02,Mumbai,West,Inbound,SUP_03,,2026-02-26,2026-02-28,342,801.55,3993,4335,Pending
MOV000751,SKU_0235,WH_01,Bengaluru,South,Outbound,,CUST_006,2026-06-24,2026-06-27,62,1501.26,3361,3299,Completed
MOV001959,SKU_0157,WH_02,Mumbai,West,Outbound,,CUST_098,2026-02-10,2026-02-12,260,620.3,1185,,Cancelled
MOV001732,SKU_0234,WH_05,Hyderabad,South,Outbound,,CUST_044,2026-06-02,2026-06-05,495,636.21,1705,1210,Completed
MOV003218,SKU_0216,WH_04,Kolkata,East,Adjustment,,,2026-06-19,2026-06-19,118,811.05,3773,3655,Completed
MOV002307,SKU_0273,WH_02,Mumbai,West,Inbound,SUP_12,,2026-03-07,2026-03-10,242,1966.72,1338,1580,Completed
MOV000861,SKU_0291,WH_02,Mumbai,West,Adjustment,,,2026-02-11,2026-02-14,176,1359.88,3822,3998,Completed
MOV001180,SKU_0300,WH_04,Kolkata,East,Inbound,SUP_07,,2026-06-03,2026-06-04,473,631.48,4946,,Completed
MOV001171,SKU_0014,WH_01,Bengaluru,South,Inbound,SUP_04,,2026-06-21,2026-06-22,472,1660.63,2611,3083,Completed
MOV004375,SKU_0017,WH_04,Kolkata,East,Outbound,,CUST_095,2026-05-24,2026-05-26,159,1159.47,4496,,Pending
MOV003498,SKU_0293,WH_06,Pune,West,Transfer,,,2026-06-14,2026-06-15,62,768.58,2806,2744,Pending
MOV000382,SKU_0242,WH_02,Mumbai,West,Transfer,,,2026-01-03,2026-01-06,244,713.06,1476,1232,Completed
MOV004892,SKU_0135,WH_06,Pune,West,Inbound,SUP_08,,2026-01-22,2026-01-23,140,789.06,4509,4649,Completed
MOV003999,SKU_0040,WH_02,Mumbai,West,Transfer,,,2026-04-20,2026-04-23,140,1919.39,4243,4103,Pending
MOV004401,SKU_0098,WH_06,Pune,West,Inbound,SUP_04,,2026-06-10,2026-06-10,480,863.27,3972,4452,Completed
MOV000056,SKU_0047,WH_02,Mumbai,West,Outbound,,CUST_012,2026-03-23,2026-03-24,189,553.8,4666,4477,Completed
MOV001536,SKU_0287,WH_05,Hyderabad,South,Outbound,,CUST_006,2026-05-12,2026-05-15,332,357.77,3267,2935,Completed
MOV004630,SKU_0030,WH_01,Bengaluru,South,Inbound,SUP_10,,2026-02-06,2026-02-08,364,1998.45,83,447,Completed
MOV004378,SKU_0117,WH_03,Delhi,North,Adjustment,,,2026-03-22,2026-03-22,392,1751.32,2788,3180,Completed
MOV002630,SKU_0014,WH_03,Delhi,North,Inbound,SUP_05,,2026-02-19,2026-02-19,231,1128.01,1856,2087,Discrepancy
MOV000083,SKU_0223,WH_02,Mumbai,West,Outbound,,CUST_012,2026-04-14,2026-04-16,236,1557.46,1064,828,Completed
MOV001782,SKU_0254,WH_01,Bengaluru,South,Outbound,,CUST_036,2026-02-23,2026-02-26,254,193.72,3973,3719,Completed
MOV003435,SKU_0003,WH_03,Delhi,North,Inbound,SUP_05,,2026-05-05,2026-05-06,379,710.52,4391,4770,Completed
MOV003854,SKU_0177,WH_01,Bengaluru,South,Outbound,,CUST_035,2026-05-11,2026-05-13,367,739.62,472,105,Completed
MOV001831,SKU_0210,WH_06,Pune,West,Inbound,SUP_06,,2026-06-14,2026-06-15,139,399.49,3823,3962,Completed
MOV004033,SKU_0244,WH_03,Delhi,North,Transfer,,,2026-02-28,2026-03-03,407,829.97,3766,3359,Completed
MOV003671,SKU_0039,WH_04,Kolkata,East,Outbound,,CUST_036,2026-03-31,2026-03-31,473,699.05,619,,Completed
MOV003472,SKU_0207,WH_03,Delhi,North,Return,,,2026-02-04,2026-02-06,126,1913.49,4549,4675,Completed
MOV001152,SKU_0278,WH_01,Bengaluru,South,Inbound,SUP_01,,2026-04-24,2026-04-26,292,1878.86,2347,2639,Completed
MOV003813,SKU_0130,WH_02,Mumbai,West,Inbound,SUP_04,,2026-01-19,2026-01-20,268,1175.18,4360,4628,Completed
MOV000092,SKU_0141,WH_04,Kolkata,East,Inbound,SUP_09,,2026-05-03,2026-05-04,304,5639.42,2613,,Completed
MOV001529,SKU_0173,WH_02,Mumbai,West,Return,,,2026-01-13,2026-01-15,410,385.04,572,982,Completed
MOV002299,SKU_0093,WH_05,Hyderabad,South,Outbound,,CUST_039,2026-01-27,2026-01-28,233,1887.74,4225,3992,Completed
MOV002782,SKU_0096,WH_02,Mumbai,West,Outbound,,CUST_037,2026-05-23,2026-05-25,365,1168.68,3882,3517,Completed
MOV004792,SKU_0142,WH_06,Pune,West,Inbound,SUP_11,,2026-05-05,2026-05-08,353,1622.18,4648,5001,Completed
MOV002712,SKU_0177,WH_05,Hyderabad,South,Adjustment,,,2026-04-12,2026-04-12,417,310.72,3048,3465,Completed
MOV003723,SKU_0007,WH_01,Bengaluru,South,Return,,,2026-02-15,2026-02-16,281,880.9,2645,2926,Completed
MOV003750,SKU_0277,WH_06,Pune,West,Inbound,SUP_04,,2026-05-21,2026-05-21,460,1070.87,2185,2645,Discrepancy
MOV001267,SKU_0001,WH_01,Bengaluru,South,Adjustment,,,2026-01-09,2026-01-10,328,799.65,2759,3087,Completed
MOV001823,SKU_0230,WH_01,Bengaluru,South,Inbound,SUP_11,,2026-03-05,2026-03-08,120,298.83,960,,Cancelled
MOV001918,SKU_0225,WH_05,Hyderabad,South,Outbound,,CUST_019,2026-01-21,2026-01-22,100,348.65,4563,4463,Completed
MOV000384,SKU_0111,WH_03,Delhi,North,Inbound,SUP_09,,2026-02-04,2026-02-07,316,7235.13,4770,5086,Completed
MOV002458,SKU_0269,WH_06,Pune,West,Outbound,,CUST_050,2026-03-07,2026-03-07,264,1032.65,895,631,Completed
MOV002125,SKU_0128,WH_01,Bengaluru,South,Outbound,,CUST_065,2026-06-13,2026-06-14,426,1412.76,1454,1028,Pending
MOV000317,SKU_0030,WH_06,Pune,West,Inbound,SUP_07,,2026-04-25,2026-04-27,385,1049.35,1247,1632,Completed
MOV001051,SKU_0127,WH_01,Bengaluru,South,Outbound,,CUST_095,2026-03-16,2026-03-16,226,53.7,1548,1322,Completed
MOV003873,SKU_0214,WH_06,Pune,West,Inbound,SUP_04,,2026-04-01,2026-04-03,311,555.17,4510,4821,Pending
MOV000826,SKU_0155,WH_05,Hyderabad,South,Outbound,,CUST_007,2026-02-18,2026-02-21,411,1957.56,4086,3675,Completed
MOV001460,SKU_0089,WH_06,Pune,West,Outbound,,CUST_034,,2026-06-25,355,1601.46,3082,2727,Completed
MOV000472,SKU_0131,WH_06,Pune,West,Outbound,,CUST_003,2026-03-11,2026-03-11,175,753.2,265,90,Completed
MOV004871,SKU_0103,WH_01,Bengaluru,South,Adjustment,,,2026-02-12,2026-02-13,194,1102.98,3309,3115,Completed
MOV002595,SKU_0034,WH_04,Kolkata,East,Inbound,SUP_10,,2026-02-28,2026-03-01,450,254.67,3877,,Completed
MOV004238,SKU_0247,WH_02,Mumbai,West,Inbound,SUP_11,,2026-01-01,2026-01-04,318,863.49,2883,3201,Completed
MOV000679,SKU_0070,WH_03,Delhi,North,Adjustment,,,2026-04-06,2026-04-07,159,188.84,202,43,Pending
MOV002434,SKU_0045,WH_04,Kolkata,East,Inbound,SUP_03,,2026-02-28,2026-03-02,58,1755.11,3326,,Completed
MOV002113,SKU_0143,WH_05,Hyderabad,South,Transfer,,,2026-03-29,2026-03-29,179,1681.72,674,495,Completed
MOV001229,SKU_0045,WH_04,Kolkata,East,Return,,,2026-06-19,2026-06-22,47,383.92,745,,Cancelled
MOV004269,SKU_0157,WH_05,Hyderabad,South,Outbound,,CUST_060,2026-06-21,2026-06-22,346,62.29,3636,3290,Completed
MOV000145,SKU_0044,WH_03,Delhi,North,Outbound,,CUST_091,2026-05-08,2026-05-11,343,1868.08,2081,1738,Discrepancy
MOV000277,SKU_0067,WH_03,Delhi,North,Outbound,,CUST_085,,2026-03-04,268,713.18,3122,2854,Completed
MOV001605,SKU_0136,WH_05,Hyderabad,South,Inbound,SUP_11,,2026-05-12,2026-05-15,109,1763.45,4283,4392,Completed
MOV000097,SKU_0024,WH_01,Bengaluru,South,Inbound,SUP_10,,2026-04-01,2026-04-03,55,1070.02,4375,4430,Completed
MOV003630,SKU_0080,WH_02,Mumbai,West,Outbound,,CUST_063,2026-01-16,2026-01-19,2,186.29,3220,3218,Completed
MOV001356,SKU_0275,WH_02,Mumbai,West,Outbound,,CUST_070,2026-02-16,2026-02-18,383,1416.37,3168,2785,Pending
MOV003514,SKU_0012,WH_06,Pune,West,Outbound,,CUST_026,2026-01-11,2026-01-12,336,1981.87,484,148,Completed
MOV003269,SKU_0073,WH_03,Delhi,North,Outbound,,CUST_057,2026-04-04,2026-04-06,420,1954.74,1592,1172,Completed
MOV004984,SKU_0171,WH_03,Delhi,North,Outbound,,CUST_095,2026-03-06,2026-03-06,279,1127.03,3454,3175,Completed
MOV002478,SKU_0253,WH_01,Bengaluru,South,Outbound,,CUST_089,2026-05-18,2026-05-21,48,1183.33,4226,4178,Completed
MOV002598,SKU_0039,WH_03,Delhi,North,Transfer,,,2026-05-03,2026-05-03,5,1789.1,749,744,Pending
MOV002643,SKU_0211,WH_02,Mumbai,West,Inbound,SUP_02,,2026-05-19,2026-05-20,347,193.86,3416,3763,Completed
MOV000479,SKU_0117,WH_01,Bengaluru,South,Outbound,,CUST_052,2026-03-03,2026-03-06,125,700.35,1970,1845,Completed
MOV004541,SKU_0295,WH_04,Kolkata,East,Inbound,SUP_03,,2026-01-20,2026-01-21,408,444.62,3508,,Pending
MOV003212,SKU_0159,WH_06,Pune,West,Inbound,SUP_04,,2026-02-20,2026-02-21,466,1002.06,441,-121,Completed
MOV003958,SKU_0134,WH_05,Hyderabad,South,Outbound,,CUST_048,2026-05-19,2026-05-19,335,601.94,407,72,Pending
MOV001345,SKU_0092,WH_05,Hyderabad,South,Inbound,SUP_01,,2026-05-15,2026-05-18,468,1855.26,281,749,Completed
MOV000362,SKU_0176,WH_03,Delhi,North,Return,,,2026-01-08,2026-01-11,425,1579.77,873,1298,Pending
MOV004513,SKU_0217,WH_01,Bengaluru,South,Inbound,SUP_10,,2026-01-01,2026-01-01,448,730.39,740,1188,Completed
MOV001485,SKU_0207,WH_01,Bengaluru,South,Transfer,,,2026-06-15,2026-06-15,372,562.67,2024,1652,Completed
MOV003943,SKU_0083,WH_03,Delhi,North,Adjustment,,,2026-04-18,2026-04-18,439,1187.52,3177,2738,Completed
MOV003346,SKU_0054,WH_05,Hyderabad,South,Inbound,SUP_07,,2026-02-11,2026-02-11,282,182.43,4429,4711,Pending
MOV002361,SKU_0125,WH_05,Hyderabad,South,Outbound,,CUST_002,2026-03-16,2026-03-16,181,1665.54,4721,4540,Completed
MOV001239,SKU_0129,WH_03,Delhi,North,Inbound,SUP_03,,2026-01-16,2026-01-16,425,988.24,1212,1637,Completed
MOV004979,SKU_0031,WH_01,Bengaluru,South,Transfer,,,2026-05-01,2026-05-04,416,130.09,1748,1332,Completed
MOV000865,SKU_0149,WH_04,Kolkata,East,Inbound,SUP_11,,,2026-06-10,7,1947.47,871,,Discrepancy
MOV002999,SKU_0122,WH_05,Hyderabad,South,Inbound,SUP_05,,2026-03-11,2026-03-14,25,718.6,390,415,Completed
MOV000717,SKU_0249,WH_05,Hyderabad,South,Return,,,2026-04-27,2026-04-30,150,1601.4,4420,4570,Completed
MOV003739,SKU_0225,WH_04,Kolkata,East,Outbound,,CUST_075,2026-04-24,2026-04-25,418,1505.07,4316,,Completed
MOV004967,SKU_0251,WH_01,Bengaluru,South,Adjustment,,,2026-02-09,2026-02-11,274,1618.56,728,454,Completed
MOV000834,SKU_0181,WH_06,Pune,West,Adjustment,,,2026-06-26,2026-06-26,223,1060.16,2992,3215,Completed
MOV003977,SKU_0151,WH_01,Bengaluru,South,Outbound,,CUST_009,2026-04-25,2026-04-25,313,1174.55,1304,991,Completed
MOV000654,SKU_0108,WH_04,Kolkata,East,Outbound,,CUST_022,2026-02-22,2026-02-23,95,336.57,630,,Completed
MOV003591,SKU_0104,WH_06,Pune,West,Transfer,,,2026-03-13,2026-03-15,112,955.02,439,327,Completed
MOV002090,SKU_0136,WH_01,Bengaluru,South,Return,,,2026-02-09,2026-02-10,190,224.1,3395,3585,Completed
MOV001890,SKU_0141,WH_04,Kolkata,East,Adjustment,,,2026-01-06,2026-01-06,300,1618.85,2502,2802,Completed
MOV003303,SKU_0049,WH_05,Hyderabad,South,Outbound,,CUST_053,2026-01-14,2026-01-16,284,930.45,2206,1922,Completed
MOV004310,SKU_0191,WH_03,Delhi,North,Outbound,,CUST_099,2026-06-08,2026-06-11,30,265.9,2608,2578,Completed
MOV001888,SKU_0044,WH_04,Kolkata,East,Outbound,,CUST_002,2026-03-24,2026-03-26,492,1752.25,4595,,Completed
MOV004348,SKU_0190,WH_04,Kolkata,East,Transfer,,,2026-04-01,2026-04-02,25,1857.47,1292,,Completed
MOV004543,SKU_0283,WH_04,Kolkata,East,Outbound,,CUST_095,2026-03-04,2026-03-05,213,1085.18,3279,,Completed
MOV000896,SKU_0166,WH_04,Kolkata,East,Inbound,SUP_04,,2026-05-14,2026-05-16,252,422.78,1999,,Completed
MOV001081,SKU_0108,WH_02,Mumbai,West,Return,,,,2026-04-09,392,633.03,4314,4706,Discrepancy
MOV004217,SKU_0299,WH_05,Hyderabad,South,Inbound,SUP_02,,2026-04-10,2026-04-12,159,203.39,4158,4317,Completed
MOV003868,SKU_0090,WH_05,Hyderabad,South,Inbound,SUP_03,,2026-06-23,2026-06-26,462,137.96,3063,3525,Completed
MOV002789,SKU_0196,WH_01,Bengaluru,South,Return,,,2026-02-11,2026-02-12,357,1139.3,1925,2282,Discrepancy
MOV002563,SKU_0202,WH_06,Pune,West,Outbound,,CUST_096,2026-04-26,2026-04-27,21,64.74,2671,2650,Completed
MOV000262,SKU_0108,WH_06,Pune,West,Outbound,,CUST_100,2026-04-23,2026-04-24,223,1734.74,2437,2214,Completed
MOV003042,SKU_0249,WH_06,Pune,West,Outbound,,CUST_072,2026-06-27,2026-06-28,295,955.2,1981,1686,Completed
MOV004245,SKU_0224,WH_06,Pune,West,Transfer,,,2026-02-05,2026-02-08,250,137.86,3301,3051,Completed
MOV004702,SKU_0006,WH_04,Kolkata,East,Transfer,,,2026-04-17,2026-04-18,13,1954.23,4666,4653,Completed
MOV001662,SKU_0150,WH_01,Bengaluru,South,Outbound,,CUST_044,2026-01-14,2026-01-15,299,822.62,2786,2487,Completed
MOV001978,SKU_0096,WH_01,Bengaluru,South,Transfer,,,2026-04-02,2026-04-03,108,1206.81,4778,4670,Completed
MOV001611,SKU_0033,WH_03,Delhi,North,Adjustment,,,2026-06-18,2026-06-19,276,1964.96,167,-109,Completed
MOV002612,SKU_0176,WH_05,Hyderabad,South,Inbound,SUP_12,,2026-01-09,2026-01-12,70,329.46,3571,3641,Pending
MOV004311,SKU_0063,WH_01,Bengaluru,South,Inbound,SUP_08,,2026-05-06,2026-05-06,293,969.05,3996,4289,Discrepancy
MOV002852,SKU_0237,WH_06,Pune,West,Outbound,,CUST_055,2026-06-08,2026-06-09,224,1522.13,556,332,Pending
MOV001829,SKU_0134,WH_03,Delhi,North,Transfer,,,2026-01-02,2026-01-02,457,989.08,1182,725,Completed
MOV001624,SKU_0135,WH_06,Pune,West,Transfer,,,2026-03-26,2026-03-29,434,995.69,4440,4006,Completed
MOV003097,SKU_0246,WH_02,Mumbai,West,Adjustment,,,2026-04-14,2026-04-17,372,605.45,1343,1715,Discrepancy
MOV001554,SKU_0102,WH_06,Pune,West,Outbound,,CUST_033,2026-06-14,2026-06-17,281,1473.86,1172,891,Discrepancy
MOV002547,SKU_0173,WH_05,Hyderabad,South,Outbound,,CUST_063,2026-03-05,2026-03-06,27,1838.95,3908,3881,Completed
MOV001774,SKU_0070,WH_02,Mumbai,West,Outbound,,CUST_029,2026-01-21,2026-01-21,61,1050.16,4998,4937,Completed
MOV002223,SKU_0123,WH_01,Bengaluru,South,Return,,,2026-03-05,2026-03-07,455,319.1,4853,5308,Completed
MOV003196,SKU_0144,WH_01,Bengaluru,South,Transfer,,,2026-02-18,2026-02-18,482,1028.9,4528,4046,Discrepancy
MOV004528,SKU_0060,WH_02,Mumbai,West,Transfer,,,2026-02-01,2026-02-02,339,207.4,983,644,Completed
MOV000301,SKU_0274,WH_05,Hyderabad,South,Inbound,SUP_02,,2026-01-04,2026-01-04,483,154.65,4672,5155,Completed
MOV000178,SKU_0217,WH_06,Pune,West,Outbound,,CUST_047,2026-01-28,2026-01-29,36,682.48,1644,1608,Completed
MOV002344,SKU_0026,WH_03,Delhi,North,Inbound,SUP_02,,2026-05-16,2026-05-16,399,927.22,226,,Cancelled
MOV001716,SKU_0265,WH_06,Pune,West,Outbound,,CUST_017,2026-01-04,2026-01-06,384,1104.49,3633,3249,Completed
MOV002183,SKU_0100,WH_04,Kolkata,East,Outbound,,CUST_022,2026-03-03,,261,1383.32,44,,Completed
MOV004559,SKU_0261,WH_03,Delhi,North,Return,,,2026-02-14,2026-02-15,69,1424.03,1875,1944,Completed
MOV004463,SKU_0282,WH_06,Pune,West,Inbound,SUP_05,,2026-04-02,2026-04-04,329,405.08,3011,3340,Pending
MOV001102,SKU_0282,WH_03,Delhi,North,Inbound,SUP_12,,2026-05-29,2026-05-30,2,1801.98,1824,1826,Completed
MOV003479,SKU_0094,WH_01,Bengaluru,South,Adjustment,,,2026-03-22,2026-03-22,127,1290.4,412,285,Completed
MOV001454,SKU_0019,WH_02,Mumbai,West,Outbound,,CUST_066,2026-02-08,2026-02-11,420,286.1,4998,,Cancelled
MOV003211,SKU_0239,WH_05,Hyderabad,South,Inbound,SUP_05,,2026-02-12,2026-02-12,408,289.57,1029,1437,Completed
MOV003436,SKU_0297,WH_02,Mumbai,West,Transfer,,,2026-04-16,2026-04-16,405,561.29,3910,3505,Completed
MOV003032,SKU_0280,WH_05,Hyderabad,South,Transfer,,,2026-02-16,2026-02-16,248,798.95,147,-101,Discrepancy
MOV001911,SKU_0230,WH_04,Kolkata,East,Inbound,SUP_11,,2026-01-28,2026-01-29,183,596.11,2951,,Completed
MOV001346,SKU_0228,WH_05,Hyderabad,South,Outbound,,CUST_032,2026-03-08,2026-03-09,330,1342.34,3765,3435,Completed
MOV001201,SKU_0104,WH_01,Bengaluru,South,Adjustment,,,2026-05-01,2026-05-04,495,1624.68,2097,2592,Discrepancy
MOV000233,SKU_0099,WH_05,Hyderabad,South,Outbound,,CUST_012,2026-02-05,2026-02-07,398,1256.63,3312,2914,Completed
MOV001759,SKU_0238,WH_06,Pune,West,Outbound,,CUST_097,2026-05-05,2026-05-07,25,831.77,4061,4036,Completed
MOV000894,SKU_0179,WH_04,Kolkata,East,Inbound,SUP_05,,2026-04-05,2026-04-06,75,882.35,1886,,Completed
MOV001442,SKU_0109,WH_01,Bengaluru,South,Outbound,,CUST_028,2026-03-20,2026-03-22,76,1729.56,2275,,Cancelled
MOV002774,SKU_0238,WH_01,Bengaluru,South,Inbound,SUP_10,,2026-04-30,2026-05-02,267,119.75,2919,3186,Completed
MOV000431,SKU_0087,WH_01,Bengaluru,South,Outbound,,CUST_014,2026-02-16,2026-02-17,312,747.94,1622,1310,Completed
MOV001371,SKU_0004,WH_05,Hyderabad,South,Outbound,,CUST_012,2026-06-25,2026-06-25,321,1462.45,1331,1010,Pending
MOV001603,SKU_0247,WH_03,Delhi,North,Inbound,SUP_08,,2026-03-18,2026-03-19,157,1618.54,396,553,Completed
MOV004628,SKU_0181,WH_02,Mumbai,West,Inbound,SUP_12,,2026-01-04,2026-01-07,16,293.23,594,610,Completed
MOV001388,SKU_0150,WH_04,Kolkata,East,Transfer,,,2026-02-09,2026-02-12,27,699.46,1263,,Completed
MOV002537,SKU_0294,WH_03,Delhi,North,Inbound,SUP_04,,2026-05-25,2026-05-27,5,846.51,2288,2293,Discrepancy
MOV003401,SKU_0147,WH_05,Hyderabad,South,Outbound,,CUST_080,2026-01-24,2026-01-26,219,319.43,2373,2154,Completed
MOV004842,SKU_0003,WH_04,Kolkata,East,Return,,,2026-03-18,2026-03-18,283,337.08,1028,,Completed
MOV003552,SKU_0104,WH_05,Hyderabad,South,Transfer,,,2026-01-31,2026-02-02,442,1709.87,2191,1749,Completed
MOV001287,SKU_0184,WH_05,Hyderabad,South,Inbound,SUP_10,,2026-01-30,2026-02-02,411,415.61,948,1359,Completed
MOV001965,SKU_0030,WH_01,Bengaluru,South,Outbound,,CUST_059,2026-06-05,2026-06-06,149,1079.78,215,66,Completed
MOV002968,SKU_0243,WH_05,Hyderabad,South,Inbound,SUP_06,,2026-03-09,2026-03-12,91,1941.24,4604,4695,Completed
MOV003664,SKU_0175,WH_03,Delhi,North,Outbound,,CUST_009,2026-03-04,2026-03-04,428,850.12,2443,2015,Discrepancy
MOV004256,SKU_0037,WH_05,Hyderabad,South,Inbound,SUP_10,,2026-05-11,2026-05-11,399,945.64,4418,4817,Completed
MOV002913,SKU_0198,WH_01,Bengaluru,South,Inbound,SUP_03,,2026-03-02,2026-03-05,100,411.57,188,288,Completed
MOV002426,SKU_0155,WH_03,Delhi,North,Return,,,2026-05-03,2026-05-03,184,898.62,2742,2926,Completed
MOV002446,SKU_0004,WH_04,Kolkata,East,Outbound,,CUST_092,2026-01-14,2026-01-17,244,350.15,2056,,Completed
MOV002678,SKU_0059,WH_04,Kolkata,East,Adjustment,,,2026-06-07,2026-06-09,44,62.51,1584,,Completed
MOV002309,SKU_0148,WH_06,Pune,West,Adjustment,,,2026-05-23,2026-05-25,235,744.22,1921,2156,Completed
MOV003609,SKU_0102,WH_04,Kolkata,East,Inbound,SUP_04,,2026-05-18,2026-05-21,228,1504.52,3764,,Completed
MOV001257,SKU_0182,WH_04,Kolkata,East,Outbound,,CUST_063,2026-05-10,2026-05-11,179,1127.74,444,,Completed
MOV001143,SKU_0098,WH_06,Pune,West,Outbound,,CUST_078,2026-05-22,2026-05-23,306,712.02,2512,2206,Completed
MOV001350,SKU_0258,WH_03,Delhi,North,Adjustment,,,2026-01-27,2026-01-28,455,984.18,4669,4214,Completed
MOV000863,SKU_0225,WH_04,Kolkata,East,Outbound,,CUST_004,2026-02-28,2026-02-28,384,839.22,2537,,Cancelled
MOV002330,SKU_0272,WH_06,Pune,West,Outbound,,CUST_099,2026-05-02,2026-05-04,239,264.99,3883,3644,Completed
MOV001468,SKU_0055,WH_03,Delhi,North,Outbound,,CUST_071,2026-01-08,2026-01-08,279,1281.43,2627,2348,Completed
MOV004357,SKU_0283,WH_05,Hyderabad,South,Transfer,,,2026-06-30,2026-07-02,489,833.08,4389,3900,Completed
MOV003431,SKU_0222,WH_06,Pune,West,Transfer,,,2026-04-16,2026-04-16,147,1479.22,4748,4601,Completed
MOV001763,SKU_0024,WH_03,Delhi,North,Outbound,,CUST_018,2026-05-18,2026-05-20,316,1287.98,2432,2116,Completed
MOV001218,SKU_0232,WH_06,Pune,West,Inbound,SUP_01,,2026-04-13,2026-04-15,294,491.57,2322,2616,Completed
MOV001599,SKU_0106,WH_05,Hyderabad,South,Return,,,2026-01-13,2026-01-13,230,256.63,3144,3374,Completed
MOV003846,SKU_0082,WH_04,Kolkata,East,Outbound,,CUST_052,2026-05-19,2026-05-21,147,980.39,194,,Completed
MOV002067,SKU_0144,WH_01,Bengaluru,South,Return,,,2026-01-26,2026-01-29,24,1141.37,2636,2660,Completed
MOV002190,SKU_0062,WH_02,Mumbai,West,Return,,,2026-06-27,2026-06-29,427,626.72,2224,2651,Completed
MOV001123,SKU_0045,WH_03,Delhi,North,Inbound,SUP_11,,2026-02-12,2026-02-13,410,1269.85,4011,,Cancelled
MOV000590,SKU_0239,WH_06,Pune,West,Outbound,,CUST_008,2026-03-02,2026-03-03,230,546.9,3847,3617,Completed
MOV001977,SKU_0195,WH_01,Bengaluru,South,Return,,,2026-05-15,2026-05-15,410,1116.88,2533,2943,Completed
MOV003125,SKU_0003,WH_04,Kolkata,East,Inbound,SUP_09,,2026-05-18,2026-05-19,402,13357.66,2067,2469,Completed
MOV001857,SKU_0035,WH_03,Delhi,North,Inbound,SUP_08,,2026-03-18,2026-03-18,10,1707.26,2050,-52,Completed
MOV004395,SKU_0165,WH_01,Bengaluru,South,Outbound,,CUST_066,2026-01-02,2026-01-03,55,1215.69,832,777,Completed
MOV001359,SKU_0183,WH_05,Hyderabad,South,Return,,,2026-04-30,2026-04-30,23,1695.25,1500,1523,Completed
MOV004912,SKU_0194,WH_02,Mumbai,West,Inbound,SUP_07,,2026-05-19,2026-05-22,134,1997.17,1190,1324,Completed
MOV000929,SKU_0258,WH_05,Hyderabad,South,Return,,,2026-01-01,2026-01-03,148,98.11,4807,4955,Completed
MOV001101,SKU_0219,WH_05,Hyderabad,South,Outbound,,CUST_100,2026-06-09,2026-06-11,227,659.23,4319,4092,Pending
MOV002844,SKU_0106,WH_04,Kolkata,East,Outbound,,CUST_064,2026-05-31,2026-06-03,437,817.91,872,,Completed
MOV001962,SKU_0192,WH_03,Delhi,North,Outbound,,CUST_086,2026-01-09,2026-01-11,164,1779.61,2256,2092,Completed
MOV003469,SKU_0233,WH_05,Hyderabad,South,Inbound,SUP_02,,2026-04-01,2026-04-03,342,1124.74,2674,3016,Completed
MOV001427,SKU_0268,WH_06,Pune,West,Adjustment,,,2026-01-08,2026-01-10,233,355.26,4047,4280,Completed
MOV000435,SKU_0186,WH_04,Kolkata,East,Transfer,,,2026-02-18,2026-02-21,373,1342.25,2734,2361,Discrepancy
MOV000314,SKU_0260,WH_05,Hyderabad,South,Inbound,SUP_03,,2026-04-11,2026-04-11,1,1714.31,849,850,Discrepancy
MOV000230,SKU_0226,WH_04,Kolkata,East,Inbound,SUP_04,,2026-02-16,2026-02-17,281,1512.2,1812,,Cancelled
MOV004620,SKU_0280,WH_06,Pune,West,Inbound,SUP_09,,2026-05-04,2026-05-04,44,3056.43,2633,2677,Completed
MOV003347,SKU_0242,WH_02,Mumbai,West,Outbound,,CUST_062,2026-04-04,2026-04-06,365,1298.74,2843,2478,Discrepancy
MOV004124,SKU_0233,WH_05,Hyderabad,South,Outbound,,CUST_092,2026-06-10,2026-06-11,486,216.53,984,498,Completed
MOV004095,SKU_0282,WH_06,Pune,West,Transfer,,,2026-01-17,2026-01-19,388,1523.48,4132,3744,Completed
MOV003366,SKU_0140,WH_03,Delhi,North,Outbound,,CUST_051,2026-03-04,2026-03-05,19,186.66,2702,,Cancelled
MOV002823,SKU_0041,WH_01,Bengaluru,South,Outbound,,CUST_061,2026-06-26,2026-06-26,428,578.74,1236,808,Completed
MOV003058,SKU_0007,WH_06,Pune,West,Inbound,SUP_01,,2026-01-07,2026-01-10,188,1092.85,4483,4671,Discrepancy
MOV004389,SKU_0141,WH_04,Kolkata,East,Outbound,,CUST_078,2026-01-04,2026-01-06,142,210.08,276,,Completed
MOV001274,SKU_0195,WH_06,Pune,West,Return,,,2026-01-16,2026-01-16,3,878.04,1063,1066,Completed
MOV003899,SKU_0070,WH_02,Mumbai,West,Transfer,,,2026-04-16,2026-04-19,366,1377.44,2664,2298,Completed
MOV002103,SKU_0144,WH_06,Pune,West,Outbound,,CUST_083,2026-05-27,2026-05-29,358,988.32,4190,3832,Discrepancy
MOV001790,SKU_0164,WH_06,Pune,West,Inbound,SUP_09,,2026-01-29,,246,1557.27,1476,1722,Completed
MOV002098,SKU_0188,WH_04,Kolkata,East,Return,,,2026-04-22,2026-04-22,352,50.64,2386,,Completed
MOV004534,SKU_0072,WH_03,Delhi,North,Inbound,SUP_03,,2026-04-08,2026-04-09,373,1930.95,4847,5220,Completed
MOV004563,SKU_0065,WH_03,Delhi,North,Outbound,,CUST_085,2026-02-12,2026-02-15,448,575.74,2791,2343,Completed
MOV001236,SKU_0174,WH_02,Mumbai,West,Outbound,,CUST_038,2026-03-12,2026-03-14,24,978.23,2371,2347,Pending
MOV003157,SKU_0044,WH_02,Mumbai,West,Adjustment,,,2026-04-11,2026-04-12,366,1242.78,1413,1779,Completed
MOV002270,SKU_0050,WH_03,Delhi,North,Adjustment,,,2026-05-11,2026-05-13,440,1092.62,3763,4203,Completed
MOV003760,SKU_0045,WH_01,Bengaluru,South,Outbound,,CUST_083,2026-04-01,2026-04-01,147,621.61,1621,1474,Completed
MOV003822,SKU_0191,WH_06,Pune,West,Transfer,,,2026-05-16,2026-05-17,232,1619.75,4216,3984,Discrepancy
MOV004901,SKU_0072,WH_05,Hyderabad,South,Transfer,,,2026-05-12,2026-05-12,399,370.57,1547,1148,Completed
MOV001788,SKU_0121,WH_05,Hyderabad,South,Inbound,SUP_10,,2026-02-05,2026-02-07,374,485.27,2588,,Cancelled
MOV003879,SKU_0166,WH_05,Hyderabad,South,Return,,,2026-03-18,2026-03-20,395,1607.32,3387,3782,Completed
MOV003577,SKU_0268,WH_01,Bengaluru,South,Inbound,SUP_08,,2026-02-03,2026-02-03,144,384.65,1104,1248,Completed
MOV000225,SKU_0226,WH_04,Kolkata,East,Inbound,SUP_12,,2026-04-06,2026-04-06,17,1689.61,4188,,Completed
MOV001421,SKU_0217,WH_01,Bengaluru,South,Outbound,,CUST_002,2026-05-01,2026-05-04,105,249.76,3364,3259,Discrepancy
MOV004607,SKU_0064,WH_06,Pune,West,Transfer,,,2026-04-23,2026-04-25,264,906.56,3238,2974,Discrepancy
MOV003773,SKU_0213,WH_05,Hyderabad,South,Transfer,,,2026-03-19,2026-03-19,106,853.32,2076,,Cancelled
MOV000172,SKU_0150,WH_01,Bengaluru,South,Adjustment,,,2026-05-07,2026-05-10,263,100.0,4401,4138,Completed
MOV001530,SKU_0152,WH_01,Bengaluru,South,Inbound,SUP_09,,2026-03-29,2026-03-31,412,18084.78,4493,4905,Discrepancy
MOV000684,SKU_0280,WH_02,Mumbai,West,Inbound,SUP_11,,2026-01-23,2026-01-25,238,1922.69,3375,3613,Completed
MOV001397,SKU_0078,WH_01,Bengaluru,South,Inbound,SUP_08,,2026-06-11,2026-06-13,227,281.47,3742,3969,Completed
MOV000177,SKU_0224,WH_05,Hyderabad,South,Return,,,2026-03-24,2026-03-27,434,1144.11,2661,3095,Completed
MOV002988,SKU_0098,WH_03,Delhi,North,Adjustment,,,2026-03-14,2026-03-14,292,1121.28,4896,4604,Completed
MOV001121,SKU_0184,WH_04,Kolkata,East,Transfer,,,2026-05-30,2026-06-01,304,294.42,1718,1414,Pending
MOV002333,SKU_0029,WH_02,Mumbai,West,Inbound,SUP_01,,2026-05-01,2026-05-02,482,313.07,2772,3254,Discrepancy
MOV004136,SKU_0081,WH_02,Mumbai,West,Outbound,,CUST_038,2026-02-03,2026-02-06,280,113.81,1471,1191,Pending
MOV001660,SKU_0202,WH_03,Delhi,North,Outbound,,CUST_089,2026-06-21,2026-06-22,171,286.16,4985,4814,Completed
MOV004402,SKU_0226,WH_04,Kolkata,East,Inbound,SUP_09,,2026-05-11,2026-05-11,463,14823.86,3169,,Completed
MOV003031,SKU_0178,WH_02,Mumbai,West,Inbound,SUP_01,,2026-03-31,2026-03-31,90,494.84,1304,1394,Completed
MOV000500,SKU_0097,WH_01,Bengaluru,South,Inbound,SUP_03,,2026-05-11,2026-05-12,163,481.32,3555,3718,Completed
MOV001864,SKU_0071,WH_06,Pune,West,Return,,,2026-01-14,2026-01-16,191,1418.6,3130,3321,Completed
MOV001835,SKU_0238,WH_05,Hyderabad,South,Outbound,,CUST_075,2026-05-01,2026-05-02,330,675.22,1178,848,Completed
MOV001691,SKU_0164,WH_01,Bengaluru,South,Outbound,,CUST_090,2026-05-16,2026-05-19,17,1456.49,3685,3668,Completed
MOV001516,SKU_0192,WH_01,Bengaluru,South,Inbound,SUP_08,,2026-01-11,2026-01-13,389,1214.98,300,,Cancelled
MOV000236,SKU_0052,WH_03,Delhi,North,Outbound,,CUST_078,2026-01-29,2026-01-29,474,1824.95,1986,1512,Completed
MOV000836,SKU_0055,WH_04,Kolkata,East,Outbound,,CUST_015,2026-04-25,2026-04-25,434,1391.75,1437,,Completed
MOV004723,SKU_0179,WH_05,Hyderabad,South,Inbound,SUP_04,,2026-03-29,2026-03-29,377,1019.85,3672,4049,Pending
MOV002894,SKU_0270,WH_02,Mumbai,West,Outbound,,CUST_082,2026-04-21,2026-04-24,53,944.68,4755,4702,Completed
MOV002497,SKU_0084,WH_04,Kolkata,East,Transfer,,,2026-03-26,2026-03-28,24,811.56,1153,,Completed
MOV002196,SKU_0153,WH_04,Kolkata,East,Adjustment,,,2026-02-15,2026-02-16,330,1042.24,1032,,Discrepancy
MOV001670,SKU_0292,WH_05,Hyderabad,South,Transfer,,,2026-05-06,2026-05-06,114,1765.2,2453,2339,Completed
MOV001324,SKU_0166,WH_03,Delhi,North,Return,,,2026-06-14,2026-06-17,140,1800.38,491,631,Discrepancy
MOV002390,SKU_0185,WH_04,Kolkata,East,Return,,,2026-05-17,2026-05-20,150,1271.78,1521,,Completed
MOV000067,SKU_0058,WH_01,Bengaluru,South,Adjustment,,,2026-03-26,2026-03-27,95,1322.31,4299,4394,Completed
MOV000424,SKU_0022,WH_06,Pune,West,Outbound,,CUST_066,2026-06-11,,488,893.5,2443,1955,Completed
MOV001433,SKU_0210,WH_05,Hyderabad,South,Inbound,SUP_11,,2026-04-12,2026-04-15,227,762.78,585,812,Discrepancy
MOV001086,SKU_0197,WH_03,Delhi,North,Inbound,SUP_01,,2026-04-25,2026-04-28,465,788.73,2381,2846,Discrepancy
MOV001221,SKU_0096,WH_05,Hyderabad,South,Transfer,,,2026-01-23,2026-01-25,236,954.21,4282,,Cancelled
MOV001403,SKU_0163,WH_05,Hyderabad,South,Inbound,SUP_12,,2026-06-20,2026-06-20,100,620.7,676,776,Completed
MOV001673,SKU_0026,WH_01,Bengaluru,South,Return,,,2026-05-12,2026-05-13,143,1954.85,4110,4253,Pending
MOV000331,SKU_0167,WH_02,Mumbai,West,Inbound,SUP_11,,2026-02-05,2026-02-08,141,1031.57,3651,3792,Completed
MOV001957,SKU_0244,WH_01,Bengaluru,South,Outbound,,CUST_002,2026-06-25,2026-06-28,55,338.66,3418,3363,Completed
MOV002262,SKU_0100,WH_02,Mumbai,West,Return,,,2026-06-22,2026-06-22,414,1313.26,1844,2258,Completed
MOV002586,SKU_0025,WH_02,Mumbai,West,Inbound,SUP_07,,2026-03-18,2026-03-21,236,1814.84,1647,1883,Completed
MOV001954,SKU_0216,WH_05,Hyderabad,South,Outbound,,CUST_059,2026-06-07,2026-06-08,327,1763.78,91,-236,Completed
MOV002318,SKU_0267,WH_06,Pune,West,Inbound,SUP_01,,2026-02-23,2026-02-23,440,292.51,1926,2366,Completed
MOV001476,SKU_0161,WH_02,Mumbai,West,Outbound,,CUST_018,2026-03-03,2026-03-05,123,866.54,4572,,Cancelled
MOV002343,SKU_0172,WH_02,Mumbai,West,Outbound,,CUST_031,2026-06-09,2026-06-10,254,1612.79,4755,4501,Completed
MOV003920,SKU_0280,WH_05,Hyderabad,South,Transfer,,,2026-05-03,2026-05-03,443,1806.24,3985,3542,Completed
MOV004485,SKU_0111,WH_02,Mumbai,West,Inbound,SUP_05,,,2026-05-07,497,997.86,1649,2146,Completed
MOV002491,SKU_0281,WH_05,Hyderabad,South,Transfer,,,2026-05-27,2026-05-29,473,779.81,4354,3881,Completed
MOV000919,SKU_0189,WH_05,Hyderabad,South,Inbound,SUP_01,,2026-06-07,2026-06-07,94,1136.75,209,303,Completed
MOV002933,SKU_0057,WH_06,Pune,West,Transfer,,,2026-02-04,2026-02-05,294,375.99,3412,3118,Completed
MOV004501,SKU_0288,WH_01,Bengaluru,South,Inbound,SUP_12,,2026-05-13,2026-05-16,494,1597.23,2826,3320,Completed
MOV002384,SKU_0105,WH_03,Delhi,North,Outbound,,CUST_080,2026-01-19,2026-01-20,455,525.01,3462,3007,Completed
MOV003252,SKU_0238,WH_02,Mumbai,West,Return,,,2026-01-24,2026-01-26,244,992.67,2732,2976,Completed
MOV001299,SKU_0280,WH_02,Mumbai,West,Outbound,,CUST_064,2026-03-13,2026-03-14,67,1511.66,355,288,Completed
MOV000786,SKU_0272,WH_01,Bengaluru,South,Outbound,,CUST_086,2026-01-02,2026-01-02,453,998.0,1143,690,Completed
MOV003988,SKU_0154,WH_06,Pune,West,Return,,,2026-05-05,,189,451.34,3325,3514,Completed
MOV002162,SKU_0068,WH_02,Mumbai,West,Inbound,SUP_01,,2026-01-09,2026-01-09,453,638.08,2997,3450,Completed
MOV002849,SKU_0268,WH_02,Mumbai,West,Transfer,,,2026-03-29,2026-03-29,276,423.42,1704,1428,Completed
MOV003675,SKU_0192,WH_02,Mumbai,West,Outbound,,CUST_096,2026-01-13,2026-01-15,431,97.17,2309,,Cancelled
MOV003485,SKU_0189,WH_01,Bengaluru,South,Inbound,SUP_05,,2026-01-04,,323,1818.85,767,1090,Discrepancy
MOV000788,SKU_0263,WH_05,Hyderabad,South,Inbound,SUP_01,,2026-06-02,2026-06-04,114,345.85,4636,4750,Completed
MOV003489,SKU_0277,WH_02,Mumbai,West,Transfer,,,2026-06-04,2026-06-05,223,1206.12,4733,,Cancelled
MOV002740,SKU_0150,WH_04,Kolkata,East,Outbound,,CUST_004,,2026-01-20,197,1585.09,3685,,Completed
MOV000939,SKU_0085,WH_02,Mumbai,West,Inbound,SUP_04,,2026-01-18,2026-01-18,333,1821.25,4201,4534,Pending
MOV001037,SKU_0196,WH_04,Kolkata,East,Transfer,,,2026-05-21,2026-05-22,152,595.27,64,,Cancelled
MOV002600,SKU_0096,WH_01,Bengaluru,South,Inbound,SUP_02,,2026-01-30,2026-01-31,165,850.86,529,694,Completed
MOV001770,SKU_0038,WH_06,Pune,West,Adjustment,,,2026-03-17,2026-03-18,235,1405.61,405,640,Completed
MOV001289,SKU_0011,WH_04,Kolkata,East,Outbound,,CUST_034,2026-02-15,2026-02-18,158,1233.87,4239,,Cancelled
MOV004125,SKU_0267,WH_03,Delhi,North,Inbound,SUP_03,,2026-02-14,2026-02-15,329,1791.4,3861,4190,Completed
MOV002050,SKU_0222,WH_01,Bengaluru,South,Outbound,,CUST_060,2026-03-30,2026-04-02,16,932.85,94,78,Completed
MOV002525,SKU_0140,WH_02,Mumbai,West,Outbound,,CUST_046,2026-02-07,2026-02-07,335,1484.9,4768,4433,Pending
MOV002030,SKU_0054,WH_03,Delhi,North,Return,,,2026-03-26,2026-03-27,94,100.84,3591,3685,Completed
MOV002022,SKU_0193,WH_02,Mumbai,West,Inbound,SUP_04,,2026-03-06,2026-03-06,167,57.0,2335,2502,Completed
MOV003248,SKU_0211,WH_01,Bengaluru,South,Outbound,,CUST_021,2026-05-05,2026-05-08,279,1485.6,3789,3510,Completed
MOV002425,SKU_0266,WH_06,Pune,West,Outbound,,CUST_059,2026-03-19,2026-03-20,88,717.71,4381,4293,Pending
MOV001305,SKU_0160,WH_01,Bengaluru,South,Inbound,SUP_09,,2026-06-13,2026-06-16,22,10353.51,3579,3601,Completed
MOV000212,SKU_0022,WH_05,Hyderabad,South,Outbound,,CUST_007,2026-03-04,2026-03-04,20,1593.3,1721,1701,Completed
MOV000620,SKU_0087,WH_04,Kolkata,East,Outbound,,CUST_037,2026-04-13,2026-04-13,50,958.71,2643,2593,Completed
MOV004250,SKU_0027,WH_05,Hyderabad,South,Adjustment,,,2026-04-29,2026-04-29,298,1901.04,450,748,Completed
MOV004978,SKU_0014,WH_05,Hyderabad,South,Adjustment,,,2026-06-02,2026-06-03,162,272.42,4064,4226,Completed
MOV002049,SKU_0204,WH_03,Delhi,North,Return,,,2026-06-25,2026-06-26,361,1125.44,2760,,Cancelled
MOV000614,SKU_0204,WH_04,Kolkata,East,Return,,,2026-01-02,2026-01-03,349,666.14,4579,,Completed
MOV002761,SKU_0239,WH_02,Mumbai,West,Outbound,,CUST_091,2026-02-22,2026-02-23,465,1576.88,354,-111,Pending
MOV002572,SKU_0059,WH_02,Mumbai,West,Transfer,,,2026-01-05,2026-01-06,264,776.92,632,368,Pending
MOV001463,SKU_0160,WH_04,Kolkata,East,Inbound,SUP_05,,2026-02-18,2026-02-21,245,182.9,3638,,Completed
MOV001264,SKU_0228,WH_01,Bengaluru,South,Outbound,,CUST_087,2026-02-03,2026-02-06,435,1317.43,1953,1518,Completed
MOV003373,SKU_0018,WH_01,Bengaluru,South,Transfer,,,2026-01-09,2026-01-11,140,1751.09,2642,2502,Completed
MOV004199,SKU_0093,WH_06,Pune,West,Transfer,,,2026-03-13,2026-03-14,76,118.98,3966,3890,Completed
MOV002605,SKU_0064,WH_01,Bengaluru,South,Inbound,SUP_01,,2026-01-31,2026-02-01,205,1759.05,3482,3687,Completed
MOV001783,SKU_0048,WH_04,Kolkata,East,Transfer,,,2026-06-30,2026-07-02,428,1926.22,4015,,Completed
MOV001546,SKU_0100,WH_01,Bengaluru,South,Adjustment,,,2026-04-12,2026-04-12,327,761.91,259,586,Completed
MOV001802,SKU_0278,WH_05,Hyderabad,South,Return,,,2026-03-04,2026-03-07,146,787.99,1680,1826,Completed
MOV003944,SKU_0240,WH_02,Mumbai,West,Outbound,,CUST_088,2026-02-14,2026-02-16,339,203.17,4507,4168,Completed
MOV003961,SKU_0181,WH_03,Delhi,North,Adjustment,,,2026-05-24,2026-05-27,270,356.72,547,277,Completed
MOV002631,SKU_0177,WH_04,Kolkata,East,Outbound,,CUST_006,2026-05-04,2026-05-06,413,602.77,1479,,Discrepancy
MOV003249,SKU_0146,WH_02,Mumbai,West,Return,,,2026-06-01,2026-06-04,228,1070.14,2665,2893,Completed
MOV001453,SKU_0038,WH_05,Hyderabad,South,Inbound,SUP_01,,2026-05-11,2026-05-13,444,1559.46,3753,4197,Completed
MOV000412,SKU_0292,WH_01,Bengaluru,South,Outbound,,CUST_073,2026-04-21,2026-04-21,368,305.43,756,388,Completed
MOV001738,SKU_0220,WH_02,Mumbai,West,Transfer,,,2026-04-26,2026-04-29,485,618.14,696,211,Pending
MOV001597,SKU_0003,WH_06,Pune,West,Inbound,SUP_04,,2026-06-21,2026-06-24,110,1982.73,642,752,Completed
MOV002248,SKU_0164,WH_05,Hyderabad,South,Inbound,SUP_11,,2026-02-03,2026-02-06,248,784.36,391,639,Completed
MOV002237,SKU_0139,WH_03,Delhi,North,Transfer,,,2026-01-31,2026-02-01,232,628.58,3894,3662,Completed
MOV000347,SKU_0113,WH_06,Pune,West,Inbound,SUP_09,,2026-06-13,2026-06-16,135,1289.04,3922,4057,Completed
MOV001100,SKU_0157,WH_04,Kolkata,East,Inbound,SUP_04,,2026-05-08,2026-05-08,376,1140.44,3090,,Completed
MOV001162,SKU_0193,WH_06,Pune,West,Inbound,SUP_02,,2026-06-12,2026-06-12,17,865.82,4486,4503,Completed
MOV004884,SKU_0049,WH_05,Hyderabad,South,Outbound,,CUST_057,2026-04-02,2026-04-05,391,1924.79,2538,2147,Completed
MOV002918,SKU_0017,WH_06,Pune,West,Inbound,SUP_04,,2026-04-24,2026-04-26,42,137.4,1583,1625,Completed
MOV004011,SKU_0060,WH_02,Mumbai,West,Inbound,SUP_01,,2026-02-02,2026-02-03,225,377.87,1800,2025,Completed
MOV000365,SKU_0190,WH_06,Pune,West,Inbound,SUP_06,,2026-02-12,2026-02-12,447,534.17,1358,1805,Completed
MOV002365,SKU_0059,WH_05,Hyderabad,South,Outbound,,CUST_006,2026-05-26,2026-05-26,55,253.76,3618,3563,Completed
MOV002132,SKU_0113,WH_01,Bengaluru,South,Transfer,,,2026-05-17,2026-05-19,249,755.67,960,711,Completed
MOV002517,SKU_0024,WH_03,Delhi,North,Inbound,SUP_01,,2026-02-04,2026-02-07,472,1469.95,1134,1606,Completed
MOV002070,SKU_0004,WH_03,Delhi,North,Return,,,2026-01-19,2026-01-21,463,919.08,2102,2565,Completed
MOV001069,SKU_0220,WH_02,Mumbai,West,Outbound,,CUST_023,2026-06-15,2026-06-18,206,1081.46,1871,1665,Completed
MOV004248,SKU_0124,WH_02,Mumbai,West,Outbound,,CUST_007,2026-05-27,2026-05-29,492,1006.71,722,230,Discrepancy
MOV002874,SKU_0014,WH_01,Bengaluru,South,Adjustment,,,2026-02-02,2026-02-02,114,1962.04,743,629,Completed
MOV004816,SKU_0060,WH_06,Pune,West,Inbound,SUP_01,,2026-02-14,2026-02-16,268,1800.45,2205,,Cancelled
MOV001187,SKU_0117,WH_02,Mumbai,West,Transfer,,,2026-01-20,2026-01-22,114,1630.53,2625,2511,Completed
MOV004026,SKU_0264,WH_04,Kolkata,East,Return,,,2026-02-28,2026-03-01,322,687.81,1386,,Discrepancy
MOV001054,SKU_0021,WH_01,Bengaluru,South,Return,,,2026-01-24,2026-01-26,450,252.24,4911,5361,Completed
MOV004007,SKU_0085,WH_04,Kolkata,East,Adjustment,,,2026-05-25,2026-05-27,37,219.57,1353,,Completed
MOV003644,SKU_0180,WH_02,Mumbai,West,Inbound,SUP_12,,,2026-01-16,321,1323.83,1136,1457,Completed
MOV002709,SKU_0200,WH_01,Bengaluru,South,Adjustment,,,,2026-06-15,18,1983.41,576,558,Pending
MOV002851,SKU_0230,WH_04,Kolkata,East,Transfer,,,2026-04-29,2026-05-02,130,1508.15,2160,,Completed
MOV002929,SKU_0189,WH_05,Hyderabad,South,Outbound,,CUST_065,2026-01-07,2026-01-10,20,1527.94,3620,3600,Completed
MOV000501,SKU_0098,WH_02,Mumbai,West,Outbound,,CUST_069,2026-02-19,2026-02-22,331,1032.23,812,481,Completed
MOV000675,SKU_0004,WH_02,Mumbai,West,Outbound,,CUST_079,2026-04-18,2026-04-18,59,246.75,1461,1402,Completed
MOV000774,SKU_0269,WH_06,Pune,West,Outbound,,CUST_073,2026-03-31,2026-04-01,130,413.65,2733,2603,Discrepancy
MOV003762,SKU_0258,WH_06,Pune,West,Outbound,,CUST_007,2026-03-19,2026-03-22,132,451.49,1651,1519,Completed
MOV000002,SKU_0283,WH_04,Kolkata,East,Inbound,SUP_10,,2026-02-01,2026-02-02,323,1273.49,506,,Completed
MOV003461,SKU_0165,WH_05,Hyderabad,South,Transfer,,,2026-01-05,2026-01-08,164,1137.31,4849,4685,Discrepancy
MOV000467,SKU_0002,WH_02,Mumbai,West,Inbound,SUP_06,,2026-01-22,2026-01-24,303,670.71,4579,,Cancelled
MOV002667,SKU_0281,WH_03,Delhi,North,Return,,,2026-01-11,2026-01-14,56,332.28,4381,4437,Completed
MOV003493,SKU_0034,WH_05,Hyderabad,South,Return,,,2026-01-06,2026-01-08,32,1418.01,279,311,Completed
MOV003923,SKU_0284,WH_02,Mumbai,West,Outbound,,CUST_009,2026-06-05,2026-06-06,349,834.05,3795,,Cancelled
MOV001146,SKU_0086,WH_05,Hyderabad,South,Adjustment,,,2026-02-20,,298,738.81,3690,3392,Completed
MOV003891,SKU_0274,WH_04,Kolkata,East,Outbound,,CUST_015,2026-05-04,2026-05-05,62,1772.84,704,,Completed
MOV001440,SKU_0160,WH_02,Mumbai,West,Outbound,,CUST_084,2026-03-20,2026-03-23,449,1488.91,4551,4102,Completed
MOV004339,SKU_0054,WH_01,Bengaluru,South,Inbound,SUP_08,,,2026-05-02,453,1076.44,1679,2132,Completed
MOV000672,SKU_0048,WH_03,Delhi,North,Transfer,,,2026-01-31,2026-02-03,55,707.98,1928,1873,Completed
MOV004496,SKU_0172,WH_02,Mumbai,West,Inbound,SUP_03,,2026-02-20,2026-02-20,451,741.7,1664,2115,Completed
MOV001244,SKU_0043,WH_02,Mumbai,West,Transfer,,,2026-01-10,2026-01-11,398,861.26,3680,3282,Completed
MOV001005,SKU_0113,WH_02,Mumbai,West,Transfer,,,2026-05-08,2026-05-08,298,1624.1,601,303,Completed
MOV001140,SKU_0198,WH_02,Mumbai,West,Outbound,,CUST_018,2026-05-28,2026-05-31,270,761.73,419,149,Pending
MOV000224,SKU_0081,WH_03,Delhi,North,Outbound,,CUST_081,2026-01-21,2026-01-22,353,493.62,1132,779,Completed
MOV001314,SKU_0034,WH_02,Mumbai,West,Outbound,,CUST_089,2026-04-20,2026-04-22,335,1913.21,1822,1487,Discrepancy
MOV000849,SKU_0171,WH_06,Pune,West,Inbound,SUP_08,,2026-03-07,2026-03-08,75,730.36,207,282,Completed
MOV002675,SKU_0037,WH_06,Pune,West,Outbound,,CUST_004,2026-01-13,2026-01-14,335,1898.95,2051,1716,Completed
MOV001746,SKU_0020,WH_06,Pune,West,Inbound,SUP_01,,2026-04-01,2026-04-04,171,667.21,1233,-77,Discrepancy
MOV000715,SKU_0238,WH_02,Mumbai,West,Inbound,SUP_08,,2026-02-14,2026-02-17,354,989.11,677,1031,Completed
MOV000466,SKU_0092,WH_01,Bengaluru,South,Inbound,SUP_09,,2026-04-21,2026-04-22,327,19348.59,2135,2462,Completed
MOV004277,SKU_0126,WH_03,Delhi,North,Transfer,,,2026-01-21,2026-01-22,211,426.72,3821,,Cancelled
MOV004670,SKU_0259,WH_06,Pune,West,Transfer,,,2026-06-30,2026-07-02,143,1098.96,1419,1276,Completed
MOV002035,SKU_0094,WH_05,Hyderabad,South,Outbound,,CUST_063,2026-06-01,2026-06-03,400,628.06,497,97,Completed
MOV004987,SKU_0128,WH_05,Hyderabad,South,Outbound,,CUST_029,2026-05-08,2026-05-09,130,1196.16,650,520,Completed
MOV000805,SKU_0154,WH_03,Delhi,North,Outbound,,CUST_038,2026-01-24,2026-01-26,188,1195.32,1822,1634,Pending
MOV002966,SKU_0091,WH_06,Pune,West,Transfer,,,2026-05-27,2026-05-28,333,677.9,3849,3516,Completed
MOV003319,SKU_0243,WH_02,Mumbai,West,Adjustment,,,2026-06-27,2026-06-28,147,1795.5,652,799,Completed
MOV004732,SKU_0230,WH_06,Pune,West,Inbound,SUP_09,,2026-01-19,2026-01-20,279,9916.12,121,400,Completed
MOV002795,SKU_0251,WH_02,Mumbai,West,Inbound,SUP_01,,2026-05-30,2026-05-31,261,838.47,4299,4560,Completed
MOV002803,SKU_0257,WH_01,Bengaluru,South,Outbound,,CUST_029,2026-03-21,2026-03-21,105,580.18,238,133,Completed
MOV004599,SKU_0089,WH_05,Hyderabad,South,Transfer,,,2026-05-18,2026-05-18,170,332.69,3440,3270,Completed
MOV002786,SKU_0227,WH_02,Mumbai,West,Return,,,2026-02-13,2026-02-13,191,949.65,3438,3629,Completed
MOV001623,SKU_0143,WH_01,Bengaluru,South,Transfer,,,2026-01-10,2026-01-11,147,1414.09,1682,,Cancelled
MOV004829,SKU_0261,WH_01,Bengaluru,South,Outbound,,CUST_026,2026-02-03,2026-02-04,4,107.99,631,627,Completed
MOV003536,SKU_0079,WH_05,Hyderabad,South,Outbound,,CUST_054,2026-05-04,2026-05-07,370,1974.51,282,-88,Completed
MOV000581,SKU_0107,WH_06,Pune,West,Return,,,2026-03-04,2026-03-05,15,1800.54,4776,4791,Completed
MOV000439,SKU_0132,WH_01,Bengaluru,South,Transfer,,,2026-06-16,2026-06-18,50,119.59,2451,2401,Completed
MOV004098,SKU_0037,WH_01,Bengaluru,South,Inbound,SUP_06,,2026-01-29,2026-01-31,384,1180.72,1548,,Cancelled
MOV002266,SKU_0093,WH_06,Pune,West,Adjustment,,,2026-03-18,2026-03-19,488,1819.44,558,1046,Completed
MOV000909,SKU_0266,WH_03,Delhi,North,Outbound,,CUST_003,2026-05-25,2026-05-28,317,1104.69,1912,1595,Completed
MOV004572,SKU_0175,WH_01,Bengaluru,South,Outbound,,CUST_084,2026-04-10,2026-04-13,263,1014.28,1102,-185,Completed
MOV002137,SKU_0230,WH_03,Delhi,North,Inbound,SUP_04,,2026-02-02,2026-02-03,469,125.99,4617,5086,Completed
MOV002145,SKU_0226,WH_02,Mumbai,West,Inbound,SUP_03,,2026-05-31,2026-05-31,128,1522.28,678,806,Completed
MOV000335,SKU_0037,WH_06,Pune,West,Outbound,,CUST_018,2026-04-21,2026-04-24,497,1381.2,3724,3227,Completed
MOV000771,SKU_0216,WH_02,Mumbai,West,Adjustment,,,2026-04-13,2026-04-15,416,824.66,95,511,Completed
MOV004309,SKU_0074,WH_06,Pune,West,Outbound,,CUST_076,2026-02-17,2026-02-20,373,1318.4,996,,Cancelled
MOV001455,SKU_0206,WH_02,Mumbai,West,Outbound,,CUST_071,2026-03-19,2026-03-22,102,1563.69,3352,3250,Discrepancy
MOV000664,SKU_0060,WH_02,Mumbai,West,Outbound,,CUST_010,2026-04-17,2026-04-19,407,188.15,823,416,Completed
MOV003803,SKU_0273,WH_05,Hyderabad,South,Inbound,SUP_03,,2026-02-22,2026-02-23,361,694.59,2382,,Cancelled
MOV002161,SKU_0035,WH_06,Pune,West,Outbound,,CUST_002,2026-03-19,2026-03-19,337,1672.83,2503,,Cancelled
MOV003705,SKU_0174,WH_02,Mumbai,West,Outbound,,CUST_044,2026-01-11,2026-01-14,315,1194.87,2328,2013,Completed
MOV003380,SKU_0112,WH_01,Bengaluru,South,Return,,,2026-04-11,2026-04-11,378,811.78,556,934,Completed
MOV003222,SKU_0181,WH_01,Bengaluru,South,Return,,,2026-01-15,2026-01-17,122,1320.78,1230,1352,Completed
MOV000181,SKU_0138,WH_01,Bengaluru,South,Outbound,,CUST_069,2026-02-07,2026-02-10,64,1047.68,2405,2341,Discrepancy
MOV004791,SKU_0107,WH_01,Bengaluru,South,Inbound,SUP_09,,2026-04-12,2026-04-14,138,6999.81,4307,4445,Completed
MOV002398,SKU_0210,WH_01,Bengaluru,South,Outbound,,CUST_009,2026-02-26,2026-02-28,411,1410.44,15,-396,Completed
MOV002576,SKU_0109,WH_04,Kolkata,East,Inbound,SUP_09,,2026-05-16,2026-05-17,340,1525.8,2387,,Completed
MOV003728,SKU_0243,WH_05,Hyderabad,South,Outbound,,CUST_047,2026-06-17,2026-06-17,254,1317.45,3305,3051,Discrepancy
MOV003979,SKU_0069,WH_02,Mumbai,West,Inbound,SUP_06,,2026-02-26,2026-02-28,296,1686.14,132,428,Completed
MOV001116,SKU_0010,WH_06,Pune,West,Return,,,2026-01-29,2026-01-29,175,157.57,4520,4695,Discrepancy
MOV004671,SKU_0250,WH_02,Mumbai,West,Inbound,SUP_11,,2026-03-28,2026-03-28,289,398.22,68,357,Completed
MOV003725,SKU_0134,WH_03,Delhi,North,Transfer,,,2026-05-22,2026-05-22,459,412.18,4483,4024,Completed
MOV003666,SKU_0123,WH_02,Mumbai,West,Return,,,2026-04-01,2026-04-02,269,1675.79,636,905,Completed
MOV000125,SKU_0039,WH_04,Kolkata,East,Adjustment,,,2026-06-10,2026-06-12,298,567.06,1838,2136,Completed
MOV001884,SKU_0263,WH_04,Kolkata,East,Inbound,SUP_10,,2026-05-05,2026-05-06,489,1563.27,3814,,Discrepancy
MOV002811,SKU_0194,WH_04,Kolkata,East,Inbound,SUP_12,,2026-02-23,2026-02-26,130,1203.92,3921,,Cancelled
MOV001033,SKU_0247,WH_04,Kolkata,East,Return,,,2026-05-04,2026-05-06,387,502.98,4201,,Completed
MOV004744,SKU_0086,WH_02,Mumbai,West,Inbound,SUP_05,,2026-01-11,2026-01-12,220,357.48,3594,3814,Completed
MOV003359,SKU_0166,WH_02,Mumbai,West,Inbound,SUP_10,,2026-01-14,2026-01-14,154,1306.04,45,199,Completed
MOV000191,SKU_0221,WH_04,Kolkata,East,Outbound,,CUST_006,2026-06-02,2026-06-04,232,1898.4,559,,Completed
MOV003945,SKU_0125,WH_01,Bengaluru,South,Adjustment,,,2026-01-11,2026-01-11,383,1837.14,4187,4570,Completed
MOV003209,SKU_0265,WH_05,Hyderabad,South,Inbound,SUP_02,,2026-05-21,2026-05-23,435,1599.1,4150,4585,Completed
MOV001367,SKU_0072,WH_04,Kolkata,East,Return,,,2026-05-31,2026-05-31,122,1769.83,2568,,Completed
MOV002040,SKU_0270,WH_06,Pune,West,Outbound,,CUST_049,2026-03-03,2026-03-06,294,838.84,1656,1362,Completed
MOV002992,SKU_0130,WH_04,Kolkata,East,Inbound,SUP_07,,2026-02-22,2026-02-25,277,1320.86,4016,,Completed
MOV004305,SKU_0221,WH_01,Bengaluru,South,Return,,,2026-06-02,2026-06-04,321,934.05,4247,4568,Completed
MOV001987,SKU_0240,WH_06,Pune,West,Inbound,SUP_01,,2026-01-19,2026-01-21,162,1341.4,4610,4772,Completed
MOV002013,SKU_0143,WH_04,Kolkata,East,Outbound,,CUST_066,2026-04-20,2026-04-23,124,1180.33,320,196,Completed
MOV001130,SKU_0280,WH_05,Hyderabad,South,Outbound,,CUST_095,2026-06-30,2026-07-01,12,796.9,4882,4870,Completed
MOV000691,SKU_0180,WH_04,Kolkata,East,Inbound,SUP_09,,2026-01-19,2026-01-21,82,9000.13,3593,,Pending
MOV001860,SKU_0045,WH_05,Hyderabad,South,Adjustment,,,2026-04-29,2026-04-30,201,1511.75,1255,1456,Completed
MOV000207,SKU_0119,WH_03,Delhi,North,Inbound,SUP_02,,2026-01-18,2026-01-20,413,1025.71,2432,2845,Completed
MOV001511,SKU_0160,WH_03,Delhi,North,Outbound,,CUST_033,2026-04-26,2026-04-29,255,649.03,4920,4665,Completed
MOV004312,SKU_0106,WH_05,Hyderabad,South,Outbound,,CUST_076,2026-06-11,2026-06-11,28,1598.25,4227,4199,Completed
MOV004757,SKU_0150,WH_02,Mumbai,West,Inbound,SUP_03,,2026-05-19,2026-05-19,279,1519.32,3097,3376,Completed
MOV004413,SKU_0024,WH_02,Mumbai,West,Inbound,SUP_11,,2026-02-23,2026-02-24,465,241.5,4407,4872,Completed
MOV002036,SKU_0146,WH_01,Bengaluru,South,Adjustment,,,2026-06-27,2026-06-29,339,1168.32,2439,2100,Completed
MOV001294,SKU_0256,WH_05,Hyderabad,South,Inbound,SUP_11,,2026-04-22,2026-04-24,378,1008.52,3611,3989,Completed
MOV000356,SKU_0123,WH_03,Delhi,North,Transfer,,,2026-05-17,2026-05-18,54,119.0,2569,2515,Completed
MOV002105,SKU_0252,WH_02,Mumbai,West,Outbound,,CUST_042,2026-03-11,2026-03-14,30,1788.65,4743,4713,Completed
MOV000055,SKU_0062,WH_02,Mumbai,West,Outbound,,CUST_010,2026-02-23,2026-02-26,282,479.05,2726,2444,Discrepancy
MOV001937,SKU_0064,WH_04,Kolkata,East,Return,,,2026-06-01,2026-06-03,403,903.79,3697,,Completed
MOV002796,SKU_0104,WH_06,Pune,West,Inbound,SUP_09,,2026-06-04,2026-06-07,31,6940.2,4524,4555,Completed
MOV001192,SKU_0231,WH_06,Pune,West,Outbound,,CUST_086,2026-01-29,2026-01-31,497,1846.4,85,-412,Completed
MOV002265,SKU_0255,WH_06,Pune,West,Outbound,,CUST_077,2026-03-29,2026-03-31,50,201.55,3210,3160,Completed
MOV001242,SKU_0059,WH_04,Kolkata,East,Outbound,,CUST_039,2026-05-19,2026-05-21,50,941.27,2823,,Completed
MOV002131,SKU_0129,WH_05,Hyderabad,South,Inbound,SUP_08,,2026-01-18,2026-01-20,448,1719.71,2894,,Cancelled
MOV000505,SKU_0056,WH_04,Kolkata,East,Transfer,,,2026-01-06,2026-01-07,108,733.89,2567,,Completed
MOV000169,SKU_0158,WH_02,Mumbai,West,Inbound,SUP_12,,2026-05-14,2026-05-17,431,1457.23,453,884,Completed
MOV004799,SKU_0138,WH_04,Kolkata,East,Inbound,SUP_01,,2026-01-09,2026-01-11,420,1622.04,4995,,Completed
MOV002994,SKU_0031,WH_05,Hyderabad,South,Inbound,SUP_09,,2026-06-09,2026-06-11,6,18569.38,4207,4213,Completed
MOV001407,SKU_0285,WH_04,Kolkata,East,Inbound,SUP_04,,2026-04-22,2026-04-25,144,1157.01,465,,Completed
MOV001466,SKU_0051,WH_05,Hyderabad,South,Return,,,2026-02-12,2026-02-14,15,937.33,4700,4715,Completed
MOV002400,SKU_0168,WH_06,Pune,West,Outbound,,CUST_052,2026-01-03,2026-01-05,263,835.79,2923,2660,Completed
MOV003556,SKU_0083,WH_02,Mumbai,West,Outbound,,CUST_063,2026-05-21,2026-05-22,496,846.15,4842,4346,Completed
MOV002360,SKU_0287,WH_01,Bengaluru,South,Outbound,,CUST_034,2026-05-31,2026-06-03,52,1003.63,3042,2990,Pending
MOV001896,SKU_0213,WH_01,Bengaluru,South,Return,,,2026-03-20,2026-03-21,398,1024.92,4330,4728,Completed
MOV000735,SKU_0277,WH_06,Pune,West,Inbound,SUP_07,,2026-03-24,2026-03-25,377,1076.16,3278,3655,Completed
MOV001017,SKU_0286,WH_04,Kolkata,East,Outbound,,CUST_001,2026-02-01,2026-02-01,140,66.62,3811,,Completed
MOV003692,SKU_0299,WH_06,Pune,West,Adjustment,,,2026-03-26,2026-03-27,260,1431.09,413,,Cancelled
MOV000408,SKU_0278,WH_06,Pune,West,Adjustment,,,2026-05-21,2026-05-24,485,711.66,3782,3297,Completed
MOV001227,SKU_0204,WH_05,Hyderabad,South,Outbound,,CUST_098,2026-01-10,2026-01-12,307,1442.75,2148,1841,Completed
MOV002210,SKU_0105,WH_02,Mumbai,West,Inbound,SUP_11,,2026-02-21,2026-02-22,167,1122.55,2686,2853,Completed
MOV002591,SKU_0190,WH_03,Delhi,North,Adjustment,,,2026-02-26,2026-02-28,203,1778.34,573,370,Completed
MOV001945,SKU_0201,WH_01,Bengaluru,South,Outbound,,CUST_083,2026-06-21,2026-06-24,7,554.92,171,164,Completed
MOV003830,SKU_0005,WH_06,Pune,West,Outbound,,CUST_090,2026-06-11,2026-06-13,336,1113.98,370,34,Discrepancy
MOV003439,SKU_0195,WH_03,Delhi,North,Adjustment,,,2026-04-18,2026-04-20,254,250.65,1609,1863,Completed
MOV000107,SKU_0022,WH_06,Pune,West,Inbound,SUP_01,,2026-01-17,2026-01-19,103,1644.25,4373,,Cancelled
MOV004594,SKU_0162,WH_04,Kolkata,East,Adjustment,,,2026-05-05,2026-05-05,141,846.34,4886,,Cancelled
MOV001501,SKU_0114,WH_04,Kolkata,East,Transfer,,,2026-03-06,2026-03-08,352,481.29,3676,,Completed
MOV004027,SKU_0024,WH_05,Hyderabad,South,Inbound,SUP_05,,2026-03-06,2026-03-06,286,1289.68,4715,5001,Pending
MOV000641,SKU_0062,WH_06,Pune,West,Outbound,,CUST_001,2026-06-26,2026-06-29,356,1553.72,4652,4296,Completed
MOV002148,SKU_0086,WH_05,Hyderabad,South,Outbound,,CUST_032,2026-01-21,2026-01-22,49,1328.83,3530,3481,Completed
MOV001095,SKU_0263,WH_02,Mumbai,West,Return,,,2026-04-25,2026-04-28,249,1437.72,3782,4031,Completed
MOV003504,SKU_0010,WH_04,Kolkata,East,Return,,,2026-06-04,2026-06-06,365,1508.54,4080,,Cancelled
MOV001243,SKU_0169,WH_03,Delhi,North,Inbound,SUP_11,,2026-03-27,2026-03-28,339,1635.49,3913,4252,Completed
MOV004526,SKU_0249,WH_02,Mumbai,West,Inbound,SUP_04,,2026-01-21,2026-01-23,285,160.36,2964,3249,Completed
MOV000594,SKU_0090,WH_06,Pune,West,Outbound,,CUST_005,2026-04-25,2026-04-25,165,1142.94,1401,,Cancelled
MOV001994,SKU_0058,WH_05,Hyderabad,South,Transfer,,,2026-05-12,2026-05-15,142,1100.8,2920,2778,Completed
MOV000602,SKU_0052,WH_06,Pune,West,Inbound,SUP_10,,2026-06-14,2026-06-16,145,584.54,4997,5142,Completed
MOV001572,SKU_0138,WH_03,Delhi,North,Outbound,,CUST_047,2026-04-20,2026-04-22,345,481.66,3773,3428,Completed
MOV004317,SKU_0204,WH_03,Delhi,North,Inbound,SUP_05,,2026-01-10,2026-01-10,275,870.64,4382,4657,Completed
MOV004021,SKU_0122,WH_01,Bengaluru,South,Outbound,,CUST_078,2026-02-23,2026-02-26,96,949.16,246,150,Completed
MOV001821,SKU_0054,WH_01,Bengaluru,South,Inbound,SUP_04,,2026-02-21,2026-02-21,411,1662.88,4582,4993,Completed
MOV003185,SKU_0001,WH_04,Kolkata,East,Outbound,,CUST_020,2026-03-31,2026-04-02,376,1300.32,2853,2477,Completed
MOV001754,SKU_0014,WH_03,Delhi,North,Outbound,,CUST_030,2026-03-24,2026-03-24,49,1736.32,2063,2014,Completed
MOV004369,SKU_0222,WH_04,Kolkata,East,Outbound,,CUST_039,2026-02-05,2026-02-05,344,956.37,642,,Discrepancy
MOV003772,SKU_0078,WH_04,Kolkata,East,Return,,,2026-04-07,2026-04-07,14,1829.29,2162,,Cancelled
MOV003516,SKU_0048,WH_01,Bengaluru,South,Outbound,,CUST_015,2026-06-18,2026-06-19,8,864.0,3877,3869,Pending
MOV002000,SKU_0093,WH_01,Bengaluru,South,Adjustment,,,2026-03-24,,135,1025.3,4134,3999,Completed
MOV003216,SKU_0119,WH_04,Kolkata,East,Outbound,,CUST_004,2026-03-13,2026-03-13,26,1510.14,1398,-72,Completed
MOV003000,SKU_0166,WH_05,Hyderabad,South,Inbound,SUP_07,,2026-04-06,2026-04-08,296,1020.91,1135,1431,Completed
MOV002895,SKU_0139,WH_06,Pune,West,Inbound,SUP_01,,2026-03-20,2026-03-22,317,1974.35,4633,4950,Completed
MOV004429,SKU_0127,WH_06,Pune,West,Inbound,SUP_09,,2026-06-03,2026-06-04,32,9706.86,731,-33,Completed
MOV000596,SKU_0099,WH_04,Kolkata,East,Inbound,SUP_04,,2026-03-27,2026-03-28,203,1646.33,2498,,Completed
MOV003608,SKU_0121,WH_06,Pune,West,Outbound,,CUST_098,2026-02-26,2026-02-28,142,54.17,735,593,Completed
MOV003037,SKU_0062,WH_03,Delhi,North,Inbound,SUP_03,,2026-03-20,2026-03-23,254,1856.65,4362,4616,Completed
MOV004511,SKU_0075,WH_06,Pune,West,Transfer,,,2026-06-12,2026-06-13,425,1944.03,3529,,Cancelled
MOV002558,SKU_0158,WH_06,Pune,West,Transfer,,,2026-02-09,2026-02-12,320,837.41,1515,1195,Completed
MOV002382,SKU_0185,WH_05,Hyderabad,South,Inbound,SUP_04,,2026-03-25,2026-03-25,388,1131.44,1447,1835,Completed
MOV003151,SKU_0132,WH_02,Mumbai,West,Outbound,,CUST_037,2026-03-24,2026-03-27,317,1195.19,2333,,Cancelled
MOV000613,SKU_0001,WH_02,Mumbai,West,Inbound,SUP_01,,2026-03-02,2026-03-03,194,1085.95,1222,1416,Completed
MOV001312,SKU_0172,WH_06,Pune,West,Outbound,,CUST_030,2026-06-05,2026-06-05,373,1743.0,2716,2343,Completed
MOV004442,SKU_0116,WH_05,Hyderabad,South,Adjustment,,,2026-03-12,2026-03-14,435,1289.65,1781,2216,Pending
MOV003271,SKU_0208,WH_01,Bengaluru,South,Return,,,2026-03-26,2026-03-29,291,1018.68,1963,2254,Completed
MOV002029,SKU_0029,WH_06,Pune,West,Outbound,,CUST_077,2026-01-18,2026-01-19,390,293.73,2727,2337,Pending
MOV001528,SKU_0029,WH_02,Mumbai,West,Transfer,,,2026-05-23,2026-05-23,25,839.2,1976,1951,Completed
MOV003486,SKU_0239,WH_04,Kolkata,East,Outbound,,CUST_080,2026-01-26,2026-01-27,336,165.39,1760,,Completed
MOV003027,SKU_0266,WH_02,Mumbai,West,Inbound,SUP_09,,2026-06-20,2026-06-22,362,9806.84,1980,2342,Completed
MOV004568,SKU_0278,WH_05,Hyderabad,South,Outbound,,CUST_066,2026-06-01,2026-06-02,219,1146.98,2255,2036,Completed
MOV004653,SKU_0231,WH_05,Hyderabad,South,Return,,,2026-05-04,2026-05-04,120,1269.67,2635,2755,Completed
MOV000561,SKU_0155,WH_03,Delhi,North,Inbound,SUP_09,,2026-03-25,2026-03-28,115,2431.64,2661,2776,Completed
MOV000938,SKU_0180,WH_04,Kolkata,East,Adjustment,,,2026-05-11,2026-05-14,260,1337.88,3529,,Discrepancy
MOV004874,SKU_0080,WH_04,Kolkata,East,Adjustment,,,2026-04-15,2026-04-17,50,664.66,3614,,Completed
MOV000509,SKU_0202,WH_06,Pune,West,Inbound,SUP_05,,2026-01-06,2026-01-09,227,1454.33,4258,4485,Completed
MOV001681,SKU_0141,WH_06,Pune,West,Inbound,SUP_10,,2026-06-14,2026-06-15,293,1179.25,2576,2869,Completed
MOV004519,SKU_0172,WH_05,Hyderabad,South,Outbound,,CUST_074,2026-02-06,2026-02-06,189,364.92,1387,1198,Completed
MOV004168,SKU_0280,WH_03,Delhi,North,Outbound,,CUST_033,2026-02-01,2026-02-03,206,1027.63,2440,2234,Completed
MOV004161,SKU_0207,WH_05,Hyderabad,South,Outbound,,CUST_011,2026-03-02,2026-03-03,18,296.79,1270,1252,Completed
MOV004107,SKU_0231,WH_01,Bengaluru,South,Transfer,,,2026-03-05,2026-03-05,177,600.24,3148,2971,Completed
MOV002238,SKU_0127,WH_05,Hyderabad,South,Outbound,,CUST_024,2026-05-10,2026-05-10,498,1947.66,373,-125,Completed
MOV001124,SKU_0022,WH_06,Pune,West,Adjustment,,,2026-03-16,2026-03-19,392,1073.12,4549,4941,Completed
MOV001577,SKU_0085,WH_04,Kolkata,East,Outbound,,CUST_062,2026-06-12,2026-06-14,375,417.63,3812,3437,Completed
MOV004148,SKU_0164,WH_04,Kolkata,East,Return,,,2026-01-17,2026-01-17,298,1648.71,431,,Completed
MOV000368,SKU_0119,WH_04,Kolkata,East,Outbound,,CUST_016,2026-02-18,2026-02-18,137,754.23,3843,,Completed
MOV004042,SKU_0115,WH_05,Hyderabad,South,Inbound,SUP_04,,2026-03-14,2026-03-15,283,1040.07,3484,3767,Completed
MOV003754,SKU_0283,WH_06,Pune,West,Transfer,,,2026-06-21,2026-06-21,292,865.3,599,307,Completed
MOV001469,SKU_0288,WH_02,Mumbai,West,Outbound,,CUST_073,2026-04-21,2026-04-24,252,287.37,2425,2173,Discrepancy
MOV004126,SKU_0177,WH_02,Mumbai,West,Inbound,SUP_09,,2026-01-27,2026-01-29,270,5073.98,2466,,Cancelled
MOV004843,SKU_0194,WH_04,Kolkata,East,Inbound,SUP_05,,2026-03-17,2026-03-18,61,776.76,1398,,Discrepancy
MOV004764,SKU_0162,WH_01,Bengaluru,South,Outbound,,CUST_017,2026-04-13,2026-04-16,49,1162.49,2874,2825,Pending
MOV004554,SKU_0282,WH_04,Kolkata,East,Adjustment,,,2026-04-05,2026-04-07,307,1995.5,3511,,Completed
MOV003063,SKU_0005,WH_01,Bengaluru,South,Outbound,,CUST_067,2026-02-09,2026-02-09,222,1991.47,3556,3334,Completed
MOV002769,SKU_0044,WH_02,Mumbai,West,Inbound,SUP_12,,2026-06-14,2026-06-17,408,1918.43,866,1274,Completed
MOV003193,SKU_0194,WH_05,Hyderabad,South,Inbound,SUP_02,,2026-06-05,2026-06-07,360,1643.24,3675,4035,Completed
MOV000360,SKU_0040,WH_01,Bengaluru,South,Transfer,,,2026-05-18,2026-05-18,38,754.93,1165,1127,Completed
MOV002492,SKU_0265,WH_02,Mumbai,West,Outbound,,CUST_071,2026-01-12,2026-01-14,121,672.38,2982,2861,Completed
MOV003949,SKU_0277,WH_04,Kolkata,East,Inbound,SUP_11,,2026-01-10,2026-01-12,13,470.83,348,,Discrepancy
MOV003970,SKU_0041,WH_06,Pune,West,Inbound,SUP_03,,2026-02-21,2026-02-23,206,884.78,2079,2285,Completed
MOV001358,SKU_0104,WH_04,Kolkata,East,Inbound,SUP_07,,2026-02-07,2026-02-10,98,192.15,4352,,Completed
MOV001302,SKU_0048,WH_02,Mumbai,West,Inbound,SUP_07,,2026-05-08,2026-05-09,167,1857.24,1458,1625,Completed
MOV004203,SKU_0182,WH_06,Pune,West,Inbound,SUP_04,,2026-01-01,2026-01-04,359,1703.14,4304,4663,Completed
MOV003959,SKU_0159,WH_02,Mumbai,West,Outbound,,CUST_050,2026-05-12,2026-05-15,146,1259.48,1830,1684,Completed
MOV001791,SKU_0094,WH_05,Hyderabad,South,Inbound,SUP_11,,2026-02-19,2026-02-22,336,129.33,647,983,Completed
MOV001372,SKU_0249,WH_05,Hyderabad,South,Adjustment,,,2026-04-12,2026-04-13,186,1072.22,2584,2398,Discrepancy
MOV003309,SKU_0259,WH_02,Mumbai,West,Outbound,,CUST_011,2026-01-24,2026-01-26,184,1115.01,3535,3351,Completed
MOV004010,SKU_0157,WH_03,Delhi,North,Inbound,SUP_10,,2026-06-08,2026-06-11,249,1391.76,4511,4760,Completed
MOV000879,SKU_0058,WH_05,Hyderabad,South,Adjustment,,,2026-03-26,2026-03-27,441,1454.5,3100,2659,Completed
MOV000430,SKU_0255,WH_06,Pune,West,Outbound,,CUST_012,2026-06-11,2026-06-12,306,296.32,2471,2165,Completed
MOV002903,SKU_0028,WH_03,Delhi,North,Transfer,,,2026-05-06,2026-05-09,495,1795.69,1467,972,Completed
MOV002122,SKU_0001,WH_06,Pune,West,Inbound,SUP_08,,2026-01-01,2026-01-01,377,1879.55,1590,1967,Completed
MOV004164,SKU_0182,WH_01,Bengaluru,South,Return,,,2026-05-10,2026-05-11,1,1071.29,1506,1507,Pending
MOV002891,SKU_0166,WH_06,Pune,West,Inbound,SUP_04,,2026-06-14,2026-06-17,352,1794.14,1721,2073,Completed
MOV000987,SKU_0136,WH_02,Mumbai,West,Inbound,SUP_11,,2026-02-23,2026-02-26,382,928.79,988,1370,Completed
MOV002149,SKU_0171,WH_02,Mumbai,West,Transfer,,,2026-06-14,2026-06-15,282,1017.14,4181,3899,Completed
MOV002319,SKU_0271,WH_06,Pune,West,Inbound,SUP_07,,2026-03-17,2026-03-19,428,447.41,2573,3001,Completed
MOV000549,SKU_0239,WH_05,Hyderabad,South,Inbound,SUP_02,,,2026-01-26,206,1765.73,1325,1531,Completed
MOV001764,SKU_0036,WH_01,Bengaluru,South,Adjustment,,,2026-04-30,2026-05-03,322,1829.7,1361,1039,Completed
MOV002315,SKU_0276,WH_04,Kolkata,East,Transfer,,,2026-03-31,2026-03-31,96,735.77,3275,,Pending
MOV001679,SKU_0194,WH_06,Pune,West,Adjustment,,,2026-01-28,2026-01-31,178,1879.53,3661,3839,Discrepancy
MOV003166,SKU_0005,WH_01,Bengaluru,South,Outbound,,CUST_090,2026-04-05,2026-04-08,101,1525.27,4610,4509,Completed
MOV002548,SKU_0282,WH_01,Bengaluru,South,Inbound,SUP_09,,2026-03-24,2026-03-25,297,15307.65,2986,3283,Completed
MOV004828,SKU_0050,WH_02,Mumbai,West,Transfer,,,2026-05-18,2026-05-20,452,1010.51,1787,1335,Completed
MOV001714,SKU_0256,WH_06,Pune,West,Outbound,,CUST_050,2026-02-03,2026-02-05,445,842.56,4157,3712,Completed
MOV003551,SKU_0296,WH_06,Pune,West,Outbound,,CUST_092,2026-06-05,2026-06-08,330,1649.77,3797,3467,Discrepancy
MOV000156,SKU_0068,WH_03,Delhi,North,Return,,,2026-03-28,2026-03-29,93,787.49,225,318,Completed
MOV004894,SKU_0070,WH_02,Mumbai,West,Return,,,2026-01-28,2026-01-31,79,1677.67,3858,3937,Completed
MOV001056,SKU_0109,WH_03,Delhi,North,Transfer,,,2026-05-24,2026-05-25,452,1017.21,124,-328,Completed
MOV003530,SKU_0293,WH_05,Hyderabad,South,Outbound,,CUST_013,2026-01-08,2026-01-11,170,1761.66,137,-33,Completed
MOV001103,SKU_0062,WH_03,Delhi,North,Inbound,SUP_05,,2026-05-08,2026-05-11,451,170.15,3496,3947,Completed
MOV004539,SKU_0287,WH_03,Delhi,North,Inbound,SUP_08,,2026-03-25,2026-03-28,6,1574.79,2056,2062,Discrepancy
MOV002245,SKU_0097,WH_02,Mumbai,West,Transfer,,,2026-03-21,2026-03-22,61,1659.43,3405,3344,Completed
MOV004911,SKU_0138,WH_04,Kolkata,East,Outbound,,CUST_049,2026-03-30,2026-03-31,90,1431.19,31,,Completed
MOV002184,SKU_0191,WH_01,Bengaluru,South,Adjustment,,,2026-05-24,2026-05-26,271,1084.27,889,618,Completed
MOV001533,SKU_0231,WH_01,Bengaluru,South,Adjustment,,,2026-01-30,2026-01-31,190,1285.75,2165,1975,Pending
MOV002606,SKU_0191,WH_06,Pune,West,Inbound,SUP_11,,2026-01-20,2026-01-20,418,1870.64,1018,1436,Completed
MOV003555,SKU_0186,WH_04,Kolkata,East,Outbound,,CUST_028,2026-05-12,2026-05-15,457,499.66,3695,,Completed
MOV003001,SKU_0205,WH_03,Delhi,North,Inbound,SUP_01,,2026-05-15,2026-05-17,39,147.34,2484,2523,Completed
MOV000732,SKU_0038,WH_05,Hyderabad,South,Inbound,SUP_10,,2026-06-29,,250,452.04,1897,2147,Completed
MOV000944,SKU_0051,WH_05,Hyderabad,South,Adjustment,,,2026-03-26,2026-03-28,124,784.15,2235,2359,Completed
MOV002625,SKU_0165,WH_02,Mumbai,West,Inbound,SUP_05,,2026-01-23,2026-01-24,364,1429.2,1517,1881,Pending
MOV000076,SKU_0063,WH_03,Delhi,North,Inbound,SUP_10,,2026-03-10,2026-03-12,131,1489.23,1631,1762,Completed
MOV000548,SKU_0125,WH_06,Pune,West,Transfer,,,2026-06-22,2026-06-22,104,1567.89,51,-53,Completed
MOV002317,SKU_0109,WH_01,Bengaluru,South,Outbound,,CUST_085,2026-01-24,2026-01-25,147,542.78,1927,1780,Completed
MOV002730,SKU_0006,WH_05,Hyderabad,South,Return,,,2026-02-08,2026-02-11,101,1226.74,4916,5017,Completed
MOV002376,SKU_0078,WH_04,Kolkata,East,Inbound,SUP_08,,2026-02-19,2026-02-21,449,1010.95,1428,,Cancelled
MOV003867,SKU_0277,WH_03,Delhi,North,Transfer,,,2026-03-27,2026-03-28,12,443.77,1291,1279,Completed
MOV003135,SKU_0148,WH_05,Hyderabad,South,Inbound,SUP_05,,2026-04-16,2026-04-17,218,1838.77,1038,1256,Completed
MOV003717,SKU_0241,WH_02,Mumbai,West,Transfer,,,,2026-03-29,25,60.2,1830,1805,Completed
MOV000723,SKU_0048,WH_02,Mumbai,West,Outbound,,CUST_012,2026-05-13,2026-05-14,22,1347.98,4186,4164,Completed
MOV000118,SKU_0053,WH_02,Mumbai,West,Outbound,,CUST_019,2026-03-19,2026-03-21,223,583.95,895,672,Completed
MOV004020,SKU_0008,WH_04,Kolkata,East,Adjustment,,,2026-03-08,2026-03-11,90,1579.98,4735,,Completed
MOV004338,SKU_0059,WH_05,Hyderabad,South,Adjustment,,,2026-04-30,2026-05-03,273,1367.34,2325,2598,Completed
MOV001644,SKU_0027,WH_04,Kolkata,East,Return,,,2026-04-25,2026-04-26,345,1617.81,3169,,Completed
MOV004999,SKU_0045,WH_01,Bengaluru,South,Outbound,,CUST_029,2026-04-09,2026-04-12,40,271.58,3036,2996,Completed
MOV001795,SKU_0002,WH_06,Pune,West,Inbound,SUP_08,,2026-05-31,2026-06-02,50,1350.14,654,704,Completed
MOV001447,SKU_0112,WH_02,Mumbai,West,Adjustment,,,2026-03-10,2026-03-13,364,1028.89,4267,3903,Pending
MOV001255,SKU_0269,WH_06,Pune,West,Inbound,SUP_09,,2026-06-29,2026-06-29,329,4813.59,4093,4422,Completed
MOV001449,SKU_0097,WH_03,Delhi,North,Outbound,,CUST_064,2026-03-24,2026-03-26,50,1684.02,1071,1021,Completed
MOV004968,SKU_0190,WH_01,Bengaluru,South,Adjustment,,,2026-05-24,2026-05-27,301,746.64,2982,3283,Discrepancy
MOV004286,SKU_0139,WH_01,Bengaluru,South,Return,,,2026-02-27,2026-02-28,311,856.74,88,399,Completed
MOV003972,SKU_0192,WH_01,Bengaluru,South,Return,,,2026-03-16,2026-03-19,376,1714.53,1565,1941,Completed
MOV003440,SKU_0022,WH_04,Kolkata,East,Inbound,SUP_12,,2026-05-09,2026-05-11,283,1332.36,2136,,Completed
MOV004490,SKU_0203,WH_04,Kolkata,East,Return,,,,2026-04-03,346,1012.81,418,764,Completed
MOV001895,SKU_0222,WH_01,Bengaluru,South,Inbound,SUP_06,,2026-02-21,2026-02-21,365,1035.88,404,769,Completed
MOV001321,SKU_0002,WH_01,Bengaluru,South,Outbound,,CUST_036,2026-02-19,2026-02-19,167,1063.82,1302,1135,Completed
MOV003154,SKU_0182,WH_03,Delhi,North,Inbound,SUP_10,,2026-04-29,2026-04-30,254,1367.21,4375,-158,Completed
MOV000959,SKU_0288,WH_01,Bengaluru,South,Return,,,2026-06-23,2026-06-24,491,1908.21,3636,4127,Completed
MOV004538,SKU_0083,WH_05,Hyderabad,South,Outbound,,CUST_061,2026-06-23,2026-06-26,167,329.39,4975,4808,Completed
MOV002501,SKU_0050,WH_02,Mumbai,West,Outbound,,CUST_032,2026-04-13,2026-04-13,484,1531.72,732,248,Completed
MOV000359,SKU_0201,WH_02,Mumbai,West,Outbound,,CUST_004,2026-01-24,2026-01-25,329,556.06,4842,4513,Completed
MOV001995,SKU_0102,WH_03,Delhi,North,Outbound,,CUST_036,2026-05-10,2026-05-10,265,636.44,812,547,Completed
MOV001688,SKU_0128,WH_03,Delhi,North,Return,,,2026-02-12,2026-02-12,190,1338.99,783,973,Completed
MOV001616,SKU_0191,WH_01,Bengaluru,South,Return,,,2026-04-20,2026-04-22,75,1559.26,929,1004,Completed
MOV003860,SKU_0184,WH_02,Mumbai,West,Return,,,2026-03-13,2026-03-15,281,485.07,213,494,Discrepancy
MOV001779,SKU_0286,WH_05,Hyderabad,South,Inbound,SUP_10,,2026-02-21,2026-02-22,10,410.42,1524,1534,Completed
MOV001610,SKU_0071,WH_05,Hyderabad,South,Transfer,,,2026-06-11,2026-06-12,184,1991.68,2122,1938,Completed
MOV001868,SKU_0080,WH_06,Pune,West,Transfer,,,2026-01-19,2026-01-21,128,999.53,4785,4657,Completed
MOV000545,SKU_0236,WH_05,Hyderabad,South,Transfer,,,,2026-05-05,111,1780.24,1260,1149,Pending
MOV002766,SKU_0171,WH_02,Mumbai,West,Inbound,SUP_04,,2026-06-18,2026-06-19,110,1430.39,1707,1817,Completed
MOV002494,SKU_0260,WH_01,Bengaluru,South,Inbound,SUP_12,,2026-02-04,2026-02-07,478,1327.84,2378,2856,Pending
MOV001278,SKU_0281,WH_04,Kolkata,East,Inbound,SUP_04,,2026-02-24,2026-02-25,253,1460.33,2056,,Completed
MOV001728,SKU_0108,WH_05,Hyderabad,South,Adjustment,,,2026-02-08,2026-02-09,360,1154.46,780,420,Completed
MOV002912,SKU_0047,WH_06,Pune,West,Inbound,SUP_05,,2026-04-11,2026-04-14,81,219.47,825,906,Completed
MOV001434,SKU_0285,WH_01,Bengaluru,South,Return,,,2026-04-01,2026-04-03,423,1370.18,4694,5117,Completed
MOV003660,SKU_0131,WH_03,Delhi,North,Return,,,2026-04-20,2026-04-23,246,1750.19,3705,3951,Completed
MOV003989,SKU_0296,WH_04,Kolkata,East,Return,,,2026-02-08,2026-02-11,401,934.03,4312,,Completed
MOV004300,SKU_0230,WH_04,Kolkata,East,Inbound,SUP_06,,2026-05-08,2026-05-09,177,1625.48,1479,,Discrepancy
MOV000854,SKU_0290,WH_02,Mumbai,West,Outbound,,CUST_063,2026-04-07,2026-04-09,396,690.19,4289,3893,Completed
MOV000170,SKU_0253,WH_01,Bengaluru,South,Inbound,SUP_08,,2026-02-04,2026-02-06,128,412.8,3007,3135,Completed
MOV003213,SKU_0201,WH_05,Hyderabad,South,Inbound,SUP_09,,2026-04-24,2026-04-26,471,529.89,3653,4124,Discrepancy
MOV001181,SKU_0294,WH_04,Kolkata,East,Inbound,SUP_06,,2026-01-09,2026-01-11,391,450.68,2373,,Pending
MOV003829,SKU_0207,WH_01,Bengaluru,South,Transfer,,,2026-05-19,2026-05-19,322,1168.5,1962,1640,Completed
MOV001696,SKU_0114,WH_02,Mumbai,West,Outbound,,CUST_076,2026-04-19,2026-04-22,248,630.18,1570,1322,Pending
MOV004687,SKU_0174,WH_02,Mumbai,West,Transfer,,,2026-04-19,2026-04-21,399,1034.05,744,345,Completed
MOV002565,SKU_0024,WH_03,Delhi,North,Outbound,,CUST_033,2026-01-17,2026-01-17,125,1975.7,4149,4024,Completed
MOV001914,SKU_0281,WH_02,Mumbai,West,Inbound,SUP_04,,2026-04-27,2026-04-28,194,1948.28,1867,2061,Completed
MOV004934,SKU_0294,WH_01,Bengaluru,South,Inbound,SUP_01,,2026-05-30,2026-06-01,245,1569.2,387,632,Completed
MOV004441,SKU_0233,WH_06,Pune,West,Return,,,2026-06-17,2026-06-17,143,919.04,442,585,Completed
MOV004363,SKU_0004,WH_06,Pune,West,Return,,,2026-04-10,2026-04-10,417,368.64,4399,4816,Completed
MOV000936,SKU_0275,WH_05,Hyderabad,South,Transfer,,,2026-01-15,2026-01-16,160,507.45,3408,3248,Completed
MOV004100,SKU_0222,WH_03,Delhi,North,Return,,,2026-01-08,2026-01-09,261,500.53,2086,2347,Completed
MOV002468,SKU_0295,WH_05,Hyderabad,South,Inbound,SUP_07,,2026-01-02,2026-01-02,168,1890.9,4356,4524,Completed
MOV004542,SKU_0151,WH_01,Bengaluru,South,Transfer,,,2026-02-10,2026-02-10,183,1857.69,2430,2247,Completed
MOV002868,SKU_0261,WH_04,Kolkata,East,Inbound,SUP_04,,2026-02-17,2026-02-20,188,759.42,2802,,Discrepancy
MOV000415,SKU_0288,WH_02,Mumbai,West,Inbound,SUP_11,,2026-05-22,2026-05-22,445,1159.75,437,882,Discrepancy
MOV004603,SKU_0005,WH_02,Mumbai,West,Outbound,,CUST_095,2026-06-22,2026-06-24,34,1599.45,1758,-69,Completed
MOV001989,SKU_0049,WH_01,Bengaluru,South,Inbound,SUP_01,,2026-04-03,2026-04-06,471,216.33,3748,4219,Completed
MOV001285,SKU_0241,WH_06,Pune,West,Return,,,2026-03-07,2026-03-08,73,1168.17,174,247,Pending
MOV004933,SKU_0253,WH_06,Pune,West,Transfer,,,2026-05-04,2026-05-05,185,1104.14,4462,4277,Completed
MOV000268,SKU_0137,WH_01,Bengaluru,South,Outbound,,CUST_006,2026-06-17,2026-06-20,279,600.17,2709,2430,Completed
MOV001697,SKU_0096,WH_01,Bengaluru,South,Return,,,2026-03-09,2026-03-09,195,1023.78,2010,2205,Completed
MOV000666,SKU_0240,WH_01,Bengaluru,South,Inbound,SUP_05,,2026-03-02,2026-03-04,441,257.22,2387,2828,Completed
MOV004159,SKU_0012,WH_02,Mumbai,West,Inbound,SUP_06,,2026-06-21,2026-06-22,204,1104.97,1384,1588,Completed
MOV002748,SKU_0041,WH_06,Pune,West,Outbound,,CUST_090,2026-02-01,2026-02-01,64,1919.12,4629,4565,Discrepancy
MOV001078,SKU_0017,WH_02,Mumbai,West,Inbound,SUP_04,,2026-03-14,2026-03-16,36,1828.25,208,244,Completed
MOV001820,SKU_0034,WH_01,Bengaluru,South,Inbound,SUP_07,,2026-06-13,2026-06-14,22,1086.78,1490,1512,Pending
MOV003876,SKU_0070,WH_05,Hyderabad,South,Outbound,,CUST_062,2026-03-20,2026-03-23,400,1169.17,6,-394,Completed
MOV004499,SKU_0250,WH_06,Pune,West,Outbound,,CUST_089,2026-02-02,2026-02-03,63,756.78,3147,3084,Completed
MOV004017,SKU_0278,WH_02,Mumbai,West,Transfer,,,2026-05-23,2026-05-26,275,1283.35,2007,1732,Completed
MOV000982,SKU_0231,WH_02,Mumbai,West,Outbound,,CUST_043,2026-01-28,2026-01-30,352,1506.28,719,367,Completed
MOV002002,SKU_0167,WH_02,Mumbai,West,Outbound,,CUST_084,2026-06-18,2026-06-20,419,1294.1,3098,2679,Completed
MOV002554,SKU_0007,WH_01,Bengaluru,South,Transfer,,,2026-03-13,2026-03-15,311,1750.71,2430,2119,Completed
MOV002071,SKU_0089,WH_05,Hyderabad,South,Return,,,2026-04-05,2026-04-08,36,107.04,1571,1607,Completed
MOV002674,SKU_0198,WH_06,Pune,West,Adjustment,,,2026-02-05,2026-02-05,40,244.18,2659,2619,Completed
MOV004187,SKU_0151,WH_01,Bengaluru,South,Return,,,2026-03-29,2026-04-01,65,1299.49,1156,1221,Completed
MOV002656,SKU_0113,WH_05,Hyderabad,South,Inbound,SUP_04,,2026-05-22,2026-05-24,83,1301.8,4551,4634,Completed
MOV001925,SKU_0163,WH_01,Bengaluru,South,Outbound,,CUST_043,2026-02-06,2026-02-06,495,1600.39,3344,2849,Completed
MOV000848,SKU_0201,WH_01,Bengaluru,South,Outbound,,CUST_098,2026-03-12,2026-03-15,96,1132.47,4883,-19,Completed
MOV003242,SKU_0050,WH_04,Kolkata,East,Outbound,,CUST_028,2026-04-10,2026-04-11,146,427.41,174,28,Completed
MOV004169,SKU_0160,WH_03,Delhi,North,Return,,,2026-06-30,2026-07-01,367,1410.54,352,719,Completed
MOV001885,SKU_0038,WH_05,Hyderabad,South,Outbound,,CUST_020,2026-05-10,2026-05-10,84,257.28,1251,1167,Completed
MOV004640,SKU_0098,WH_03,Delhi,North,Inbound,SUP_06,,2026-02-22,2026-02-24,166,1046.37,2192,2358,Completed
MOV001199,SKU_0226,WH_01,Bengaluru,South,Outbound,,CUST_077,2026-03-08,2026-03-11,109,474.58,2549,2440,Completed
MOV002206,SKU_0062,WH_05,Hyderabad,South,Outbound,,CUST_027,2026-03-07,2026-03-07,401,1055.92,4447,4046,Completed
MOV002815,SKU_0219,WH_01,Bengaluru,South,Inbound,SUP_10,,2026-02-27,2026-02-28,274,1093.03,1791,2065,Completed
MOV003720,SKU_0275,WH_03,Delhi,North,Adjustment,,,2026-04-30,2026-05-01,414,441.27,1338,1752,Completed
MOV000637,SKU_0030,WH_01,Bengaluru,South,Transfer,,,2026-01-04,2026-01-04,13,1569.61,3199,3186,Discrepancy
MOV003602,SKU_0023,WH_04,Kolkata,East,Inbound,SUP_04,,2026-04-17,2026-04-19,225,550.83,3765,,Completed
MOV004950,SKU_0272,WH_02,Mumbai,West,Return,,,2026-03-31,2026-03-31,203,1159.01,4537,4740,Completed
MOV002192,SKU_0002,WH_03,Delhi,North,Adjustment,,,2026-06-29,2026-07-01,19,304.05,4898,4917,Completed
MOV001216,SKU_0182,WH_01,Bengaluru,South,Inbound,SUP_05,,2026-06-27,2026-06-30,456,851.22,3119,3575,Completed
MOV002118,SKU_0069,WH_01,Bengaluru,South,Transfer,,,2026-01-24,2026-01-24,205,126.61,4965,4760,Discrepancy
MOV004212,SKU_0076,WH_02,Mumbai,West,Outbound,,CUST_091,2026-01-14,2026-01-16,303,830.14,3183,,Cancelled
MOV000293,SKU_0119,WH_04,Kolkata,East,Adjustment,,,2026-03-25,2026-03-28,80,1299.53,1829,,Completed
MOV002668,SKU_0217,WH_06,Pune,West,Return,,,2026-02-14,2026-02-16,348,374.76,2573,2921,Discrepancy
MOV002716,SKU_0025,WH_04,Kolkata,East,Outbound,,CUST_044,2026-01-26,2026-01-27,146,1970.19,477,,Completed
MOV001703,SKU_0061,WH_06,Pune,West,Inbound,SUP_05,,2026-01-10,2026-01-12,489,421.77,3754,4243,Completed
MOV001370,SKU_0153,WH_05,Hyderabad,South,Transfer,,,2026-05-31,2026-06-01,464,665.8,4623,4159,Completed
MOV002703,SKU_0106,WH_04,Kolkata,East,Return,,,2026-02-14,2026-02-17,90,840.77,1663,1753,Completed
MOV002120,SKU_0027,WH_04,Kolkata,East,Inbound,SUP_10,,2026-03-20,2026-03-20,182,429.21,2011,,Completed
MOV000189,SKU_0224,WH_05,Hyderabad,South,Outbound,,CUST_030,2026-01-23,2026-01-25,166,1939.45,4981,4815,Pending
MOV003933,SKU_0299,WH_05,Hyderabad,South,Inbound,SUP_08,,2026-06-26,2026-06-28,172,1804.15,3443,3615,Completed
MOV002080,SKU_0226,WH_04,Kolkata,East,Outbound,,CUST_097,,2026-01-14,13,427.04,3132,,Completed
MOV001205,SKU_0280,WH_03,Delhi,North,Transfer,,,2026-02-01,2026-02-03,330,1146.88,2750,2420,Completed
MOV003041,SKU_0104,WH_06,Pune,West,Outbound,,CUST_014,2026-06-23,2026-06-25,249,768.78,3791,3542,Completed
MOV002362,SKU_0041,WH_05,Hyderabad,South,Inbound,SUP_03,,2026-04-08,2026-04-09,314,785.01,1164,1478,Completed
MOV004030,SKU_0278,WH_02,Mumbai,West,Outbound,,CUST_022,2026-02-21,2026-02-22,75,1398.57,3033,2958,Completed
MOV001211,SKU_0075,WH_05,Hyderabad,South,Return,,,2026-03-14,2026-03-14,227,204.91,3808,4035,Completed
MOV004733,SKU_0178,WH_02,Mumbai,West,Inbound,SUP_06,,2026-02-26,2026-02-28,15,795.64,3843,3858,Completed
MOV004373,SKU_0014,WH_05,Hyderabad,South,Outbound,,CUST_086,2026-03-19,2026-03-20,391,1272.42,2122,1731,Completed
MOV002744,SKU_0134,WH_06,Pune,West,Inbound,SUP_09,,2026-06-12,2026-06-14,231,15874.59,2669,2900,Completed
MOV001776,SKU_0223,WH_05,Hyderabad,South,Inbound,SUP_12,,2026-01-23,2026-01-26,444,1068.47,2794,3238,Completed
MOV000711,SKU_0043,WH_06,Pune,West,Outbound,,CUST_046,2026-01-29,2026-02-01,164,1884.0,3204,3040,Completed
MOV003473,SKU_0294,WH_05,Hyderabad,South,Adjustment,,,2026-01-29,,475,385.41,1955,1480,Completed
MOV003883,SKU_0241,WH_03,Delhi,North,Adjustment,,,2026-06-20,2026-06-21,295,358.41,2480,2775,Discrepancy
MOV002470,SKU_0268,WH_03,Delhi,North,Adjustment,,,2026-06-11,2026-06-13,271,1908.5,3790,4061,Completed
MOV004351,SKU_0091,WH_04,Kolkata,East,Outbound,,CUST_006,2026-04-24,2026-04-26,216,1862.96,1212,,Completed
MOV000390,SKU_0135,WH_02,Mumbai,West,Transfer,,,2026-03-26,2026-03-28,257,1008.99,1543,1286,Completed
MOV004582,SKU_0054,WH_05,Hyderabad,South,Inbound,SUP_03,,2026-05-14,2026-05-16,3,1661.52,765,768,Completed
MOV000635,SKU_0240,WH_01,Bengaluru,South,Outbound,,CUST_075,2026-01-10,2026-01-13,97,102.71,4308,4211,Discrepancy
MOV000470,SKU_0244,WH_02,Mumbai,West,Transfer,,,2026-05-11,2026-05-14,279,616.27,3293,3014,Pending
MOV003881,SKU_0017,WH_04,Kolkata,East,Return,,,,2026-01-04,283,729.26,4880,,Completed
MOV002745,SKU_0203,WH_03,Delhi,North,Transfer,,,2026-01-05,2026-01-05,96,154.11,2384,2288,Completed
MOV002108,SKU_0112,WH_06,Pune,West,Return,,,2026-03-16,2026-03-16,428,770.42,2231,2659,Completed
MOV000719,SKU_0014,WH_05,Hyderabad,South,Outbound,,CUST_094,2026-05-10,2026-05-10,277,862.99,1530,1253,Completed
MOV001393,SKU_0016,WH_02,Mumbai,West,Transfer,,,2026-05-30,2026-06-01,78,1465.97,3608,3530,Completed
MOV003064,SKU_0270,WH_05,Hyderabad,South,Adjustment,,,2026-01-17,2026-01-17,300,1612.97,1870,2170,Pending
MOV003062,SKU_0116,WH_04,Kolkata,East,Transfer,,,2026-05-07,2026-05-07,456,879.49,4932,,Pending
MOV001617,SKU_0072,WH_01,Bengaluru,South,Return,,,2026-06-29,2026-07-02,371,1398.25,4516,4887,Discrepancy
MOV003928,SKU_0242,WH_03,Delhi,North,Transfer,,,2026-01-31,2026-02-02,241,1949.65,2340,2099,Completed
MOV000254,SKU_0133,WH_06,Pune,West,Outbound,,CUST_005,2026-06-15,2026-06-17,334,1556.58,3712,3378,Completed
MOV001758,SKU_0089,WH_06,Pune,West,Outbound,,CUST_082,2026-06-23,2026-06-26,300,1194.32,630,330,Completed
MOV001628,SKU_0195,WH_01,Bengaluru,South,Adjustment,,,2026-05-03,2026-05-03,310,589.5,3584,3274,Completed
MOV003688,SKU_0227,WH_01,Bengaluru,South,Outbound,,CUST_033,2026-03-05,2026-03-07,160,1857.42,1311,1151,Completed
MOV001715,SKU_0293,WH_06,Pune,West,Inbound,SUP_10,,2026-01-27,2026-01-30,330,1316.78,4569,4899,Completed
MOV002580,SKU_0066,WH_03,Delhi,North,Outbound,,CUST_034,2026-05-05,2026-05-05,166,1637.25,1526,1360,Completed
MOV000296,SKU_0154,WH_01,Bengaluru,South,Outbound,,CUST_013,2026-01-01,2026-01-03,100,1891.58,2457,2357,Completed
MOV002370,SKU_0232,WH_06,Pune,West,Adjustment,,,2026-06-27,2026-06-30,202,1746.21,50,252,Completed
MOV002111,SKU_0239,WH_01,Bengaluru,South,Inbound,SUP_02,,2026-05-23,2026-05-26,452,115.62,2031,2483,Pending
MOV004830,SKU_0257,WH_02,Mumbai,West,Return,,,2026-06-02,2026-06-03,13,1751.15,4042,4055,Pending
MOV001060,SKU_0199,WH_05,Hyderabad,South,Adjustment,,,2026-01-30,2026-01-31,383,1884.52,140,523,Completed
MOV002790,SKU_0228,WH_05,Hyderabad,South,Adjustment,,,2026-04-08,2026-04-10,68,1527.47,2279,2211,Completed
MOV003964,SKU_0213,WH_02,Mumbai,West,Inbound,SUP_08,,2026-06-02,2026-06-02,80,1628.78,3976,4056,Completed
MOV002290,SKU_0185,WH_05,Hyderabad,South,Outbound,,CUST_013,2026-05-20,2026-05-21,493,1252.26,2158,1665,Completed
MOV000780,SKU_0006,WH_06,Pune,West,Outbound,,CUST_067,2026-05-06,2026-05-08,99,1988.4,2786,2687,Completed
MOV004504,SKU_0293,WH_01,Bengaluru,South,Outbound,,CUST_067,2026-04-04,2026-04-05,220,1175.01,2769,2549,Pending
MOV004567,SKU_0049,WH_06,Pune,West,Transfer,,,2026-05-23,2026-05-26,85,237.57,590,505,Completed
MOV002440,SKU_0157,WH_06,Pune,West,Transfer,,,2026-01-01,2026-01-02,64,822.73,4900,,Cancelled
MOV003364,SKU_0132,WH_04,Kolkata,East,Transfer,,,2026-01-16,2026-01-18,212,925.71,859,647,Completed
MOV001635,SKU_0069,WH_03,Delhi,North,Inbound,SUP_12,,2026-06-29,2026-06-30,104,1065.62,4352,4456,Completed
MOV003108,SKU_0037,WH_06,Pune,West,Return,,,2026-06-04,2026-06-06,144,429.91,503,647,Completed
MOV002185,SKU_0084,WH_05,Hyderabad,South,Inbound,SUP_02,,2026-01-22,,135,453.28,475,610,Completed
MOV003023,SKU_0179,WH_06,Pune,West,Outbound,,CUST_034,2026-05-30,2026-06-02,40,1538.5,3991,,Cancelled
MOV004550,SKU_0234,WH_02,Mumbai,West,Outbound,,CUST_099,2026-05-09,2026-05-10,197,1865.44,3005,2808,Completed
MOV004391,SKU_0157,WH_03,Delhi,North,Outbound,,CUST_001,2026-03-24,2026-03-24,485,1314.08,31,-454,Pending
MOV004213,SKU_0024,WH_05,Hyderabad,South,Inbound,SUP_04,,2026-03-18,2026-03-20,358,1209.81,1788,2146,Discrepancy
MOV003428,SKU_0183,WH_06,Pune,West,Inbound,SUP_03,,2026-03-19,2026-03-20,125,1307.04,1163,1288,Pending
MOV002355,SKU_0163,WH_04,Kolkata,East,Inbound,SUP_01,,2026-03-04,2026-03-07,82,769.21,1338,,Completed
MOV002914,SKU_0026,WH_01,Bengaluru,South,Outbound,,CUST_036,2026-01-07,2026-01-08,398,1014.22,665,267,Completed
MOV001115,SKU_0020,WH_05,Hyderabad,South,Outbound,,CUST_026,2026-04-30,2026-05-02,251,1346.4,3262,3011,Completed
MOV000563,SKU_0288,WH_01,Bengaluru,South,Inbound,SUP_06,,2026-06-22,2026-06-24,273,510.53,820,1093,Completed
MOV000803,SKU_0014,WH_01,Bengaluru,South,Inbound,SUP_05,,2026-05-04,2026-05-05,73,892.04,2978,3051,Completed
MOV002650,SKU_0189,WH_02,Mumbai,West,Return,,,2026-01-02,2026-01-04,168,664.38,4861,5029,Completed
MOV001167,SKU_0286,WH_04,Kolkata,East,Transfer,,,2026-06-15,2026-06-15,159,1704.28,3762,,Completed
MOV000931,SKU_0157,WH_03,Delhi,North,Outbound,,CUST_030,2026-05-22,2026-05-24,152,398.24,3407,3255,Discrepancy
MOV001253,SKU_0274,WH_03,Delhi,North,Outbound,,CUST_038,2026-05-17,2026-05-19,407,372.39,4326,3919,Completed
MOV004866,SKU_0264,WH_03,Delhi,North,Outbound,,CUST_044,2026-03-17,2026-03-20,381,1616.97,4,,Cancelled
MOV002378,SKU_0076,WH_01,Bengaluru,South,Inbound,SUP_09,,2026-01-20,2026-01-22,81,5155.06,3132,3213,Completed
MOV003492,SKU_0013,WH_02,Mumbai,West,Inbound,SUP_10,,2026-04-17,2026-04-19,411,1361.57,2890,3301,Pending
MOV000873,SKU_0011,WH_04,Kolkata,East,Outbound,,CUST_033,,2026-04-23,152,1233.81,3308,,Completed
MOV002081,SKU_0245,WH_02,Mumbai,West,Outbound,,CUST_082,2026-03-13,2026-03-14,331,296.82,3815,3484,Completed
MOV000797,SKU_0242,WH_02,Mumbai,West,Outbound,,CUST_030,2026-05-09,2026-05-09,375,345.51,223,-152,Completed
MOV004763,SKU_0002,WH_02,Mumbai,West,Outbound,,CUST_066,2026-05-22,2026-05-22,121,531.3,4748,4627,Completed
MOV004041,SKU_0077,WH_02,Mumbai,West,Inbound,SUP_08,,2026-01-07,2026-01-08,430,145.83,4294,4724,Completed
MOV002155,SKU_0134,WH_04,Kolkata,East,Inbound,SUP_05,,2026-03-21,2026-03-23,105,1061.42,3799,3904,Completed
MOV004795,SKU_0246,WH_05,Hyderabad,South,Inbound,SUP_08,,2026-06-27,2026-06-29,340,382.29,3906,4246,Completed
MOV000054,SKU_0026,WH_05,Hyderabad,South,Inbound,SUP_08,,2026-04-17,2026-04-19,145,630.66,2131,2276,Completed
MOV000758,SKU_0035,WH_02,Mumbai,West,Transfer,,,2026-01-23,2026-01-26,319,1620.83,807,-74,Pending
MOV004276,SKU_0069,WH_02,Mumbai,West,Return,,,2026-02-25,2026-02-25,97,228.24,1185,1282,Completed
MOV004439,SKU_0174,WH_03,Delhi,North,Adjustment,,,2026-06-04,2026-06-07,213,1101.64,4595,,Cancelled
MOV002224,SKU_0261,WH_01,Bengaluru,South,Inbound,SUP_09,,2026-01-05,2026-01-05,132,12695.91,2876,3008,Completed
MOV001541,SKU_0111,WH_06,Pune,West,Outbound,,CUST_011,2026-04-22,2026-04-22,92,1532.45,3092,3000,Discrepancy
MOV000915,SKU_0192,WH_03,Delhi,North,Inbound,SUP_10,,2026-01-30,2026-02-01,69,1554.63,1750,1819,Discrepancy
MOV004782,SKU_0197,WH_02,Mumbai,West,Outbound,,CUST_076,2026-05-14,2026-05-14,164,1640.52,3742,3578,Discrepancy
MOV004183,SKU_0094,WH_02,Mumbai,West,Outbound,,CUST_076,2026-03-08,2026-03-11,90,892.88,2277,2187,Completed
MOV000198,SKU_0142,WH_02,Mumbai,West,Inbound,SUP_11,,2026-01-26,2026-01-26,179,423.72,3159,3338,Completed
MOV001807,SKU_0200,WH_02,Mumbai,West,Outbound,,CUST_069,2026-01-20,2026-01-22,423,1873.91,2636,2213,Completed
MOV000601,SKU_0221,WH_02,Mumbai,West,Inbound,SUP_09,,2026-03-29,2026-04-01,24,15719.56,960,984,Completed
MOV003304,SKU_0167,WH_03,Delhi,North,Outbound,,CUST_047,2026-03-19,2026-03-21,147,1301.24,1412,1265,Pending
MOV004443,SKU_0093,WH_03,Delhi,North,Outbound,,CUST_014,2026-04-14,2026-04-16,9,1637.89,2020,2011,Completed
MOV001631,SKU_0255,WH_01,Bengaluru,South,Return,,,2026-05-07,2026-05-09,313,60.83,2564,2877,Completed
MOV003740,SKU_0169,WH_03,Delhi,North,Transfer,,,2026-04-24,2026-04-24,13,451.8,4933,4920,Completed
MOV004399,SKU_0068,WH_05,Hyderabad,South,Return,,,2026-01-24,2026-01-24,134,681.91,2067,2201,Completed
MOV004143,SKU_0189,WH_02,Mumbai,West,Transfer,,,2026-01-05,2026-01-06,288,1366.34,1715,1427,Discrepancy
MOV004725,SKU_0219,WH_03,Delhi,North,Outbound,,CUST_084,2026-06-15,2026-06-15,154,960.55,4212,4058,Completed
MOV000316,SKU_0186,WH_03,Delhi,North,Transfer,,,2026-06-11,2026-06-14,481,1068.25,488,,Cancelled
MOV003844,SKU_0207,WH_05,Hyderabad,South,Outbound,,CUST_068,2026-04-07,2026-04-07,369,912.53,1283,914,Completed
MOV002506,SKU_0170,WH_01,Bengaluru,South,Return,,,2026-03-27,2026-03-28,334,763.73,2267,2601,Completed
MOV002842,SKU_0015,WH_06,Pune,West,Outbound,,CUST_094,2026-02-23,2026-02-25,364,1872.88,2236,1872,Completed
MOV002954,SKU_0067,WH_05,Hyderabad,South,Inbound,SUP_12,,2026-02-05,2026-02-07,336,777.64,2757,3093,Completed
MOV002550,SKU_0081,WH_05,Hyderabad,South,Outbound,,CUST_019,2026-05-07,2026-05-09,287,643.95,4707,4420,Completed
MOV001648,SKU_0002,WH_02,Mumbai,West,Adjustment,,,2026-04-15,2026-04-17,5,1371.9,12,7,Completed
MOV004147,SKU_0076,WH_04,Kolkata,East,Inbound,SUP_10,,2026-05-10,2026-05-13,242,1013.66,4438,,Pending
MOV000906,SKU_0040,WH_03,Delhi,North,Outbound,,CUST_084,2026-02-26,2026-03-01,489,1181.86,2499,2010,Completed
MOV004669,SKU_0174,WH_04,Kolkata,East,Outbound,,CUST_055,2026-04-14,2026-04-14,27,110.88,3780,,Completed
MOV002461,SKU_0091,WH_02,Mumbai,West,Outbound,,CUST_053,2026-06-16,2026-06-18,269,704.79,1257,988,Completed
MOV004491,SKU_0185,WH_05,Hyderabad,South,Transfer,,,2026-03-15,2026-03-15,43,1254.61,355,312,Completed
MOV003101,SKU_0089,WH_05,Hyderabad,South,Outbound,,CUST_071,2026-03-11,2026-03-14,149,867.07,750,601,Completed
MOV004184,SKU_0061,WH_04,Kolkata,East,Outbound,,CUST_076,2026-01-04,2026-01-04,112,1869.23,693,,Completed
MOV004196,SKU_0197,WH_01,Bengaluru,South,Outbound,,CUST_075,2026-05-09,2026-05-10,56,354.23,1951,1895,Completed
MOV003521,SKU_0193,WH_02,Mumbai,West,Outbound,,CUST_024,2026-06-05,2026-06-05,296,613.41,135,-161,Completed
MOV000334,SKU_0300,WH_01,Bengaluru,South,Outbound,,CUST_066,2026-05-31,2026-06-03,116,1350.09,448,332,Pending
MOV001721,SKU_0246,WH_02,Mumbai,West,Inbound,SUP_11,,2026-06-29,2026-07-01,364,218.3,1753,2117,Completed
MOV000543,SKU_0230,WH_02,Mumbai,West,Return,,,2026-03-15,,10,1079.36,4039,4049,Completed
MOV001512,SKU_0148,WH_05,Hyderabad,South,Outbound,,CUST_040,2026-03-08,2026-03-08,186,1746.08,3272,3086,Completed
MOV002397,SKU_0034,WH_02,Mumbai,West,Inbound,SUP_04,,,2026-06-16,187,1077.15,2626,2813,Completed
MOV001475,SKU_0204,WH_03,Delhi,North,Outbound,,CUST_045,2026-01-22,2026-01-24,32,536.41,717,,Cancelled
MOV003018,SKU_0299,WH_02,Mumbai,West,Inbound,SUP_02,,2026-03-22,2026-03-24,135,890.07,94,229,Completed
MOV000234,SKU_0110,WH_04,Kolkata,East,Inbound,SUP_12,,2026-02-04,2026-02-07,466,1782.82,1651,2117,Completed
MOV003418,SKU_0296,WH_01,Bengaluru,South,Inbound,SUP_09,,2026-03-28,2026-03-28,208,13800.07,2617,2825,Discrepancy
MOV004121,SKU_0060,WH_05,Hyderabad,South,Transfer,,,2026-02-09,2026-02-12,342,1789.52,4515,4173,Completed
MOV000921,SKU_0279,WH_02,Mumbai,West,Adjustment,,,2026-03-27,2026-03-29,3,1942.0,785,782,Completed
MOV002958,SKU_0116,WH_05,Hyderabad,South,Inbound,SUP_08,,2026-03-03,2026-03-05,104,1609.71,4628,4732,Completed
MOV003537,SKU_0056,WH_06,Pune,West,Adjustment,,,2026-06-17,2026-06-19,354,1640.99,1847,2201,Completed
MOV004611,SKU_0216,WH_06,Pune,West,Outbound,,CUST_099,2026-05-30,2026-05-30,270,694.19,3304,3034,Completed
MOV002258,SKU_0049,WH_05,Hyderabad,South,Adjustment,,,,2026-05-04,118,1898.28,3424,3542,Completed
MOV003751,SKU_0220,WH_06,Pune,West,Transfer,,,2026-03-28,2026-03-29,120,1505.94,325,,Cancelled
MOV003713,SKU_0194,WH_01,Bengaluru,South,Inbound,SUP_03,,2026-05-08,2026-05-10,50,197.65,3475,3525,Completed
MOV000345,SKU_0123,WH_06,Pune,West,Outbound,,CUST_089,2026-05-01,2026-05-02,61,1822.6,4907,4846,Completed
MOV001772,SKU_0119,WH_04,Kolkata,East,Outbound,,CUST_061,2026-01-28,2026-01-31,326,379.19,102,,Completed
MOV000960,SKU_0194,WH_06,Pune,West,Transfer,,,,2026-05-20,429,175.45,2875,2446,Completed
MOV004115,SKU_0145,WH_03,Delhi,North,Outbound,,CUST_086,2026-06-25,2026-06-28,424,1887.25,3085,2661,Completed
MOV001193,SKU_0134,WH_01,Bengaluru,South,Return,,,2026-04-26,2026-04-28,370,1274.21,3282,3652,Completed
MOV003774,SKU_0048,WH_06,Pune,West,Return,,,2026-03-18,2026-03-19,355,1034.03,1845,2200,Completed
MOV002451,SKU_0135,WH_01,Bengaluru,South,Transfer,,,2026-02-09,2026-02-10,319,316.85,3525,3206,Discrepancy
MOV004156,SKU_0078,WH_02,Mumbai,West,Transfer,,,2026-01-24,2026-01-26,355,1632.03,400,45,Completed
MOV002941,SKU_0088,WH_03,Delhi,North,Adjustment,,,2026-01-07,2026-01-10,309,567.57,1238,929,Completed
MOV000078,SKU_0119,WH_04,Kolkata,East,Adjustment,,,2026-01-11,2026-01-13,120,282.47,1552,,Discrepancy
MOV004400,SKU_0172,WH_04,Kolkata,East,Outbound,,CUST_001,2026-01-04,2026-01-05,105,785.28,773,,Completed
MOV002407,SKU_0277,WH_04,Kolkata,East,Transfer,,,2026-03-26,2026-03-29,85,566.3,1310,,Pending
MOV000195,SKU_0211,WH_01,Bengaluru,South,Transfer,,,2026-03-20,2026-03-20,470,643.69,806,336,Completed
MOV003028,SKU_0020,WH_02,Mumbai,West,Return,,,2026-03-18,2026-03-20,236,826.53,2473,2709,Pending
MOV004421,SKU_0020,WH_06,Pune,West,Transfer,,,2026-01-05,2026-01-06,318,704.94,4941,4623,Pending
MOV002919,SKU_0236,WH_05,Hyderabad,South,Return,,,2026-04-09,2026-04-11,303,1370.2,1824,2127,Completed
MOV004192,SKU_0282,WH_05,Hyderabad,South,Return,,,2026-05-03,2026-05-06,225,1091.51,1163,1388,Completed
MOV000482,SKU_0047,WH_02,Mumbai,West,Outbound,,CUST_056,2026-04-16,2026-04-19,149,1842.28,2849,2700,Completed
MOV001892,SKU_0022,WH_03,Delhi,North,Adjustment,,,2026-05-05,2026-05-07,142,1889.84,4135,4277,Completed
MOV004381,SKU_0128,WH_06,Pune,West,Transfer,,,2026-04-01,2026-04-02,428,1360.6,4341,3913,Completed
MOV002754,SKU_0163,WH_02,Mumbai,West,Outbound,,CUST_037,2026-02-06,2026-02-06,361,56.38,4342,3981,Completed
MOV000768,SKU_0215,WH_01,Bengaluru,South,Inbound,SUP_03,,2026-02-17,2026-02-17,154,1169.81,2652,2806,Completed
MOV002907,SKU_0013,WH_01,Bengaluru,South,Adjustment,,,2026-06-17,2026-06-18,397,1090.03,3440,3043,Completed
MOV002993,SKU_0126,WH_03,Delhi,North,Inbound,SUP_09,,2026-01-27,2026-01-30,210,7496.93,2749,2959,Completed
MOV002832,SKU_0113,WH_05,Hyderabad,South,Outbound,,CUST_099,2026-01-07,2026-01-08,1,180.04,3490,3489,Completed
MOV003680,SKU_0295,WH_04,Kolkata,East,Outbound,,CUST_093,2026-04-01,2026-04-02,324,856.95,1612,,Completed
MOV001133,SKU_0123,WH_02,Mumbai,West,Outbound,,CUST_055,2026-01-03,2026-01-03,296,839.12,3806,3510,Discrepancy
MOV004663,SKU_0293,WH_04,Kolkata,East,Adjustment,,,2026-01-04,2026-01-05,266,342.33,2009,,Completed
MOV003724,SKU_0072,WH_02,Mumbai,West,Inbound,SUP_07,,2026-05-28,2026-05-30,455,718.64,2065,2520,Completed
MOV004230,SKU_0034,WH_03,Delhi,North,Outbound,,CUST_049,2026-06-07,2026-06-09,76,1411.46,2975,2899,Completed
MOV004706,SKU_0174,WH_02,Mumbai,West,Return,,,2026-03-20,2026-03-21,63,57.44,2143,,Cancelled
MOV001804,SKU_0268,WH_03,Delhi,North,Adjustment,,,2026-04-06,2026-04-08,281,1665.12,1952,2233,Completed
MOV004720,SKU_0247,WH_04,Kolkata,East,Transfer,,,2026-03-29,2026-03-29,85,1511.69,151,,Completed
MOV003067,SKU_0050,WH_03,Delhi,North,Inbound,SUP_12,,2026-04-06,2026-04-06,60,668.45,1399,1459,Completed
MOV001179,SKU_0159,WH_05,Hyderabad,South,Transfer,,,2026-04-20,2026-04-22,147,556.97,2104,1957,Discrepancy
MOV001817,SKU_0089,WH_03,Delhi,North,Outbound,,CUST_052,2026-04-15,2026-04-17,53,549.37,3183,3130,Completed
MOV002423,SKU_0177,WH_01,Bengaluru,South,Transfer,,,2026-03-23,2026-03-23,128,875.55,519,391,Completed
MOV004480,SKU_0183,WH_06,Pune,West,Return,,,2026-01-09,2026-01-10,160,1024.8,3654,3814,Completed
MOV001249,SKU_0058,WH_06,Pune,West,Outbound,,CUST_018,2026-04-12,2026-04-15,416,1992.07,3161,2745,Completed
MOV001330,SKU_0214,WH_01,Bengaluru,South,Outbound,,CUST_043,2026-04-16,2026-04-19,409,191.51,4292,3883,Completed
MOV004367,SKU_0228,WH_04,Kolkata,East,Outbound,,CUST_080,2026-04-12,2026-04-12,307,800.57,2878,,Completed
MOV001587,SKU_0096,WH_04,Kolkata,East,Outbound,,CUST_072,2026-03-23,2026-03-25,222,662.04,3922,,Completed
MOV004608,SKU_0191,WH_05,Hyderabad,South,Outbound,,CUST_065,2026-05-02,2026-05-04,292,1490.85,1543,1251,Discrepancy
MOV000115,SKU_0120,WH_04,Kolkata,East,Inbound,SUP_10,,2026-06-26,2026-06-26,179,1184.08,4274,,Completed
MOV001553,SKU_0218,WH_06,Pune,West,Transfer,,,2026-04-08,2026-04-10,205,519.75,16,-189,Completed
MOV001984,SKU_0276,WH_03,Delhi,North,Inbound,SUP_01,,2026-01-17,2026-01-18,214,1144.56,3206,3420,Completed
MOV003532,SKU_0206,WH_02,Mumbai,West,Outbound,,CUST_045,2026-06-06,2026-06-07,290,1383.15,2410,2120,Completed
MOV001947,SKU_0103,WH_01,Bengaluru,South,Outbound,,CUST_038,2026-01-18,2026-01-20,366,1880.09,1010,644,Completed
MOV001607,SKU_0070,WH_04,Kolkata,East,Inbound,SUP_09,,2026-03-04,2026-03-07,199,20018.79,4780,,Completed
MOV000048,SKU_0235,WH_01,Bengaluru,South,Return,,,2026-04-26,2026-04-28,199,459.18,1726,1925,Completed
MOV000662,SKU_0300,WH_05,Hyderabad,South,Outbound,,CUST_006,2026-06-14,2026-06-15,172,1395.64,1170,998,Completed
MOV002751,SKU_0190,WH_02,Mumbai,West,Inbound,SUP_02,,2026-04-17,2026-04-19,91,897.3,294,-70,Completed
MOV003745,SKU_0169,WH_05,Hyderabad,South,Inbound,SUP_09,,2026-02-15,2026-02-18,223,20411.76,696,919,Completed
MOV000644,SKU_0022,WH_03,Delhi,North,Transfer,,,2026-05-27,2026-05-28,209,1867.59,3153,2944,Completed
MOV002736,SKU_0092,WH_05,Hyderabad,South,Inbound,SUP_10,,2026-05-02,2026-05-03,103,1203.87,858,961,Completed
MOV004371,SKU_0182,WH_04,Kolkata,East,Outbound,,CUST_088,2026-03-04,2026-03-04,75,554.05,4160,,Completed
MOV002969,SKU_0203,WH_03,Delhi,North,Transfer,,,2026-04-04,2026-04-04,177,1250.9,4518,4341,Pending
MOV002420,SKU_0076,WH_04,Kolkata,East,Adjustment,,,2026-05-17,2026-05-18,83,352.05,95,,Completed
MOV001126,SKU_0096,WH_06,Pune,West,Outbound,,CUST_032,2026-01-19,2026-01-20,338,1729.42,434,96,Completed
MOV000099,SKU_0006,WH_01,Bengaluru,South,Outbound,,CUST_072,2026-03-31,2026-04-03,309,1877.46,4037,3728,Completed
MOV000089,SKU_0235,WH_02,Mumbai,West,Return,,,2026-04-13,2026-04-13,35,300.49,3527,3562,Completed
MOV004565,SKU_0264,WH_01,Bengaluru,South,Adjustment,,,2026-03-06,2026-03-07,108,571.19,1040,932,Pending
MOV000940,SKU_0226,WH_04,Kolkata,East,Outbound,,CUST_017,2026-04-04,2026-04-05,496,720.44,2924,,Cancelled
MOV003340,SKU_0255,WH_04,Kolkata,East,Adjustment,,,2026-06-23,2026-06-24,161,158.28,1543,,Discrepancy
MOV000617,SKU_0230,WH_06,Pune,West,Inbound,SUP_09,,2026-05-24,2026-05-27,297,6781.63,2840,3137,Completed
MOV003784,SKU_0143,WH_05,Hyderabad,South,Outbound,,CUST_009,2026-02-10,2026-02-12,370,554.37,2104,1734,Completed
MOV001843,SKU_0204,WH_06,Pune,West,Adjustment,,,2026-06-25,2026-06-25,280,714.68,122,402,Discrepancy
MOV004766,SKU_0020,WH_06,Pune,West,Outbound,,CUST_013,2026-06-20,2026-06-23,377,220.16,1670,1293,Completed
MOV000171,SKU_0183,WH_05,Hyderabad,South,Adjustment,,,2026-05-13,2026-05-13,62,745.6,2004,2066,Completed
MOV001245,SKU_0241,WH_03,Delhi,North,Inbound,SUP_05,,2026-01-04,2026-01-07,466,896.26,3455,3921,Completed
MOV002974,SKU_0073,WH_05,Hyderabad,South,Outbound,,CUST_062,2026-04-22,2026-04-25,249,1471.35,2433,2184,Completed
MOV002488,SKU_0008,WH_02,Mumbai,West,Adjustment,,,2026-02-22,2026-02-22,227,1392.57,2098,2325,Discrepancy
MOV002890,SKU_0251,WH_01,Bengaluru,South,Inbound,SUP_01,,2026-01-17,2026-01-17,201,198.36,3504,3705,Completed
MOV000205,SKU_0232,WH_06,Pune,West,Inbound,SUP_12,,2026-03-08,2026-03-11,301,1980.45,4379,4680,Completed
MOV000867,SKU_0108,WH_03,Delhi,North,Inbound,SUP_05,,2026-04-22,2026-04-25,375,1295.72,331,706,Pending
MOV000511,SKU_0092,WH_05,Hyderabad,South,Outbound,,CUST_065,2026-04-17,2026-04-17,61,1069.41,2458,2397,Completed
MOV000930,SKU_0174,WH_01,Bengaluru,South,Outbound,,CUST_059,2026-06-12,2026-06-12,300,984.72,2977,2677,Completed
MOV004680,SKU_0044,WH_04,Kolkata,East,Outbound,,CUST_071,2026-06-07,2026-06-09,288,756.82,3941,,Completed
MOV004503,SKU_0101,WH_04,Kolkata,East,Outbound,,CUST_088,2026-01-01,2026-01-04,399,1382.92,1890,,Completed
MOV004506,SKU_0258,WH_05,Hyderabad,South,Outbound,,CUST_075,2026-04-29,2026-05-02,155,1964.44,2658,2503,Completed
MOV000604,SKU_0090,WH_01,Bengaluru,South,Inbound,SUP_09,,2026-05-12,2026-05-15,70,12321.1,4753,4823,Completed
MOV003582,SKU_0064,WH_06,Pune,West,Outbound,,CUST_052,2026-06-05,2026-06-05,14,728.88,2641,2627,Discrepancy
MOV003522,SKU_0135,WH_01,Bengaluru,South,Outbound,,CUST_052,2026-05-23,2026-05-24,96,1858.48,4825,4729,Completed
MOV000095,SKU_0075,WH_03,Delhi,North,Outbound,,CUST_011,2026-04-24,2026-04-25,91,1249.98,395,304,Completed
MOV000030,SKU_0170,WH_05,Hyderabad,South,Outbound,,CUST_066,2026-01-17,2026-01-17,471,1587.31,858,387,Completed
MOV004801,SKU_0116,WH_01,Bengaluru,South,Outbound,,CUST_074,2026-02-18,2026-02-18,334,765.17,1050,716,Completed
MOV001771,SKU_0044,WH_04,Kolkata,East,Outbound,,CUST_007,2026-06-04,2026-06-05,93,924.6,3066,,Completed
MOV000438,SKU_0260,WH_04,Kolkata,East,Transfer,,,2026-01-02,2026-01-02,302,1565.31,842,540,Completed
MOV001956,SKU_0137,WH_06,Pune,West,Outbound,,CUST_023,2026-06-09,2026-06-09,121,582.43,315,194,Pending
MOV000627,SKU_0102,WH_01,Bengaluru,South,Return,,,2026-01-07,2026-01-07,75,1606.09,3599,3674,Completed
MOV001361,SKU_0109,WH_04,Kolkata,East,Inbound,SUP_08,,2026-06-15,2026-06-18,136,1207.34,3390,,Completed
MOV001674,SKU_0242,WH_01,Bengaluru,South,Transfer,,,2026-06-25,2026-06-28,168,1450.34,1922,1754,Completed
MOV000952,SKU_0283,WH_05,Hyderabad,South,Outbound,,CUST_034,2026-06-20,2026-06-20,401,1249.42,2688,2287,Completed
MOV004544,SKU_0037,WH_02,Mumbai,West,Outbound,,CUST_051,2026-04-17,2026-04-19,178,1170.4,3268,3090,Completed
MOV001270,SKU_0165,WH_05,Hyderabad,South,Outbound,,CUST_002,2026-01-24,2026-01-27,121,1128.51,1747,1626,Completed
MOV001234,SKU_0062,WH_04,Kolkata,East,Outbound,,CUST_069,2026-04-25,2026-04-27,371,315.38,3629,3258,Completed
MOV001849,SKU_0218,WH_01,Bengaluru,South,Return,,,2026-04-21,2026-04-23,498,1930.02,2440,2938,Completed
MOV000364,SKU_0046,WH_05,Hyderabad,South,Outbound,,CUST_008,2026-01-17,2026-01-19,8,573.24,1065,1057,Discrepancy
MOV003590,SKU_0196,WH_02,Mumbai,West,Outbound,,CUST_096,2026-04-21,2026-04-23,246,1874.52,1150,904,Completed
MOV001975,SKU_0043,WH_06,Pune,West,Inbound,SUP_03,,2026-05-21,2026-05-23,427,1042.0,737,1164,Completed
MOV003158,SKU_0047,WH_05,Hyderabad,South,Inbound,SUP_03,,2026-02-21,2026-02-22,267,762.12,1945,2212,Completed
MOV004887,SKU_0011,WH_03,Delhi,North,Inbound,SUP_11,,2026-05-29,2026-06-01,457,1623.14,2795,3252,Completed
MOV003518,SKU_0231,WH_06,Pune,West,Outbound,,CUST_013,2026-05-01,2026-05-03,445,1090.23,2641,2196,Completed
MOV001867,SKU_0042,WH_03,Delhi,North,Outbound,,CUST_053,2026-06-26,2026-06-28,44,1083.28,4581,4537,Discrepancy
MOV000425,SKU_0075,WH_06,Pune,West,Outbound,,CUST_052,2026-03-25,2026-03-26,175,1612.06,1281,1106,Completed
MOV004470,SKU_0100,WH_03,Delhi,North,Outbound,,CUST_018,2026-04-04,2026-04-07,41,177.32,3652,3611,Completed
MOV004707,SKU_0089,WH_04,Kolkata,East,Outbound,,CUST_004,2026-05-05,2026-05-07,381,301.28,4644,4263,Completed
MOV000042,SKU_0259,WH_02,Mumbai,West,Adjustment,,,2026-05-10,2026-05-10,424,1388.62,1883,1459,Completed
MOV004985,SKU_0169,WH_03,Delhi,North,Outbound,,CUST_099,2026-03-24,,158,475.48,1472,1314,Completed
MOV004418,SKU_0085,WH_04,Kolkata,East,Adjustment,,,2026-01-07,2026-01-09,87,206.97,858,,Completed
MOV001067,SKU_0197,WH_01,Bengaluru,South,Outbound,,CUST_025,2026-02-04,2026-02-06,373,1077.41,1571,1198,Completed
MOV000401,SKU_0174,WH_03,Delhi,North,Inbound,SUP_04,,2026-04-28,2026-04-28,47,556.16,3167,3214,Completed
MOV004224,SKU_0228,WH_01,Bengaluru,South,Inbound,SUP_04,,2026-03-21,2026-03-21,456,1823.22,2615,3071,Completed
MOV003081,SKU_0144,WH_04,Kolkata,East,Inbound,SUP_05,,2026-01-20,2026-01-22,480,950.3,1482,,Completed
MOV003632,SKU_0295,WH_06,Pune,West,Inbound,SUP_12,,2026-04-23,2026-04-23,134,746.81,981,1115,Completed
MOV002152,SKU_0094,WH_06,Pune,West,Outbound,,CUST_033,2026-04-10,2026-04-11,199,1820.74,4089,,Cancelled
MOV002153,SKU_0007,WH_01,Bengaluru,South,Outbound,,CUST_075,2026-02-07,2026-02-10,269,934.69,3965,3696,Discrepancy
MOV000690,SKU_0242,WH_02,Mumbai,West,Transfer,,,2026-03-16,2026-03-16,291,1645.02,3810,3519,Completed
MOV000687,SKU_0089,WH_05,Hyderabad,South,Transfer,,,2026-02-06,2026-02-09,277,686.6,2450,2173,Completed
MOV000043,SKU_0232,WH_05,Hyderabad,South,Inbound,SUP_01,,2026-06-10,2026-06-11,251,564.4,3743,3994,Pending
MOV004384,SKU_0279,WH_01,Bengaluru,South,Return,,,2026-01-03,2026-01-05,334,141.3,454,788,Completed
MOV003913,SKU_0058,WH_03,Delhi,North,Outbound,,CUST_085,2026-02-22,2026-02-23,92,120.74,4422,4330,Completed
MOV001066,SKU_0083,WH_02,Mumbai,West,Outbound,,CUST_054,2026-05-11,2026-05-13,463,1527.58,1248,785,Completed
MOV002012,SKU_0232,WH_05,Hyderabad,South,Return,,,2026-05-10,2026-05-13,5,56.58,52,57,Discrepancy
MOV000796,SKU_0196,WH_03,Delhi,North,Transfer,,,2026-01-04,2026-01-06,84,1076.0,3964,3880,Completed
MOV000400,SKU_0070,WH_05,Hyderabad,South,Inbound,SUP_02,,2026-03-22,2026-03-23,420,1087.12,3328,3748,Completed
MOV001906,SKU_0012,WH_01,Bengaluru,South,Inbound,SUP_07,,2026-04-06,2026-04-06,212,360.06,4446,,Cancelled
MOV004535,SKU_0254,WH_04,Kolkata,East,Outbound,,CUST_070,2026-03-14,2026-03-16,207,456.42,4137,,Cancelled
MOV003991,SKU_0070,WH_03,Delhi,North,Outbound,,CUST_017,2026-06-29,2026-06-30,93,1900.24,8,-85,Completed
MOV000724,SKU_0287,WH_02,Mumbai,West,Return,,,2026-01-29,2026-01-29,339,1063.93,4906,5245,Completed
MOV000608,SKU_0061,WH_05,Hyderabad,South,Inbound,SUP_02,,2026-02-08,2026-02-10,165,1734.89,154,319,Completed
MOV000756,SKU_0011,WH_05,Hyderabad,South,Inbound,SUP_02,,2026-03-14,2026-03-17,325,1962.29,1186,1511,Completed
MOV000892,SKU_0291,WH_06,Pune,West,Outbound,,CUST_014,2026-05-25,2026-05-26,391,1560.66,2086,1695,Completed
MOV002087,SKU_0001,WH_04,Kolkata,East,Transfer,,,2026-05-18,2026-05-20,142,1913.87,4555,,Completed
MOV004057,SKU_0170,WH_05,Hyderabad,South,Return,,,2026-06-20,2026-06-22,486,1810.22,4043,4529,Completed
MOV000088,SKU_0216,WH_03,Delhi,North,Outbound,,CUST_055,2026-04-10,2026-04-12,229,1031.98,1464,1235,Completed
MOV000585,SKU_0248,WH_06,Pune,West,Transfer,,,2026-02-24,2026-02-27,155,1513.61,1688,1533,Completed
MOV004243,SKU_0295,WH_04,Kolkata,East,Inbound,SUP_01,,2026-03-20,2026-03-21,269,1942.11,70,,Completed
MOV003506,SKU_0239,WH_04,Kolkata,East,Outbound,,CUST_016,2026-05-12,2026-05-15,191,1798.4,1320,,Completed
MOV000326,SKU_0057,WH_03,Delhi,North,Inbound,SUP_03,,2026-06-12,2026-06-12,397,837.48,2799,3196,Completed
MOV004918,SKU_0265,WH_04,Kolkata,East,Inbound,SUP_02,,2026-05-29,2026-05-29,344,714.13,606,,Pending
MOV003253,SKU_0195,WH_05,Hyderabad,South,Return,,,2026-04-02,2026-04-05,335,912.44,1677,2012,Completed
MOV002648,SKU_0020,WH_05,Hyderabad,South,Outbound,,CUST_008,2026-05-24,2026-05-27,182,1650.33,991,809,Pending
MOV003448,SKU_0055,WH_03,Delhi,North,Inbound,SUP_09,,2026-03-08,2026-03-08,126,4475.7,675,801,Completed
MOV003358,SKU_0003,WH_02,Mumbai,West,Outbound,,CUST_082,2026-02-02,2026-02-02,89,1480.45,4072,3983,Discrepancy
MOV000070,SKU_0211,WH_02,Mumbai,West,Return,,,2026-04-14,2026-04-14,193,117.97,512,705,Pending
MOV000542,SKU_0271,WH_05,Hyderabad,South,Transfer,,,2026-06-07,2026-06-08,489,1620.46,827,338,Completed
MOV000371,SKU_0244,WH_04,Kolkata,East,Inbound,SUP_09,,2026-01-03,2026-01-03,330,10601.08,4400,,Completed
MOV000275,SKU_0023,WH_03,Delhi,North,Outbound,,CUST_055,2026-02-01,2026-02-04,79,1420.11,3073,2994,Completed
MOV003175,SKU_0091,WH_02,Mumbai,West,Inbound,SUP_07,,2026-02-20,2026-02-22,485,757.14,3266,3751,Completed
MOV000323,SKU_0231,WH_05,Hyderabad,South,Return,,,2026-06-13,2026-06-14,399,1790.25,360,759,Completed
MOV004071,SKU_0083,WH_03,Delhi,North,Transfer,,,2026-04-05,2026-04-08,236,1885.06,4146,3910,Completed
MOV003940,SKU_0033,WH_04,Kolkata,East,Transfer,,,2026-06-22,2026-06-23,371,979.03,1627,,Completed
MOV003585,SKU_0023,WH_04,Kolkata,East,Transfer,,,2026-06-13,2026-06-15,211,399.3,1279,,Completed
MOV000983,SKU_0248,WH_05,Hyderabad,South,Transfer,,,2026-03-25,2026-03-25,28,165.65,2289,2261,Completed
MOV003106,SKU_0170,WH_06,Pune,West,Outbound,,CUST_009,2026-01-13,2026-01-13,325,57.42,1107,782,Completed
MOV004508,SKU_0098,WH_06,Pune,West,Adjustment,,,2026-06-26,2026-06-26,401,538.43,1482,1081,Pending
MOV000877,SKU_0168,WH_04,Kolkata,East,Transfer,,,2026-06-02,2026-06-03,464,1361.75,3830,,Completed
MOV004910,SKU_0298,WH_01,Bengaluru,South,Return,,,2026-04-28,2026-04-30,361,1444.45,188,549,Completed
MOV003363,SKU_0062,WH_02,Mumbai,West,Outbound,,CUST_076,2026-05-26,2026-05-26,12,1794.36,2525,2513,Completed
MOV001160,SKU_0120,WH_04,Kolkata,East,Outbound,,CUST_016,2026-06-08,2026-06-08,489,372.99,1325,,Completed
MOV003998,SKU_0206,WH_02,Mumbai,West,Outbound,,CUST_066,2026-06-26,2026-06-28,32,1757.26,348,316,Completed
MOV002528,SKU_0076,WH_01,Bengaluru,South,Return,,,2026-06-21,2026-06-22,494,170.65,4417,-81,Completed
MOV004746,SKU_0155,WH_05,Hyderabad,South,Inbound,SUP_02,,2026-03-30,2026-03-30,305,1956.96,4693,4998,Completed
MOV002493,SKU_0097,WH_01,Bengaluru,South,Outbound,,CUST_085,2026-01-21,2026-01-22,193,779.01,2607,2414,Completed
MOV004267,SKU_0046,WH_05,Hyderabad,South,Outbound,,CUST_016,2026-02-27,2026-02-27,132,436.17,357,225,Completed
MOV000999,SKU_0071,WH_05,Hyderabad,South,Transfer,,,2026-04-26,2026-04-26,401,1980.18,4542,4141,Discrepancy
MOV001035,SKU_0194,WH_03,Delhi,North,Outbound,,CUST_087,2026-05-22,2026-05-23,199,960.46,2098,1899,Completed
MOV001109,SKU_0117,WH_04,Kolkata,East,Adjustment,,,2026-05-26,2026-05-28,415,951.68,446,,Completed
MOV001166,SKU_0274,WH_03,Delhi,North,Outbound,,CUST_067,2026-01-24,2026-01-27,436,59.77,665,229,Completed
MOV003255,SKU_0294,WH_02,Mumbai,West,Inbound,SUP_01,,,2026-01-28,458,1543.84,4351,4809,Completed
MOV003159,SKU_0158,WH_02,Mumbai,West,Inbound,SUP_06,,2026-02-24,2026-02-25,374,96.81,1747,2121,Completed
MOV003905,SKU_0049,WH_02,Mumbai,West,Inbound,SUP_02,,2026-04-02,2026-04-05,327,170.2,1480,1807,Completed
MOV004025,SKU_0141,WH_05,Hyderabad,South,Transfer,,,2026-01-16,2026-01-19,399,1102.49,2057,1658,Completed
MOV001444,SKU_0094,WH_02,Mumbai,West,Inbound,SUP_11,,2026-04-06,2026-04-09,236,1005.37,4495,4731,Pending
MOV003520,SKU_0032,WH_06,Pune,West,Inbound,SUP_02,,2026-06-19,2026-06-22,482,554.25,3738,4220,Completed
MOV004436,SKU_0226,WH_06,Pune,West,Inbound,SUP_04,,2026-05-04,2026-05-06,345,1493.69,4431,,Cancelled
MOV001436,SKU_0162,WH_02,Mumbai,West,Outbound,,CUST_030,2026-01-16,2026-01-16,447,1489.06,4150,3703,Completed
MOV000541,SKU_0008,WH_02,Mumbai,West,Outbound,,CUST_090,2026-01-16,2026-01-17,16,1825.2,1349,1333,Pending
MOV001280,SKU_0187,WH_03,Delhi,North,Outbound,,CUST_085,2026-03-13,2026-03-16,189,1470.75,1680,1491,Completed
MOV000228,SKU_0170,WH_05,Hyderabad,South,Transfer,,,2026-05-25,2026-05-28,488,768.85,1121,633,Completed
MOV002843,SKU_0160,WH_05,Hyderabad,South,Transfer,,,2026-04-19,2026-04-21,433,361.48,4141,3708,Completed
MOV000652,SKU_0088,WH_04,Kolkata,East,Outbound,,CUST_026,2026-05-25,2026-05-28,143,1875.31,2130,,Completed
MOV002604,SKU_0187,WH_06,Pune,West,Inbound,SUP_01,,2026-02-08,2026-02-11,208,196.35,2074,2282,Discrepancy
MOV003230,SKU_0273,WH_04,Kolkata,East,Transfer,,,2026-06-25,2026-06-28,428,522.98,3963,,Completed
MOV001654,SKU_0237,WH_04,Kolkata,East,Adjustment,,,2026-01-23,2026-01-25,99,135.25,4846,4747,Completed
MOV000175,SKU_0208,WH_02,Mumbai,West,Outbound,,CUST_030,2026-02-28,2026-03-01,343,1167.04,3249,2906,Completed
MOV002438,SKU_0013,WH_06,Pune,West,Inbound,SUP_07,,2026-02-09,2026-02-09,153,1744.39,4142,4295,Completed
MOV002608,SKU_0179,WH_06,Pune,West,Outbound,,CUST_044,2026-06-18,2026-06-18,319,1768.55,1619,1300,Completed
MOV002924,SKU_0153,WH_01,Bengaluru,South,Transfer,,,2026-02-12,2026-02-12,395,1928.77,2594,2199,Completed
MOV003079,SKU_0005,WH_01,Bengaluru,South,Inbound,SUP_04,,2026-03-27,2026-03-30,64,409.57,3019,3083,Pending
MOV000059,SKU_0243,WH_05,Hyderabad,South,Outbound,,CUST_010,2026-04-11,2026-04-14,498,925.45,893,395,Completed
MOV003376,SKU_0075,WH_01,Bengaluru,South,Outbound,,CUST_056,2026-01-28,2026-01-29,263,473.95,3812,3549,Completed
MOV001509,SKU_0267,WH_05,Hyderabad,South,Return,,,2026-05-23,2026-05-23,378,813.82,1638,2016,Completed
MOV001504,SKU_0138,WH_03,Delhi,North,Inbound,SUP_08,,2026-05-09,2026-05-11,208,1742.15,2133,2341,Completed
MOV003323,SKU_0125,WH_02,Mumbai,West,Inbound,SUP_07,,2026-04-25,2026-04-25,180,1868.82,252,432,Completed
MOV000702,SKU_0267,WH_03,Delhi,North,Inbound,SUP_09,,2026-02-18,2026-02-19,400,10531.07,2844,3244,Completed
MOV001574,SKU_0203,WH_04,Kolkata,East,Outbound,,CUST_024,2026-01-08,2026-01-10,290,1412.53,892,,Completed
MOV002720,SKU_0222,WH_06,Pune,West,Adjustment,,,2026-04-10,2026-04-11,72,659.78,4227,4155,Completed
MOV000544,SKU_0281,WH_06,Pune,West,Adjustment,,,2026-01-17,2026-01-19,169,188.66,3110,2941,Discrepancy
MOV003400,SKU_0047,WH_02,Mumbai,West,Adjustment,,,2026-03-31,2026-03-31,237,1867.01,1271,1034,Completed
MOV003052,SKU_0072,WH_03,Delhi,North,Return,,,2026-01-23,2026-01-26,473,1390.45,2286,2759,Pending
MOV001565,SKU_0236,WH_06,Pune,West,Outbound,,CUST_066,2026-06-17,2026-06-20,414,1246.64,2773,2359,Completed
MOV003392,SKU_0266,WH_04,Kolkata,East,Outbound,,CUST_078,2026-04-17,2026-04-20,262,1921.8,944,,Completed
MOV002383,SKU_0137,WH_01,Bengaluru,South,Transfer,,,2026-06-11,2026-06-14,136,467.63,1354,1218,Completed
MOV001752,SKU_0216,WH_05,Hyderabad,South,Outbound,,CUST_029,2026-06-24,2026-06-27,258,1449.16,4931,4673,Discrepancy
MOV001870,SKU_0244,WH_05,Hyderabad,South,Outbound,,CUST_089,2026-06-28,2026-06-30,472,991.7,3131,2659,Completed
MOV002168,SKU_0039,WH_06,Pune,West,Inbound,SUP_07,,2026-03-25,2026-03-25,383,1043.29,1703,2086,Completed
MOV002696,SKU_0117,WH_04,Kolkata,East,Adjustment,,,2026-02-22,2026-02-25,391,1767.04,4051,3660,Discrepancy
MOV004197,SKU_0112,WH_04,Kolkata,East,Outbound,,CUST_057,2026-06-18,2026-06-18,388,1395.3,84,,Completed
MOV002831,SKU_0090,WH_05,Hyderabad,South,Adjustment,,,2026-02-16,2026-02-17,363,295.43,2253,1890,Completed
MOV002311,SKU_0175,WH_02,Mumbai,West,Inbound,SUP_02,,2026-05-13,2026-05-15,447,389.85,613,1060,Pending
MOV002316,SKU_0057,WH_03,Delhi,North,Transfer,,,2026-04-12,2026-04-12,223,1936.01,1819,1596,Completed
MOV000282,SKU_0091,WH_01,Bengaluru,South,Outbound,,CUST_063,2026-02-04,2026-02-04,344,503.21,1640,1296,Completed
MOV000527,SKU_0226,WH_06,Pune,West,Outbound,,CUST_001,2026-01-25,2026-01-26,207,543.33,198,-9,Completed
MOV003438,SKU_0236,WH_05,Hyderabad,South,Inbound,SUP_11,,2026-04-25,2026-04-27,73,598.62,2577,2650,Completed
MOV004742,SKU_0295,WH_03,Delhi,North,Inbound,SUP_05,,2026-05-04,2026-05-05,456,273.85,362,818,Completed
MOV001515,SKU_0020,WH_06,Pune,West,Outbound,,CUST_014,2026-04-03,2026-04-05,475,1392.2,3707,3232,Completed
MOV001297,SKU_0200,WH_06,Pune,West,Inbound,SUP_03,,2026-01-25,2026-01-28,452,1570.5,24,476,Completed
MOV001805,SKU_0134,WH_06,Pune,West,Outbound,,CUST_033,2026-04-24,2026-04-26,332,59.64,1303,971,Completed
MOV003851,SKU_0287,WH_03,Delhi,North,Inbound,SUP_06,,2026-03-22,2026-03-22,293,104.6,4787,5080,Discrepancy
MOV003169,SKU_0086,WH_01,Bengaluru,South,Outbound,,CUST_041,2026-05-08,2026-05-08,173,1490.48,1828,,Cancelled
MOV003507,SKU_0216,WH_05,Hyderabad,South,Return,,,2026-06-13,2026-06-16,21,811.98,4373,4394,Discrepancy
MOV002068,SKU_0008,WH_01,Bengaluru,South,Outbound,,CUST_082,2026-04-14,2026-04-15,305,1880.13,3555,3250,Discrepancy
MOV003904,SKU_0252,WH_02,Mumbai,West,Return,,,2026-01-16,2026-01-17,256,1655.23,1804,,Cancelled
MOV004176,SKU_0016,WH_02,Mumbai,West,Outbound,,CUST_001,2026-05-07,2026-05-10,203,822.77,3802,3599,Completed
MOV003983,SKU_0134,WH_03,Delhi,North,Inbound,SUP_02,,2026-05-10,2026-05-10,267,1039.59,4037,,Cancelled
MOV003588,SKU_0239,WH_06,Pune,West,Inbound,SUP_07,,2026-04-26,2026-04-28,348,406.45,4088,4436,Completed
MOV002808,SKU_0231,WH_05,Hyderabad,South,Transfer,,,2026-01-13,2026-01-16,208,534.39,993,785,Completed
MOV002880,SKU_0189,WH_05,Hyderabad,South,Outbound,,CUST_031,2026-02-10,2026-02-11,181,72.98,1945,1764,Completed
MOV004752,SKU_0068,WH_06,Pune,West,Adjustment,,,2026-06-04,2026-06-06,54,97.98,2219,2273,Completed
MOV002593,SKU_0234,WH_06,Pune,West,Transfer,,,2026-06-12,2026-06-12,339,1670.98,2319,1980,Completed
MOV001275,SKU_0166,WH_02,Mumbai,West,Outbound,,CUST_008,2026-03-17,2026-03-17,297,1992.74,2520,2223,Completed
MOV004056,SKU_0002,WH_01,Bengaluru,South,Outbound,,CUST_068,2026-01-17,2026-01-20,40,651.03,2336,2296,Completed
MOV003208,SKU_0251,WH_06,Pune,West,Transfer,,,2026-04-11,,100,1696.29,777,677,Completed
MOV000718,SKU_0050,WH_05,Hyderabad,South,Return,,,2026-01-23,2026-01-23,452,1200.39,756,1208,Completed
MOV000227,SKU_0101,WH_04,Kolkata,East,Inbound,SUP_06,,2026-05-13,2026-05-16,220,1944.03,1264,1484,Discrepancy
MOV002308,SKU_0096,WH_06,Pune,West,Return,,,2026-04-17,2026-04-20,106,844.01,2397,2503,Completed
MOV001081,SKU_0108,WH_02,Mumbai,West,Return,,,,2026-04-09,392,633.03,4314,4706,Discrepancy
MOV003806,SKU_0154,WH_02,Mumbai,West,Transfer,,,2026-02-19,2026-02-20,231,418.57,4070,3839,Completed
MOV000722,SKU_0241,WH_03,Delhi,North,Return,,,2026-05-07,2026-05-07,110,1926.56,2359,2469,Pending
MOV004447,SKU_0299,WH_04,Kolkata,East,Inbound,SUP_09,,2026-04-17,2026-04-20,373,18357.64,3126,3499,Completed
MOV001464,SKU_0243,WH_02,Mumbai,West,Inbound,SUP_07,,2026-05-30,2026-05-30,353,954.71,330,683,Pending
MOV004211,SKU_0015,WH_04,Kolkata,East,Outbound,,CUST_092,2026-02-21,2026-02-24,395,1447.38,2401,2006,Completed
MOV004844,SKU_0005,WH_04,Kolkata,East,Outbound,,CUST_043,2026-05-28,2026-05-28,40,62.68,2281,2241,Completed
MOV003254,SKU_0240,WH_02,Mumbai,West,Transfer,,,2026-01-09,2026-01-12,469,515.6,1000,531,Completed
MOV004034,SKU_0204,WH_02,Mumbai,West,Return,,,2026-02-06,2026-02-08,30,766.02,4668,,Cancelled
MOV001373,SKU_0204,WH_03,Delhi,North,Outbound,,CUST_056,2026-05-21,2026-05-24,410,1231.27,416,6,Completed
MOV003546,SKU_0258,WH_04,Kolkata,East,Inbound,SUP_09,,2026-06-14,2026-06-17,278,21913.66,511,,Completed
MOV001594,SKU_0245,WH_05,Hyderabad,South,Inbound,SUP_10,,2026-01-31,2026-02-02,437,1153.02,1203,1640,Pending
MOV001827,SKU_0225,WH_04,Kolkata,East,Inbound,SUP_04,,2026-03-11,2026-03-12,404,94.54,944,1348,Completed
MOV000683,SKU_0053,WH_06,Pune,West,Outbound,,CUST_006,2026-01-10,2026-01-13,232,1064.91,147,-85,Completed
MOV000303,SKU_0263,WH_06,Pune,West,Return,,,2026-03-04,2026-03-04,307,707.73,803,1110,Completed
MOV004469,SKU_0006,WH_01,Bengaluru,South,Inbound,SUP_04,,2026-01-30,2026-01-30,422,1906.94,2054,2476,Completed
MOV002171,SKU_0289,WH_02,Mumbai,West,Outbound,,CUST_002,2026-02-16,2026-02-17,473,944.38,2183,1710,Completed
MOV004173,SKU_0036,WH_02,Mumbai,West,Transfer,,,2026-02-18,2026-02-20,95,380.0,4388,4293,Completed
MOV002804,SKU_0032,WH_05,Hyderabad,South,Transfer,,,2026-03-31,2026-04-01,432,356.51,1333,901,Completed
MOV004581,SKU_0064,WH_02,Mumbai,West,Return,,,2026-01-27,2026-01-30,165,424.55,4735,4900,Pending
MOV001184,SKU_0129,WH_02,Mumbai,West,Transfer,,,2026-01-05,2026-01-05,491,946.14,2517,2026,Completed
MOV003568,SKU_0110,WH_04,Kolkata,East,Transfer,,,2026-05-27,2026-05-27,125,781.81,1454,,Completed
MOV003243,SKU_0214,WH_04,Kolkata,East,Outbound,,CUST_015,2026-01-07,2026-01-09,284,126.9,4194,,Completed
MOV003835,SKU_0185,WH_02,Mumbai,West,Outbound,,CUST_088,2026-01-04,2026-01-07,213,999.01,2270,2057,Pending
MOV003262,SKU_0103,WH_06,Pune,West,Return,,,2026-05-20,2026-05-22,280,826.4,4475,4755,Completed
MOV000948,SKU_0083,WH_02,Mumbai,West,Inbound,SUP_10,,2026-05-20,2026-05-23,182,454.75,926,1108,Completed
MOV001877,SKU_0079,WH_01,Bengaluru,South,Outbound,,CUST_058,2026-03-24,2026-03-24,275,67.33,3396,3121,Discrepancy
MOV004360,SKU_0206,WH_02,Mumbai,West,Outbound,,CUST_088,2026-06-10,2026-06-11,312,493.59,3991,3679,Completed
MOV004564,SKU_0073,WH_03,Delhi,North,Outbound,,CUST_049,2026-06-14,2026-06-17,423,1513.9,2220,1797,Completed
MOV002959,SKU_0070,WH_01,Bengaluru,South,Inbound,SUP_01,,2026-06-22,2026-06-23,255,225.26,3116,3371,Completed
MOV004177,SKU_0014,WH_06,Pune,West,Adjustment,,,2026-01-28,2026-01-31,49,1967.75,2326,2375,Completed
MOV002905,SKU_0022,WH_03,Delhi,North,Outbound,,CUST_039,2026-03-03,2026-03-06,183,1784.4,1262,1079,Completed
MOV001481,SKU_0116,WH_04,Kolkata,East,Transfer,,,2026-02-26,2026-02-27,475,729.7,4031,3556,Completed
MOV003420,SKU_0029,WH_05,Hyderabad,South,Outbound,,CUST_099,2026-03-24,2026-03-24,494,1664.6,1194,,Cancelled
MOV004498,SKU_0185,WH_04,Kolkata,East,Outbound,,CUST_051,2026-04-15,2026-04-15,270,1896.87,950,,Completed
MOV002641,SKU_0033,WH_05,Hyderabad,South,Outbound,,CUST_079,2026-05-29,2026-05-30,410,1917.4,1654,1244,Completed
MOV001381,SKU_0136,WH_06,Pune,West,Transfer,,,2026-03-06,2026-03-09,421,72.93,3546,3125,Completed
MOV000885,SKU_0127,WH_03,Delhi,North,Return,,,2026-04-06,2026-04-08,82,906.25,3606,3688,Completed
MOV001570,SKU_0129,WH_03,Delhi,North,Outbound,,CUST_069,2026-04-15,2026-04-15,28,1102.82,2314,2286,Completed
MOV004135,SKU_0003,WH_01,Bengaluru,South,Inbound,SUP_07,,2026-02-12,2026-02-15,13,1633.71,4554,4567,Completed
MOV002293,SKU_0269,WH_04,Kolkata,East,Outbound,,CUST_090,2026-04-05,2026-04-05,251,886.9,3725,,Completed
MOV000256,SKU_0063,WH_01,Bengaluru,South,Outbound,,CUST_027,2026-05-23,2026-05-24,133,1882.51,2995,2862,Completed
MOV001701,SKU_0224,WH_03,Delhi,North,Inbound,SUP_11,,2026-04-12,2026-04-13,190,1663.91,3925,4115,Completed
MOV001618,SKU_0284,WH_03,Delhi,North,Inbound,SUP_10,,2026-06-25,2026-06-25,414,1093.73,1227,1641,Completed
MOV004218,SKU_0242,WH_06,Pune,West,Adjustment,,,2026-05-01,2026-05-01,456,1741.91,194,650,Completed
MOV000760,SKU_0020,WH_05,Hyderabad,South,Outbound,,CUST_033,,2026-02-10,102,544.85,3886,3784,Completed
MOV000136,SKU_0270,WH_05,Hyderabad,South,Transfer,,,2026-02-23,2026-02-25,223,716.81,2060,1837,Completed
MOV001009,SKU_0264,WH_02,Mumbai,West,Return,,,2026-04-01,2026-04-04,68,909.99,1996,2064,Completed
MOV002394,SKU_0108,WH_02,Mumbai,West,Inbound,SUP_03,,2026-05-09,,21,1343.0,2049,2070,Completed
MOV003777,SKU_0250,WH_01,Bengaluru,South,Outbound,,CUST_003,2026-03-02,2026-03-04,500,112.65,1737,1237,Completed
MOV001298,SKU_0261,WH_03,Delhi,North,Inbound,SUP_03,,2026-04-23,2026-04-24,198,492.77,257,455,Discrepancy
MOV000393,SKU_0257,WH_04,Kolkata,East,Outbound,,CUST_043,2026-01-15,2026-01-15,118,1462.5,1810,,Completed
MOV003993,SKU_0026,WH_04,Kolkata,East,Return,,,2026-03-28,2026-03-30,338,754.56,1443,,Completed
MOV001875,SKU_0274,WH_06,Pune,West,Outbound,,CUST_044,2026-05-02,2026-05-05,228,70.84,2003,1775,Completed
MOV002584,SKU_0042,WH_01,Bengaluru,South,Return,,,2026-04-13,2026-04-15,379,1595.73,4777,5156,Completed
MOV003620,SKU_0254,WH_01,Bengaluru,South,Transfer,,,2026-06-20,2026-06-21,135,1140.78,3612,3477,Completed
MOV000553,SKU_0132,WH_04,Kolkata,East,Inbound,SUP_02,,2026-03-01,2026-03-02,262,893.26,50,,Completed
MOV003050,SKU_0149,WH_01,Bengaluru,South,Outbound,,CUST_040,2026-05-25,2026-05-25,5,126.01,4837,4832,Completed
MOV001231,SKU_0060,WH_01,Bengaluru,South,Outbound,,CUST_059,2026-05-08,2026-05-11,30,219.48,1195,1165,Discrepancy
MOV002756,SKU_0110,WH_05,Hyderabad,South,Outbound,,CUST_093,2026-05-11,2026-05-13,236,1681.41,1255,1019,Completed
MOV004408,SKU_0268,WH_06,Pune,West,Outbound,,CUST_013,2026-02-07,2026-02-07,207,1223.36,3755,3548,Pending
MOV002848,SKU_0298,WH_03,Delhi,North,Inbound,SUP_04,,2026-06-07,2026-06-07,374,433.6,1490,,Cancelled
MOV002164,SKU_0002,WH_04,Kolkata,East,Outbound,,CUST_024,2026-04-25,2026-04-26,49,1278.27,3731,,Discrepancy
MOV004988,SKU_0140,WH_05,Hyderabad,South,Inbound,SUP_03,,2026-06-18,2026-06-20,219,1211.06,4792,5011,Completed
MOV003921,SKU_0085,WH_06,Pune,West,Outbound,,CUST_090,2026-04-07,2026-04-10,316,1356.49,661,345,Completed
MOV000851,SKU_0077,WH_03,Delhi,North,Transfer,,,2026-03-22,2026-03-22,499,1485.32,3035,2536,Completed
MOV000700,SKU_0226,WH_05,Hyderabad,South,Outbound,,CUST_071,2026-03-12,2026-03-15,73,451.39,4338,4265,Completed
MOV002337,SKU_0195,WH_03,Delhi,North,Adjustment,,,2026-01-20,2026-01-21,454,561.24,1984,2438,Completed
MOV001013,SKU_0088,WH_04,Kolkata,East,Inbound,SUP_01,,2026-03-09,2026-03-11,84,829.48,2064,,Cancelled
MOV003653,SKU_0196,WH_06,Pune,West,Adjustment,,,2026-05-05,2026-05-05,232,559.14,406,638,Pending
MOV003445,SKU_0185,WH_01,Bengaluru,South,Outbound,,CUST_098,2026-01-02,2026-01-03,1,1965.32,4503,4502,Completed
MOV003543,SKU_0008,WH_03,Delhi,North,Outbound,,CUST_013,2026-04-09,2026-04-09,182,282.98,1695,1513,Completed
MOV003914,SKU_0195,WH_02,Mumbai,West,Transfer,,,2026-06-29,2026-07-02,15,202.81,2157,2142,Completed
MOV001854,SKU_0182,WH_06,Pune,West,Outbound,,CUST_080,2026-04-07,2026-04-07,235,580.71,4694,4459,Discrepancy
MOV002117,SKU_0050,WH_03,Delhi,North,Inbound,SUP_10,,2026-04-29,2026-05-02,314,1854.82,2000,2314,Completed
MOV000753,SKU_0164,WH_06,Pune,West,Inbound,SUP_10,,2026-04-17,2026-04-20,180,756.31,3393,,Cancelled
MOV002482,SKU_0211,WH_04,Kolkata,East,Outbound,,CUST_024,2026-04-02,2026-04-03,173,815.76,620,,Completed
MOV004963,SKU_0081,WH_03,Delhi,North,Adjustment,,,2026-02-03,2026-02-03,130,524.31,580,710,Completed
MOV003223,SKU_0210,WH_01,Bengaluru,South,Adjustment,,,2026-05-26,2026-05-26,107,1060.32,1540,,Cancelled
MOV000624,SKU_0185,WH_01,Bengaluru,South,Outbound,,CUST_091,2026-04-08,2026-04-10,467,1650.91,150,-317,Completed
MOV003753,SKU_0022,WH_04,Kolkata,East,Inbound,SUP_08,,2026-05-24,2026-05-25,174,1658.35,2562,2736,Completed
MOV000742,SKU_0295,WH_01,Bengaluru,South,Outbound,,CUST_050,2026-05-11,2026-05-13,150,1912.9,2539,2389,Completed
MOV004047,SKU_0268,WH_05,Hyderabad,South,Inbound,SUP_01,,2026-01-23,2026-01-26,251,85.37,2464,2715,Completed
MOV002385,SKU_0237,WH_03,Delhi,North,Outbound,,CUST_030,2026-05-21,2026-05-23,149,1411.65,503,354,Pending
MOV002511,SKU_0075,WH_06,Pune,West,Inbound,SUP_06,,2026-03-01,2026-03-04,48,1980.96,782,830,Discrepancy
MOV002466,SKU_0033,WH_03,Delhi,North,Transfer,,,2026-05-28,2026-05-28,334,664.98,3807,3473,Completed
MOV004825,SKU_0004,WH_05,Hyderabad,South,Transfer,,,2026-01-24,2026-01-25,158,1007.33,3506,3348,Completed
MOV000176,SKU_0216,WH_05,Hyderabad,South,Return,,,2026-05-15,2026-05-15,203,1942.46,425,628,Completed
MOV001190,SKU_0080,WH_02,Mumbai,West,Inbound,SUP_02,,2026-06-29,2026-06-29,131,956.14,2908,3039,Completed
MOV004996,SKU_0168,WH_03,Delhi,North,Outbound,,CUST_054,2026-06-14,2026-06-15,491,673.53,4006,3515,Discrepancy
MOV000131,SKU_0207,WH_05,Hyderabad,South,Inbound,SUP_12,,2026-06-05,2026-06-05,343,1808.2,4493,4836,Pending
MOV001503,SKU_0268,WH_01,Bengaluru,South,Inbound,SUP_04,,2026-02-09,2026-02-09,491,522.46,1327,1818,Pending
MOV000358,SKU_0148,WH_01,Bengaluru,South,Transfer,,,2026-04-21,2026-04-21,486,393.74,3588,3102,Completed
MOV003496,SKU_0106,WH_06,Pune,West,Outbound,,CUST_013,2026-04-24,2026-04-25,391,859.27,3459,3068,Completed
MOV001567,SKU_0236,WH_03,Delhi,North,Inbound,SUP_10,,2026-03-08,2026-03-08,23,1926.78,3281,3304,Completed
MOV002334,SKU_0271,WH_01,Bengaluru,South,Outbound,,CUST_067,2026-01-04,2026-01-05,314,549.93,1366,1052,Completed
MOV000762,SKU_0255,WH_04,Kolkata,East,Inbound,SUP_07,,2026-01-08,2026-01-09,440,658.21,1765,,Cancelled
MOV001300,SKU_0077,WH_03,Delhi,North,Outbound,,CUST_006,2026-04-04,2026-04-07,29,1869.1,434,405,Completed
MOV001851,SKU_0166,WH_02,Mumbai,West,Outbound,,CUST_079,2026-05-11,2026-05-13,352,961.58,2472,2120,Completed
MOV001210,SKU_0022,WH_02,Mumbai,West,Outbound,,CUST_091,2026-04-25,2026-04-25,341,1764.25,1265,924,Discrepancy
MOV003090,SKU_0067,WH_03,Delhi,North,Outbound,,CUST_054,2026-01-04,2026-01-04,209,1150.91,4468,4259,Completed
MOV003187,SKU_0223,WH_01,Bengaluru,South,Outbound,,CUST_045,2026-01-28,2026-01-31,258,99.48,1259,1001,Completed
MOV002069,SKU_0165,WH_01,Bengaluru,South,Transfer,,,2026-03-16,2026-03-19,476,1086.32,440,-36,Completed
MOV002644,SKU_0203,WH_04,Kolkata,East,Inbound,SUP_04,,2026-05-02,2026-05-04,278,709.64,2053,2331,Completed
MOV000971,SKU_0084,WH_05,Hyderabad,South,Transfer,,,2026-04-20,2026-04-22,27,1481.28,1217,1190,Completed
MOV002072,SKU_0227,WH_01,Bengaluru,South,Transfer,,,2026-01-02,2026-01-05,312,1958.28,2250,1938,Completed
MOV001208,SKU_0074,WH_05,Hyderabad,South,Return,,,2026-02-01,2026-02-02,59,400.45,4272,,Cancelled
MOV002011,SKU_0244,WH_01,Bengaluru,South,Adjustment,,,2026-05-19,2026-05-19,436,654.97,3136,2700,Completed
MOV002567,SKU_0207,WH_04,Kolkata,East,Transfer,,,2026-01-27,2026-01-28,497,654.21,1071,,Completed
MOV001856,SKU_0025,WH_02,Mumbai,West,Inbound,SUP_08,,2026-02-17,2026-02-19,315,897.34,636,951,Completed
MOV000761,SKU_0290,WH_03,Delhi,North,Return,,,2026-02-03,2026-02-06,474,1961.85,4224,4698,Completed
MOV002061,SKU_0174,WH_04,Kolkata,East,Outbound,,CUST_073,2026-05-04,2026-05-04,385,1341.56,227,,Completed
MOV000859,SKU_0062,WH_02,Mumbai,West,Transfer,,,2026-02-09,2026-02-09,137,1817.24,778,641,Pending
MOV002226,SKU_0121,WH_02,Mumbai,West,Inbound,SUP_10,,2026-06-01,2026-06-02,428,1538.97,1288,1716,Completed
MOV000398,SKU_0162,WH_05,Hyderabad,South,Inbound,SUP_08,,2026-01-23,2026-01-25,69,122.89,4567,4636,Completed
MOV000665,SKU_0245,WH_03,Delhi,North,Inbound,SUP_03,,2026-05-08,2026-05-09,26,1669.17,1650,1676,Completed
MOV004940,SKU_0297,WH_06,Pune,West,Outbound,,CUST_080,2026-03-12,2026-03-12,396,894.03,183,-213,Completed
MOV002341,SKU_0235,WH_04,Kolkata,East,Outbound,,CUST_080,2026-03-14,2026-03-17,224,1466.6,2741,2517,Completed
MOV000124,SKU_0234,WH_02,Mumbai,West,Adjustment,,,2026-02-17,2026-02-20,264,1537.27,1002,1266,Completed
MOV004785,SKU_0219,WH_02,Mumbai,West,Outbound,,CUST_062,2026-02-27,2026-03-02,54,1084.83,4952,4898,Pending
MOV002015,SKU_0121,WH_01,Bengaluru,South,Inbound,SUP_03,,2026-05-11,2026-05-12,341,1350.49,268,609,Completed
MOV004313,SKU_0190,WH_06,Pune,West,Outbound,,CUST_098,2026-01-29,2026-02-01,144,145.05,224,80,Completed
MOV003565,SKU_0083,WH_06,Pune,West,Inbound,SUP_12,,2026-01-30,2026-02-01,46,1993.2,2323,2369,Completed
MOV004292,SKU_0231,WH_06,Pune,West,Outbound,,CUST_057,2026-05-23,2026-05-26,312,1693.05,34,,Cancelled
MOV001689,SKU_0034,WH_05,Hyderabad,South,Inbound,SUP_01,,2026-03-10,2026-03-10,350,1116.49,1123,1473,Completed
MOV004690,SKU_0169,WH_05,Hyderabad,South,Return,,,2026-03-04,2026-03-06,491,742.71,3386,3877,Discrepancy
MOV004038,SKU_0271,WH_02,Mumbai,West,Outbound,,CUST_083,2026-02-21,2026-02-21,488,1403.04,3361,2873,Completed
MOV001258,SKU_0207,WH_01,Bengaluru,South,Transfer,,,2026-02-10,2026-02-13,244,1276.58,743,,Cancelled
MOV003178,SKU_0201,WH_06,Pune,West,Outbound,,CUST_017,2026-04-02,2026-04-02,234,524.59,4632,4398,Completed
MOV004516,SKU_0109,WH_03,Delhi,North,Return,,,2026-01-14,2026-01-16,166,852.58,4099,4265,Completed
MOV000714,SKU_0224,WH_05,Hyderabad,South,Inbound,SUP_07,,2026-05-06,2026-05-06,110,1678.5,3898,4008,Completed
MOV004561,SKU_0228,WH_06,Pune,West,Adjustment,,,2026-02-13,,371,403.14,1032,661,Discrepancy
MOV002927,SKU_0275,WH_01,Bengaluru,South,Adjustment,,,2026-02-26,2026-02-28,58,1264.81,1789,1731,Completed
MOV000767,SKU_0075,WH_02,Mumbai,West,Inbound,SUP_07,,2026-02-06,,480,1956.44,1485,1965,Discrepancy
MOV004840,SKU_0066,WH_03,Delhi,North,Transfer,,,2026-06-25,2026-06-28,388,1247.95,438,50,Completed
MOV000148,SKU_0291,WH_03,Delhi,North,Inbound,SUP_01,,2026-06-09,2026-06-11,446,1231.35,126,572,Pending
MOV004849,SKU_0263,WH_01,Bengaluru,South,Adjustment,,,2026-02-03,2026-02-05,403,1919.91,2158,-40,Completed
MOV000311,SKU_0057,WH_04,Kolkata,East,Outbound,,CUST_078,2026-03-18,2026-03-21,75,704.06,1750,,Completed
MOV000636,SKU_0167,WH_02,Mumbai,West,Outbound,,CUST_080,2026-02-19,2026-02-21,104,1570.68,32,-72,Discrepancy
MOV003877,SKU_0050,WH_04,Kolkata,East,Inbound,SUP_07,,2026-03-28,2026-03-28,191,623.94,4963,5154,Discrepancy
MOV003434,SKU_0295,WH_02,Mumbai,West,Return,,,2026-01-06,2026-01-07,329,638.93,1790,2119,Discrepancy
MOV003902,SKU_0131,WH_05,Hyderabad,South,Inbound,SUP_02,,2026-03-08,2026-03-08,48,419.54,4931,-23,Pending
MOV003741,SKU_0216,WH_03,Delhi,North,Transfer,,,2026-01-07,2026-01-09,54,1537.88,4741,,Cancelled
MOV004576,SKU_0081,WH_01,Bengaluru,South,Outbound,,CUST_024,,2026-04-25,441,215.4,2892,2451,Completed
MOV001991,SKU_0115,WH_01,Bengaluru,South,Outbound,,CUST_093,2026-06-09,2026-06-09,27,535.99,4716,4689,Completed
MOV002706,SKU_0036,WH_03,Delhi,North,Return,,,2026-03-07,2026-03-08,189,553.37,3306,3495,Completed
MOV002524,SKU_0108,WH_01,Bengaluru,South,Return,,,2026-06-01,2026-06-02,496,314.33,2463,2959,Discrepancy
MOV002707,SKU_0075,WH_01,Bengaluru,South,Outbound,,CUST_005,2026-06-20,2026-06-21,332,1976.24,409,-200,Completed
MOV003776,SKU_0116,WH_05,Hyderabad,South,Adjustment,,,2026-02-26,2026-02-28,200,1916.96,4669,4869,Completed
MOV003191,SKU_0141,WH_04,Kolkata,East,Inbound,SUP_10,,2026-02-06,2026-02-09,479,1067.42,2150,,Completed
MOV003586,SKU_0040,WH_05,Hyderabad,South,Transfer,,,2026-01-12,2026-01-15,281,418.93,4308,4027,Completed
MOV002298,SKU_0283,WH_01,Bengaluru,South,Outbound,,CUST_039,2026-02-15,2026-02-15,223,1171.3,895,672,Completed
MOV000528,SKU_0047,WH_02,Mumbai,West,Outbound,,CUST_028,2026-01-15,2026-01-17,294,1979.43,1020,726,Completed
MOV002940,SKU_0235,WH_06,Pune,West,Adjustment,,,2026-04-01,2026-04-01,377,1259.58,4632,5009,Completed
MOV000956,SKU_0205,WH_05,Hyderabad,South,Outbound,,CUST_002,2026-02-03,2026-02-05,165,1824.16,2144,1979,Completed
MOV003614,SKU_0076,WH_02,Mumbai,West,Inbound,SUP_11,,2026-04-15,2026-04-15,154,859.18,2629,2783,Completed
MOV001525,SKU_0158,WH_03,Delhi,North,Return,,,2026-03-12,2026-03-13,211,839.11,73,284,Completed
MOV004629,SKU_0083,WH_02,Mumbai,West,Inbound,SUP_12,,2026-05-13,2026-05-14,431,1332.08,3814,4245,Completed
MOV001496,SKU_0232,WH_05,Hyderabad,South,Outbound,,CUST_062,2026-05-20,2026-05-21,21,1490.95,2068,2047,Completed
MOV002409,SKU_0058,WH_01,Bengaluru,South,Transfer,,,2026-04-04,2026-04-04,398,1282.71,303,-95,Completed
MOV003198,SKU_0270,WH_02,Mumbai,West,Inbound,SUP_04,,2026-02-24,2026-02-26,192,1503.19,1298,1490,Completed
MOV002228,SKU_0267,WH_05,Hyderabad,South,Inbound,SUP_06,,2026-05-09,2026-05-09,232,1722.77,2624,2856,Completed
MOV003408,SKU_0195,WH_06,Pune,West,Outbound,,CUST_029,2026-04-18,2026-04-21,78,1049.16,3597,3519,Discrepancy
MOV000728,SKU_0029,WH_02,Mumbai,West,Inbound,SUP_05,,2026-01-02,2026-01-02,109,747.2,691,800,Completed
MOV000272,SKU_0194,WH_03,Delhi,North,Transfer,,,2026-04-11,2026-04-13,314,1336.22,2638,2324,Completed
MOV000348,SKU_0096,WH_02,Mumbai,West,Return,,,2026-02-11,2026-02-13,55,1044.13,3126,-8,Discrepancy
MOV002097,SKU_0192,WH_01,Bengaluru,South,Outbound,,CUST_028,2026-01-06,2026-01-07,367,1781.77,1909,1542,Completed
MOV004396,SKU_0086,WH_02,Mumbai,West,Inbound,SUP_01,,2026-01-19,2026-01-19,169,885.06,1830,1999,Completed
MOV004103,SKU_0008,WH_03,Delhi,North,Adjustment,,,2026-01-03,2026-01-04,9,544.98,2059,2050,Completed
MOV002166,SKU_0132,WH_05,Hyderabad,South,Outbound,,CUST_084,2026-01-01,2026-01-04,292,881.94,4574,4282,Completed
MOV001426,SKU_0253,WH_05,Hyderabad,South,Transfer,,,2026-02-24,2026-02-24,13,1882.17,1422,1409,Completed
MOV000417,SKU_0142,WH_02,Mumbai,West,Outbound,,CUST_066,2026-06-10,2026-06-13,28,230.1,46,18,Pending
MOV000706,SKU_0047,WH_03,Delhi,North,Outbound,,CUST_048,2026-01-30,2026-01-30,46,829.24,512,,Cancelled
MOV001736,SKU_0005,WH_06,Pune,West,Return,,,2026-05-08,2026-05-09,436,242.02,2226,,Cancelled
MOV004771,SKU_0067,WH_04,Kolkata,East,Inbound,SUP_01,,2026-06-06,2026-06-06,351,1921.32,1078,,Completed
MOV002476,SKU_0261,WH_06,Pune,West,Inbound,SUP_02,,2026-06-09,2026-06-11,183,1061.43,1925,2108,Completed
MOV000908,SKU_0297,WH_05,Hyderabad,South,Outbound,,CUST_034,2026-05-21,2026-05-23,223,1573.05,4938,4715,Completed
MOV004324,SKU_0242,WH_04,Kolkata,East,Outbound,,CUST_021,2026-06-09,2026-06-10,309,355.37,4461,,Discrepancy
MOV000321,SKU_0158,WH_06,Pune,West,Outbound,,CUST_088,2026-03-21,2026-03-21,301,630.38,3137,2836,Completed
MOV003270,SKU_0207,WH_03,Delhi,North,Inbound,SUP_04,,2026-03-26,2026-03-26,382,57.78,4169,4551,Completed
MOV002375,SKU_0029,WH_01,Bengaluru,South,Inbound,SUP_06,,2026-01-27,2026-01-28,415,1582.71,4547,4962,Completed
MOV000297,SKU_0187,WH_02,Mumbai,West,Inbound,SUP_05,,2026-01-18,2026-01-21,49,1506.57,925,974,Pending
MOV000139,SKU_0031,WH_05,Hyderabad,South,Adjustment,,,2026-06-06,2026-06-09,316,336.75,4884,4568,Completed
MOV001105,SKU_0164,WH_03,Delhi,North,Outbound,,CUST_052,2026-05-12,2026-05-13,74,1615.5,851,,Cancelled
MOV000856,SKU_0173,WH_03,Delhi,North,Inbound,SUP_02,,2026-04-14,,116,1644.64,1868,1984,Completed
MOV001041,SKU_0273,WH_06,Pune,West,Transfer,,,2026-02-14,2026-02-16,125,1362.36,1715,1590,Discrepancy
MOV002687,SKU_0070,WH_03,Delhi,North,Inbound,SUP_10,,2026-03-02,2026-03-04,391,1917.77,4224,4615,Completed
MOV001961,SKU_0208,WH_02,Mumbai,West,Inbound,SUP_07,,2026-02-12,2026-02-14,93,1829.02,2922,3015,Completed
MOV001429,SKU_0153,WH_05,Hyderabad,South,Return,,,2026-03-09,2026-03-12,473,1340.7,2918,3391,Completed
MOV003731,SKU_0276,WH_02,Mumbai,West,Adjustment,,,2026-01-24,2026-01-26,39,1625.92,2187,2148,Completed
MOV004070,SKU_0196,WH_03,Delhi,North,Inbound,SUP_10,,,2026-01-12,411,413.05,2434,2845,Completed
MOV001928,SKU_0282,WH_05,Hyderabad,South,Inbound,SUP_09,,2026-02-15,2026-02-15,128,14267.67,153,281,Discrepancy
MOV003200,SKU_0295,WH_01,Bengaluru,South,Adjustment,,,2026-04-15,2026-04-15,293,1759.13,1815,1522,Completed
MOV000765,SKU_0068,WH_02,Mumbai,West,Adjustment,,,2026-03-09,,478,999.35,2492,,Cancelled
MOV002450,SKU_0243,WH_04,Kolkata,East,Outbound,,CUST_092,2026-06-10,2026-06-10,235,1682.21,4789,,Completed
MOV002788,SKU_0055,WH_01,Bengaluru,South,Return,,,2026-03-05,2026-03-07,316,1179.02,362,678,Completed
MOV001626,SKU_0066,WH_03,Delhi,North,Transfer,,,2026-03-17,2026-03-19,490,727.87,4984,4494,Completed
MOV002296,SKU_0127,WH_02,Mumbai,West,Adjustment,,,2026-02-21,2026-02-21,455,1847.07,2407,2862,Completed
MOV004427,SKU_0198,WH_06,Pune,West,Inbound,SUP_10,,2026-01-03,2026-01-05,407,571.8,2379,2786,Completed
MOV004482,SKU_0020,WH_04,Kolkata,East,Outbound,,CUST_069,2026-06-01,2026-06-03,38,428.74,1966,,Completed
MOV004073,SKU_0296,WH_05,Hyderabad,South,Inbound,SUP_05,,2026-05-07,2026-05-10,384,1488.09,2789,3173,Completed
MOV001364,SKU_0178,WH_04,Kolkata,East,Outbound,,CUST_082,2026-02-08,2026-02-10,140,403.2,3894,,Completed
MOV004346,SKU_0075,WH_01,Bengaluru,South,Transfer,,,2026-05-19,2026-05-21,245,143.44,3686,3441,Completed
MOV001406,SKU_0182,WH_01,Bengaluru,South,Outbound,,CUST_043,2026-04-23,2026-04-25,18,188.37,1502,1484,Completed
MOV003850,SKU_0274,WH_04,Kolkata,East,Inbound,SUP_03,,2026-04-17,2026-04-18,323,1678.75,4998,,Completed
MOV003452,SKU_0052,WH_04,Kolkata,East,Outbound,,CUST_099,2026-01-16,2026-01-16,17,1596.42,514,,Completed
MOV000536,SKU_0251,WH_06,Pune,West,Outbound,,CUST_048,2026-01-26,2026-01-29,298,665.44,3141,2843,Completed
MOV004549,SKU_0168,WH_02,Mumbai,West,Outbound,,CUST_086,2026-02-24,2026-02-26,210,886.87,4018,3808,Discrepancy
MOV000445,SKU_0228,WH_02,Mumbai,West,Inbound,SUP_08,,2026-03-22,2026-03-22,382,797.9,3795,4177,Completed
MOV002079,SKU_0094,WH_06,Pune,West,Outbound,,CUST_059,2026-03-02,2026-03-05,115,1871.91,3825,3710,Completed
MOV001341,SKU_0139,WH_02,Mumbai,West,Outbound,,CUST_081,2026-06-20,2026-06-23,126,385.89,1963,1837,Completed
MOV001761,SKU_0040,WH_05,Hyderabad,South,Inbound,SUP_05,,2026-06-07,2026-06-08,386,1190.63,4924,5310,Completed
MOV001272,SKU_0289,WH_05,Hyderabad,South,Transfer,,,2026-03-13,2026-03-15,14,1873.54,2562,2548,Completed
MOV004275,SKU_0053,WH_06,Pune,West,Transfer,,,2026-05-22,2026-05-24,71,284.5,3526,3455,Completed
MOV000127,SKU_0212,WH_04,Kolkata,East,Adjustment,,,2026-05-21,2026-05-22,400,1675.8,2906,,Completed
MOV002960,SKU_0074,WH_06,Pune,West,Outbound,,CUST_037,2026-03-17,2026-03-19,78,1144.65,2397,2319,Completed
MOV000104,SKU_0104,WH_02,Mumbai,West,Transfer,,,2026-03-25,2026-03-26,451,807.98,4925,4474,Completed
MOV000685,SKU_0004,WH_01,Bengaluru,South,Inbound,SUP_09,,2026-06-08,2026-06-11,449,19655.82,2685,3134,Completed
MOV000862,SKU_0153,WH_04,Kolkata,East,Inbound,SUP_05,,2026-05-15,2026-05-18,365,985.43,3502,,Completed
MOV000011,SKU_0274,WH_03,Delhi,North,Outbound,,CUST_041,2026-02-02,2026-02-02,234,1804.09,4581,4347,Completed
MOV003454,SKU_0173,WH_06,Pune,West,Outbound,,CUST_069,2026-04-25,2026-04-28,461,384.94,1776,1315,Completed
MOV001311,SKU_0022,WH_03,Delhi,North,Inbound,SUP_08,,2026-02-28,2026-03-02,124,1072.86,1533,1657,Completed
MOV003490,SKU_0060,WH_05,Hyderabad,South,Adjustment,,,2026-06-25,2026-06-25,72,1929.88,4414,4486,Completed
MOV004691,SKU_0086,WH_02,Mumbai,West,Outbound,,CUST_049,2026-03-08,2026-03-11,476,580.73,2198,1722,Completed
MOV003503,SKU_0187,WH_05,Hyderabad,South,Adjustment,,,2026-04-09,2026-04-09,306,1296.4,4261,3955,Completed
MOV003219,SKU_0026,WH_02,Mumbai,West,Outbound,,CUST_073,2026-04-22,2026-04-22,223,1422.88,4980,4757,Completed
MOV004487,SKU_0263,WH_04,Kolkata,East,Inbound,SUP_11,,2026-01-20,2026-01-21,11,1188.89,2589,,Completed
MOV000389,SKU_0164,WH_03,Delhi,North,Outbound,,CUST_062,2026-03-08,2026-03-10,29,1858.08,2162,2133,Completed
MOV001944,SKU_0111,WH_04,Kolkata,East,Adjustment,,,2026-03-05,2026-03-05,492,1302.26,2126,,Completed
MOV000869,SKU_0239,WH_05,Hyderabad,South,Outbound,,CUST_094,2026-04-05,2026-04-06,220,1107.52,2209,1989,Discrepancy
MOV003769,SKU_0153,WH_01,Bengaluru,South,Outbound,,CUST_047,2026-05-12,2026-05-13,215,1503.76,3610,3395,Completed
MOV000607,SKU_0207,WH_03,Delhi,North,Return,,,2026-01-23,2026-01-25,311,1870.02,775,1086,Completed
MOV004797,SKU_0251,WH_04,Kolkata,East,Inbound,SUP_04,,2026-01-17,2026-01-18,489,1220.5,859,,Completed
MOV002052,SKU_0144,WH_04,Kolkata,East,Inbound,SUP_12,,2026-02-22,2026-02-24,283,331.95,3820,,Completed
MOV003896,SKU_0041,WH_04,Kolkata,East,Inbound,SUP_01,,2026-05-13,2026-05-15,383,809.7,3286,,Completed
MOV000185,SKU_0032,WH_05,Hyderabad,South,Outbound,,CUST_057,2026-04-01,2026-04-01,267,489.08,1265,998,Completed
MOV003622,SKU_0256,WH_05,Hyderabad,South,Transfer,,,2026-05-24,2026-05-27,312,1443.85,1026,714,Completed
MOV002256,SKU_0137,WH_04,Kolkata,East,Transfer,,,2026-02-26,2026-03-01,87,252.26,1136,,Discrepancy
MOV002443,SKU_0047,WH_04,Kolkata,East,Return,,,2026-01-21,2026-01-21,224,1928.53,125,,Completed
MOV004694,SKU_0065,WH_06,Pune,West,Outbound,,CUST_056,2026-06-10,2026-06-13,322,1074.43,2374,2052,Completed
MOV002694,SKU_0185,WH_02,Mumbai,West,Outbound,,CUST_092,2026-01-26,2026-01-27,209,113.78,4355,4146,Pending
MOV000880,SKU_0225,WH_01,Bengaluru,South,Outbound,,CUST_092,2026-02-08,2026-02-10,171,1449.49,1814,1643,Completed
MOV004699,SKU_0299,WH_04,Kolkata,East,Transfer,,,2026-01-26,2026-01-28,132,1393.72,4067,,Discrepancy
MOV001080,SKU_0236,WH_06,Pune,West,Outbound,,CUST_002,2026-06-29,2026-06-30,137,413.16,747,-19,Completed
MOV003511,SKU_0088,WH_02,Mumbai,West,Outbound,,CUST_007,2026-04-07,2026-04-09,222,1298.06,2017,1795,Completed
MOV004602,SKU_0240,WH_06,Pune,West,Outbound,,CUST_086,2026-04-16,2026-04-16,89,1660.06,3677,3588,Discrepancy
MOV004591,SKU_0178,WH_05,Hyderabad,South,Transfer,,,2026-03-22,2026-03-22,58,271.66,409,351,Completed
MOV003890,SKU_0068,WH_06,Pune,West,Inbound,SUP_01,,2026-01-13,2026-01-14,59,285.3,3286,3345,Discrepancy
MOV001502,SKU_0227,WH_03,Delhi,North,Inbound,SUP_05,,2026-02-07,2026-02-08,178,189.12,4492,4670,Completed
MOV000696,SKU_0187,WH_05,Hyderabad,South,Outbound,,CUST_002,,2026-05-23,253,197.88,2980,2727,Completed
MOV001955,SKU_0267,WH_02,Mumbai,West,Outbound,,CUST_100,2026-04-13,2026-04-13,102,1108.89,2473,2371,Completed
MOV003882,SKU_0008,WH_05,Hyderabad,South,Outbound,,CUST_064,2026-05-26,2026-05-28,358,796.62,4219,3861,Completed
MOV004031,SKU_0076,WH_03,Delhi,North,Outbound,,CUST_046,2026-05-02,2026-05-05,345,682.44,1556,1211,Completed
MOV000547,SKU_0202,WH_06,Pune,West,Inbound,SUP_11,,2026-05-26,2026-05-29,142,1621.34,4954,5096,Completed
MOV000037,SKU_0037,WH_06,Pune,West,Transfer,,,2026-03-07,2026-03-10,84,158.03,3120,,Cancelled
MOV004711,SKU_0262,WH_06,Pune,West,Return,,,2026-01-11,2026-01-11,36,773.14,325,361,Pending
MOV002931,SKU_0237,WH_06,Pune,West,Return,,,2026-04-16,2026-04-19,204,1686.13,2684,2888,Completed
MOV004264,SKU_0274,WH_03,Delhi,North,Transfer,,,2026-03-29,2026-03-31,217,1859.68,708,491,Completed
MOV002217,SKU_0192,WH_03,Delhi,North,Transfer,,,2026-06-20,2026-06-22,465,1446.11,4333,3868,Completed
MOV000588,SKU_0219,WH_06,Pune,West,Outbound,,CUST_056,2026-03-03,2026-03-05,265,812.71,3496,3231,Completed
MOV003690,SKU_0215,WH_05,Hyderabad,South,Inbound,SUP_11,,2026-01-27,2026-01-27,403,636.62,76,479,Completed
MOV004826,SKU_0033,WH_01,Bengaluru,South,Outbound,,CUST_069,2026-04-11,2026-04-14,396,351.48,321,-75,Completed
MOV001348,SKU_0214,WH_04,Kolkata,East,Outbound,,CUST_055,2026-03-23,2026-03-26,307,1034.3,4492,,Completed
MOV003197,SKU_0104,WH_02,Mumbai,West,Return,,,2026-04-20,2026-04-22,72,1237.47,1081,,Cancelled
MOV001527,SKU_0124,WH_04,Kolkata,East,Transfer,,,2026-05-24,2026-05-26,314,391.81,4081,,Completed
MOV000190,SKU_0006,WH_01,Bengaluru,South,Inbound,SUP_10,,2026-05-08,2026-05-10,472,1096.07,2559,3031,Completed
MOV001904,SKU_0292,WH_03,Delhi,North,Outbound,,CUST_083,,2026-06-01,480,1211.37,1982,1502,Completed
MOV001799,SKU_0258,WH_03,Delhi,North,Transfer,,,2026-04-08,2026-04-09,24,59.83,4131,4107,Completed
MOV000764,SKU_0094,WH_04,Kolkata,East,Return,,,2026-03-19,2026-03-20,387,1127.17,4768,,Completed
MOV003128,SKU_0010,WH_05,Hyderabad,South,Inbound,SUP_02,,2026-06-20,2026-06-21,102,1867.98,307,409,Completed
MOV003818,SKU_0251,WH_02,Mumbai,West,Return,,,2026-04-04,2026-04-04,160,934.45,460,620,Completed
MOV002746,SKU_0021,WH_02,Mumbai,West,Outbound,,CUST_072,2026-03-16,2026-03-19,350,405.39,704,354,Completed
MOV003048,SKU_0144,WH_06,Pune,West,Outbound,,CUST_027,2026-01-07,2026-01-07,202,1407.09,1039,-4,Completed
MOV002140,SKU_0241,WH_02,Mumbai,West,Inbound,SUP_12,,2026-05-30,2026-06-01,359,193.75,4020,4379,Pending
MOV004672,SKU_0211,WH_05,Hyderabad,South,Outbound,,CUST_081,2026-06-19,2026-06-21,143,1453.02,25,-118,Completed
MOV003035,SKU_0263,WH_06,Pune,West,Outbound,,CUST_056,2026-04-16,2026-04-18,478,1380.48,3058,2580,Completed
MOV004075,SKU_0139,WH_02,Mumbai,West,Inbound,SUP_11,,2026-01-25,2026-01-27,212,1956.44,3110,3322,Completed
MOV001209,SKU_0201,WH_01,Bengaluru,South,Outbound,,CUST_090,2026-02-13,2026-02-14,359,694.39,2522,2163,Pending
MOV000288,SKU_0166,WH_01,Bengaluru,South,Inbound,SUP_08,,2026-03-16,2026-03-17,364,458.26,4850,5214,Completed
MOV000986,SKU_0160,WH_05,Hyderabad,South,Adjustment,,,2026-01-09,2026-01-09,21,1827.34,740,761,Completed
MOV003203,SKU_0197,WH_01,Bengaluru,South,Outbound,,CUST_051,2026-04-02,2026-04-03,256,1601.0,3739,-143,Discrepancy
MOV002027,SKU_0134,WH_06,Pune,West,Outbound,,CUST_093,2026-04-19,2026-04-21,309,703.91,4623,,Cancelled
MOV001785,SKU_0178,WH_01,Bengaluru,South,Outbound,,CUST_014,2026-02-01,2026-02-01,456,864.6,4516,4060,Completed
MOV004291,SKU_0156,WH_06,Pune,West,Outbound,,CUST_009,2026-01-29,2026-02-01,403,1827.38,1253,850,Completed
MOV003652,SKU_0206,WH_02,Mumbai,West,Adjustment,,,2026-05-11,2026-05-12,167,832.53,3899,3732,Completed
MOV000626,SKU_0235,WH_04,Kolkata,East,Transfer,,,2026-02-15,2026-02-17,479,1061.12,3885,,Completed
MOV001803,SKU_0160,WH_01,Bengaluru,South,Outbound,,CUST_064,2026-01-29,2026-01-30,197,1093.59,159,-38,Completed
MOV003574,SKU_0213,WH_04,Kolkata,East,Outbound,,CUST_057,2026-02-15,2026-02-16,63,1323.97,4598,,Completed
MOV004600,SKU_0266,WH_05,Hyderabad,South,Outbound,,CUST_045,2026-04-23,2026-04-23,490,826.2,408,-82,Completed
MOV001986,SKU_0046,WH_06,Pune,West,Inbound,SUP_09,,2026-04-20,2026-04-20,333,3625.47,1185,1518,Discrepancy
MOV000217,SKU_0154,WH_02,Mumbai,West,Return,,,2026-02-06,2026-02-07,171,1277.33,966,1137,Completed
MOV004474,SKU_0135,WH_04,Kolkata,East,Outbound,,CUST_006,2026-04-02,2026-04-03,482,535.35,4478,3996,Completed
MOV001387,SKU_0014,WH_06,Pune,West,Outbound,,CUST_070,2026-05-27,2026-05-27,293,777.21,3976,3683,Completed
MOV001569,SKU_0064,WH_06,Pune,West,Transfer,,,2026-05-29,2026-05-29,17,663.36,4426,,Cancelled
MOV001134,SKU_0207,WH_04,Kolkata,East,Outbound,,CUST_065,2026-04-30,2026-05-02,381,1650.36,1765,,Completed
MOV000117,SKU_0080,WH_06,Pune,West,Inbound,SUP_04,,2026-03-25,2026-03-27,83,510.62,1550,1633,Completed
MOV001491,SKU_0040,WH_06,Pune,West,Inbound,SUP_10,,2026-04-10,2026-04-12,5,1016.55,285,290,Discrepancy
MOV002170,SKU_0153,WH_03,Delhi,North,Inbound,SUP_06,,2026-04-10,2026-04-10,147,1348.48,2177,2324,Completed
MOV000852,SKU_0068,WH_02,Mumbai,West,Inbound,SUP_09,,2026-02-07,2026-02-08,91,5054.12,4667,4758,Pending
MOV003447,SKU_0175,WH_06,Pune,West,Inbound,SUP_05,,2026-02-26,2026-02-27,18,1665.98,2876,2894,Completed
MOV000551,SKU_0224,WH_06,Pune,West,Outbound,,CUST_059,2026-05-17,2026-05-19,359,1708.7,3154,2795,Completed
MOV004271,SKU_0055,WH_03,Delhi,North,Inbound,SUP_11,,2026-04-18,2026-04-21,164,1080.8,1654,1818,Completed
MOV001405,SKU_0059,WH_06,Pune,West,Transfer,,,2026-01-13,2026-01-13,132,1815.27,441,309,Completed
MOV001024,SKU_0049,WH_04,Kolkata,East,Return,,,2026-02-05,2026-02-07,335,1107.65,2792,,Completed
MOV002799,SKU_0215,WH_03,Delhi,North,Outbound,,CUST_045,2026-06-05,2026-06-05,259,194.54,1155,896,Completed
MOV004681,SKU_0071,WH_04,Kolkata,East,Inbound,SUP_02,,2026-03-13,2026-03-15,57,373.88,3761,,Completed
MOV001493,SKU_0178,WH_04,Kolkata,East,Inbound,SUP_03,,2026-03-31,2026-04-03,380,960.7,3282,3662,Pending
MOV000577,SKU_0236,WH_06,Pune,West,Inbound,SUP_02,,2026-03-28,2026-03-29,53,421.37,4576,4629,Completed
MOV000748,SKU_0024,WH_05,Hyderabad,South,Inbound,SUP_11,,2026-02-07,2026-02-09,345,994.97,3275,3620,Completed
MOV003558,SKU_0052,WH_01,Bengaluru,South,Adjustment,,,2026-06-23,2026-06-26,154,257.86,1870,1716,Completed
MOV000160,SKU_0226,WH_06,Pune,West,Inbound,SUP_06,,2026-04-06,2026-04-08,200,292.08,3942,4142,Completed
MOV003509,SKU_0208,WH_03,Delhi,North,Outbound,,CUST_022,2026-06-24,2026-06-25,237,219.72,2313,2076,Completed
MOV004834,SKU_0094,WH_06,Pune,West,Adjustment,,,2026-03-10,2026-03-11,170,625.41,1722,1552,Discrepancy
MOV002283,SKU_0269,WH_01,Bengaluru,South,Outbound,,CUST_038,2026-01-01,2026-01-04,367,646.75,3640,3273,Completed
MOV001661,SKU_0095,WH_06,Pune,West,Return,,,2026-03-22,2026-03-23,50,442.06,3873,3923,Completed
MOV001465,SKU_0131,WH_01,Bengaluru,South,Transfer,,,2026-04-01,2026-04-01,386,521.04,2157,1771,Completed
MOV000492,SKU_0034,WH_01,Bengaluru,South,Inbound,SUP_12,,2026-01-31,2026-01-31,82,1417.41,2283,2365,Completed
MOV004163,SKU_0172,WH_04,Kolkata,East,Transfer,,,2026-02-14,2026-02-17,129,1720.3,593,,Completed
MOV003116,SKU_0120,WH_02,Mumbai,West,Transfer,,,2026-03-29,2026-03-30,103,880.15,2590,2487,Pending
MOV001310,SKU_0203,WH_04,Kolkata,East,Inbound,SUP_06,,2026-06-30,2026-07-01,99,988.49,1312,,Completed
MOV004280,SKU_0158,WH_01,Bengaluru,South,Outbound,,CUST_036,2026-04-07,2026-04-07,318,1658.62,393,75,Completed
MOV000025,SKU_0128,WH_02,Mumbai,West,Inbound,SUP_02,,2026-05-10,2026-05-13,288,104.34,519,807,Completed
MOV004818,SKU_0265,WH_02,Mumbai,West,Transfer,,,2026-06-28,2026-06-30,400,1204.19,1896,1496,Completed
MOV004589,SKU_0079,WH_05,Hyderabad,South,Adjustment,,,2026-02-15,2026-02-15,498,734.9,2948,3446,Completed
MOV004704,SKU_0184,WH_02,Mumbai,West,Adjustment,,,2026-06-30,2026-07-02,493,1525.74,737,1230,Discrepancy
MOV000214,SKU_0232,WH_05,Hyderabad,South,Inbound,SUP_12,,2026-02-22,2026-02-25,345,1048.17,1045,1390,Completed
MOV001740,SKU_0035,WH_05,Hyderabad,South,Inbound,SUP_06,,2026-05-26,2026-05-29,169,1483.28,3891,4060,Completed
MOV004651,SKU_0162,WH_04,Kolkata,East,Transfer,,,2026-06-16,2026-06-17,402,1781.69,469,,Completed
MOV003502,SKU_0253,WH_05,Hyderabad,South,Outbound,,CUST_015,2026-05-29,2026-05-30,260,711.39,2532,2272,Pending
MOV001435,SKU_0241,WH_06,Pune,West,Inbound,SUP_04,,2026-06-20,2026-06-20,154,1599.97,1141,1295,Completed
MOV000933,SKU_0023,WH_02,Mumbai,West,Inbound,SUP_09,,2026-05-25,2026-05-27,362,12552.86,2772,3134,Completed
MOV000628,SKU_0099,WH_01,Bengaluru,South,Transfer,,,2026-05-20,,66,548.15,4853,,Cancelled
MOV003823,SKU_0272,WH_03,Delhi,North,Outbound,,CUST_008,2026-03-09,2026-03-09,167,78.35,3483,3316,Discrepancy
MOV003648,SKU_0284,WH_04,Kolkata,East,Inbound,SUP_10,,2026-06-15,2026-06-18,169,1359.24,4372,,Completed
MOV000990,SKU_0176,WH_02,Mumbai,West,Inbound,SUP_07,,2026-06-18,2026-06-19,154,401.26,2675,,Cancelled
MOV004417,SKU_0162,WH_06,Pune,West,Adjustment,,,2026-02-28,2026-03-03,238,214.95,865,,Cancelled
MOV000498,SKU_0145,WH_04,Kolkata,East,Outbound,,CUST_028,2026-03-22,2026-03-25,414,53.71,2479,,Completed
MOV004519,SKU_0172,WH_05,Hyderabad,South,Outbound,,CUST_074,2026-02-06,2026-02-06,189,364.92,1387,1198,Completed
MOV004208,SKU_0134,WH_04,Kolkata,East,Inbound,SUP_01,,2026-05-08,2026-05-10,327,1330.15,1285,1612,Completed
MOV001551,SKU_0298,WH_06,Pune,West,Inbound,SUP_01,,2026-04-24,2026-04-24,454,1042.8,3191,3645,Pending
MOV000910,SKU_0094,WH_05,Hyderabad,South,Outbound,,CUST_041,2026-05-14,2026-05-15,453,1913.71,462,9,Completed
MOV001583,SKU_0248,WH_02,Mumbai,West,Transfer,,,2026-05-02,2026-05-03,43,270.23,3364,3321,Completed
MOV002503,SKU_0142,WH_03,Delhi,North,Outbound,,CUST_019,2026-05-28,2026-05-30,491,1203.15,3635,3144,Completed
MOV003633,SKU_0087,WH_02,Mumbai,West,Outbound,,CUST_041,2026-04-04,2026-04-07,326,1298.66,1182,856,Completed
MOV002683,SKU_0054,WH_05,Hyderabad,South,Inbound,SUP_07,,2026-06-10,2026-06-11,154,152.16,1397,1551,Completed
MOV001065,SKU_0089,WH_03,Delhi,North,Adjustment,,,2026-04-15,2026-04-17,396,173.98,4207,3811,Completed
MOV002195,SKU_0287,WH_04,Kolkata,East,Inbound,SUP_11,,2026-03-17,2026-03-18,247,482.37,1450,,Pending
MOV003922,SKU_0116,WH_03,Delhi,North,Outbound,,CUST_061,2026-04-21,2026-04-21,406,1468.56,2644,2238,Completed
MOV004334,SKU_0032,WH_06,Pune,West,Outbound,,CUST_001,2026-01-07,2026-01-09,496,412.07,539,-198,Completed
MOV003459,SKU_0011,WH_02,Mumbai,West,Inbound,SUP_05,,2026-05-08,2026-05-10,37,1517.5,1735,1772,Completed
MOV002505,SKU_0289,WH_03,Delhi,North,Inbound,SUP_08,,2026-04-24,2026-04-26,369,1265.31,1858,2227,Completed
MOV004993,SKU_0224,WH_02,Mumbai,West,Adjustment,,,2026-04-28,2026-04-28,350,1913.28,3739,4089,Discrepancy
MOV000164,SKU_0152,WH_03,Delhi,North,Return,,,2026-03-08,2026-03-11,56,670.23,3952,4008,Completed
MOV002200,SKU_0277,WH_06,Pune,West,Outbound,,CUST_096,2026-03-03,2026-03-04,240,1349.81,1507,1267,Completed
MOV000343,SKU_0237,WH_04,Kolkata,East,Transfer,,,2026-02-22,2026-02-22,125,448.67,2904,,Completed
MOV001932,SKU_0045,WH_02,Mumbai,West,Transfer,,,2026-01-04,2026-01-05,28,1084.64,62,34,Completed
MOV001313,SKU_0186,WH_05,Hyderabad,South,Adjustment,,,2026-03-06,2026-03-08,383,1845.58,750,367,Completed
MOV004767,SKU_0199,WH_02,Mumbai,West,Outbound,,CUST_089,2026-05-21,2026-05-21,185,1884.72,2222,2037,Completed
MOV000844,SKU_0021,WH_02,Mumbai,West,Outbound,,CUST_094,2026-01-28,2026-01-29,324,1078.4,1604,1280,Completed
MOV004318,SKU_0210,WH_02,Mumbai,West,Outbound,,CUST_007,2026-04-08,2026-04-11,86,1528.46,3781,3695,Completed
MOV004308,SKU_0020,WH_06,Pune,West,Inbound,SUP_10,,2026-04-04,2026-04-05,294,1181.1,1358,1652,Completed
MOV001252,SKU_0285,WH_04,Kolkata,East,Outbound,,CUST_090,2026-04-20,2026-04-23,250,658.67,4334,,Completed
MOV004712,SKU_0006,WH_06,Pune,West,Inbound,SUP_09,,2026-03-02,2026-03-02,446,5023.55,3519,3965,Completed
MOV002065,SKU_0049,WH_03,Delhi,North,Inbound,SUP_11,,2026-01-21,2026-01-24,14,1379.34,4366,4380,Completed
MOV004938,SKU_0253,WH_01,Bengaluru,South,Outbound,,CUST_030,2026-02-11,2026-02-12,122,910.73,3701,3579,Discrepancy
MOV002154,SKU_0004,WH_04,Kolkata,East,Return,,,2026-03-27,2026-03-27,221,1047.58,4952,5173,Discrepancy
MOV002172,SKU_0255,WH_06,Pune,West,Transfer,,,2026-06-29,2026-07-01,304,768.18,4487,4183,Completed
MOV001418,SKU_0134,WH_03,Delhi,North,Outbound,,CUST_098,2026-06-13,2026-06-15,219,386.56,3670,3451,Completed
MOV004788,SKU_0064,WH_04,Kolkata,East,Return,,,2026-04-23,2026-04-26,92,1341.15,471,,Completed
MOV003926,SKU_0142,WH_05,Hyderabad,South,Outbound,,CUST_023,2026-03-30,2026-04-02,93,150.98,4027,3934,Completed
MOV002496,SKU_0275,WH_02,Mumbai,West,Transfer,,,2026-01-30,2026-02-01,4,769.52,495,491,Completed
MOV004597,SKU_0186,WH_02,Mumbai,West,Adjustment,,,2026-06-30,2026-07-02,385,1549.21,1978,2363,Completed
MOV001049,SKU_0241,WH_03,Delhi,North,Outbound,,CUST_090,2026-03-27,2026-03-28,91,1026.96,4957,4866,Completed
MOV004676,SKU_0036,WH_03,Delhi,North,Transfer,,,2026-01-31,2026-01-31,223,934.21,3883,3660,Completed
MOV003665,SKU_0108,WH_06,Pune,West,Transfer,,,2026-02-18,2026-02-19,128,70.24,1542,1414,Completed
MOV001052,SKU_0196,WH_05,Hyderabad,South,Inbound,SUP_07,,2026-03-17,2026-03-20,22,889.15,3312,3334,Completed
MOV002024,SKU_0104,WH_02,Mumbai,West,Transfer,,,2026-04-14,2026-04-15,119,387.12,1486,1367,Completed
MOV004335,SKU_0040,WH_05,Hyderabad,South,Outbound,,CUST_014,2026-01-28,2026-01-29,383,1920.64,4408,4025,Completed
MOV000958,SKU_0071,WH_06,Pune,West,Inbound,SUP_02,,2026-04-29,2026-05-01,391,492.77,2479,2870,Completed
MOV004219,SKU_0232,WH_01,Bengaluru,South,Inbound,SUP_08,,2026-02-21,2026-02-21,393,788.41,3752,4145,Completed
MOV000582,SKU_0223,WH_04,Kolkata,East,Transfer,,,2026-05-10,2026-05-10,256,1909.75,346,,Completed
MOV000556,SKU_0255,WH_03,Delhi,North,Return,,,2026-02-24,2026-02-27,386,89.35,3367,3753,Completed
MOV004037,SKU_0237,WH_05,Hyderabad,South,Inbound,SUP_09,,2026-04-17,2026-04-19,78,3424.63,4651,4729,Completed
MOV000534,SKU_0045,WH_04,Kolkata,East,Inbound,SUP_03,,2026-01-13,,122,711.8,4026,,Completed
MOV004110,SKU_0175,WH_05,Hyderabad,South,Outbound,,CUST_047,2026-05-25,2026-05-27,17,966.85,1540,,Cancelled
MOV000407,SKU_0158,WH_02,Mumbai,West,Inbound,SUP_12,,2026-03-28,2026-03-28,177,1796.98,1414,1591,Pending
MOV001638,SKU_0188,WH_01,Bengaluru,South,Outbound,,CUST_015,2026-04-15,2026-04-16,295,115.66,2242,1947,Completed
MOV000140,SKU_0052,WH_06,Pune,West,Inbound,SUP_01,,2026-04-18,2026-04-18,469,1864.5,109,578,Completed
MOV002418,SKU_0069,WH_02,Mumbai,West,Transfer,,,2026-04-17,2026-04-17,350,386.84,3204,2854,Completed
MOV004622,SKU_0263,WH_02,Mumbai,West,Transfer,,,2026-03-19,2026-03-20,69,737.93,3373,3304,Completed
MOV002857,SKU_0283,WH_06,Pune,West,Outbound,,CUST_056,2026-05-03,2026-05-05,484,1669.59,1626,,Cancelled
MOV002076,SKU_0195,WH_04,Kolkata,East,Outbound,,CUST_023,2026-01-15,2026-01-15,232,852.17,1889,,Completed
MOV000656,SKU_0216,WH_05,Hyderabad,South,Adjustment,,,2026-04-06,2026-04-09,290,875.21,4425,4135,Completed
MOV000815,SKU_0105,WH_06,Pune,West,Inbound,SUP_02,,2026-05-24,2026-05-26,482,1541.05,3128,,Cancelled
MOV000622,SKU_0174,WH_03,Delhi,North,Adjustment,,,2026-03-26,2026-03-28,73,392.89,189,116,Completed
MOV004406,SKU_0182,WH_01,Bengaluru,South,Outbound,,CUST_003,2026-01-25,2026-01-28,290,1963.55,1634,1344,Completed
MOV004986,SKU_0100,WH_05,Hyderabad,South,Outbound,,CUST_069,2026-05-29,2026-05-29,441,377.16,1377,936,Completed
MOV004758,SKU_0191,WH_01,Bengaluru,South,Outbound,,CUST_061,2026-02-07,2026-02-07,178,1964.96,1429,1251,Completed
MOV002176,SKU_0069,WH_05,Hyderabad,South,Inbound,SUP_09,,2026-04-04,2026-04-06,214,9813.45,1811,2025,Completed
MOV003432,SKU_0032,WH_03,Delhi,North,Inbound,SUP_07,,2026-03-31,2026-04-01,58,894.87,854,912,Pending
MOV004601,SKU_0286,WH_03,Delhi,North,Outbound,,CUST_002,2026-06-20,2026-06-23,338,1128.9,2719,2381,Completed
MOV002587,SKU_0161,WH_01,Bengaluru,South,Outbound,,CUST_027,2026-02-01,2026-02-01,222,796.18,1931,1709,Completed
MOV002106,SKU_0287,WH_06,Pune,West,Adjustment,,,2026-05-30,2026-05-30,280,730.36,3588,3868,Completed
MOV000455,SKU_0081,WH_02,Mumbai,West,Inbound,SUP_10,,2026-02-01,2026-02-02,159,1030.46,4705,4864,Completed
MOV004605,SKU_0214,WH_01,Bengaluru,South,Outbound,,CUST_001,2026-01-28,2026-01-30,27,199.57,586,559,Completed
MOV001886,SKU_0291,WH_02,Mumbai,West,Outbound,,CUST_042,2026-02-01,2026-02-01,280,1970.5,3849,3569,Completed
MOV004377,SKU_0128,WH_06,Pune,West,Inbound,SUP_12,,2026-06-06,2026-06-06,35,920.79,3822,3857,Completed
MOV003764,SKU_0269,WH_06,Pune,West,Transfer,,,2026-03-19,,91,1400.42,3704,3613,Completed
MOV001876,SKU_0244,WH_02,Mumbai,West,Outbound,,CUST_013,2026-05-01,2026-05-01,134,1645.99,2298,2164,Completed
MOV003290,SKU_0147,WH_02,Mumbai,West,Inbound,SUP_05,,2026-05-05,2026-05-08,422,352.0,1832,2254,Completed
MOV004556,SKU_0160,WH_05,Hyderabad,South,Inbound,SUP_04,,2026-05-26,2026-05-27,488,470.81,2072,2560,Completed
MOV004080,SKU_0176,WH_02,Mumbai,West,Outbound,,CUST_091,2026-03-31,2026-04-03,227,542.28,3937,3710,Completed
MOV000469,SKU_0066,WH_05,Hyderabad,South,Inbound,SUP_07,,2026-06-20,2026-06-21,23,1087.06,2259,2282,Completed
MOV002910,SKU_0229,WH_06,Pune,West,Inbound,SUP_03,,2026-01-07,2026-01-08,252,1103.99,1481,1733,Discrepancy
MOV004209,SKU_0260,WH_01,Bengaluru,South,Outbound,,CUST_076,2026-05-03,2026-05-05,379,256.41,2903,2524,Completed
MOV003592,SKU_0273,WH_02,Mumbai,West,Inbound,SUP_02,,2026-02-16,2026-02-19,464,1382.91,490,954,Discrepancy
MOV003285,SKU_0073,WH_03,Delhi,North,Outbound,,CUST_063,2026-04-25,2026-04-28,195,1339.39,254,59,Completed
MOV002602,SKU_0286,WH_01,Bengaluru,South,Outbound,,CUST_034,2026-05-16,2026-05-19,61,1486.6,3338,3277,Completed
MOV001921,SKU_0140,WH_06,Pune,West,Inbound,SUP_11,,2026-04-13,2026-04-14,242,1191.38,2058,2300,Pending
MOV004953,SKU_0078,WH_03,Delhi,North,Outbound,,CUST_064,2026-01-05,2026-01-05,426,1099.04,1236,810,Completed
MOV001615,SKU_0060,WH_01,Bengaluru,South,Inbound,SUP_09,,2026-06-18,2026-06-18,219,11390.39,263,482,Completed
MOV002953,SKU_0048,WH_02,Mumbai,West,Return,,,2026-01-23,2026-01-23,467,664.12,4926,5393,Completed
MOV002115,SKU_0205,WH_04,Kolkata,East,Outbound,,CUST_088,2026-03-07,2026-03-07,458,1188.2,2041,,Completed
MOV003233,SKU_0030,WH_01,Bengaluru,South,Outbound,,CUST_093,2026-02-02,2026-02-05,472,1301.76,4823,4351,Completed
MOV001389,SKU_0230,WH_05,Hyderabad,South,Inbound,SUP_05,,2026-02-18,2026-02-19,371,1936.52,3820,4191,Completed
MOV004347,SKU_0178,WH_04,Kolkata,East,Transfer,,,2026-02-26,2026-03-01,43,1150.56,2297,,Completed
MOV000223,SKU_0070,WH_05,Hyderabad,South,Adjustment,,,2026-03-06,2026-03-07,30,130.44,4643,,Cancelled
MOV000671,SKU_0199,WH_05,Hyderabad,South,Outbound,,CUST_092,2026-06-28,2026-06-28,420,1055.88,4418,3998,Completed
MOV004302,SKU_0283,WH_02,Mumbai,West,Return,,,2026-03-14,2026-03-14,86,1316.97,1728,1814,Completed
MOV003573,SKU_0276,WH_04,Kolkata,East,Transfer,,,2026-02-21,2026-02-22,37,1291.76,2596,,Completed
MOV002787,SKU_0188,WH_03,Delhi,North,Transfer,,,2026-05-29,2026-05-30,44,1495.95,3193,3149,Completed
MOV004717,SKU_0284,WH_04,Kolkata,East,Inbound,SUP_10,,2026-06-04,2026-06-07,87,50.19,1630,,Cancelled
MOV000215,SKU_0287,WH_03,Delhi,North,Inbound,SUP_03,,2026-06-13,2026-06-14,279,557.54,486,765,Completed
MOV000421,SKU_0224,WH_03,Delhi,North,Outbound,,CUST_082,2026-02-25,2026-02-28,44,327.97,4831,4787,Completed
MOV004631,SKU_0122,WH_05,Hyderabad,South,Outbound,,CUST_077,2026-01-21,2026-01-24,132,693.29,4758,4626,Completed
MOV002342,SKU_0112,WH_05,Hyderabad,South,Adjustment,,,2026-03-03,2026-03-03,278,1539.19,4645,4367,Completed
MOV001847,SKU_0171,WH_03,Delhi,North,Adjustment,,,2026-03-04,2026-03-06,213,739.82,4909,4696,Completed
MOV004536,SKU_0206,WH_02,Mumbai,West,Transfer,,,2026-05-29,2026-06-01,308,1952.21,4988,,Cancelled
MOV001613,SKU_0205,WH_06,Pune,West,Adjustment,,,2026-03-09,2026-03-09,421,374.97,968,1389,Completed
MOV000133,SKU_0240,WH_02,Mumbai,West,Transfer,,,2026-03-05,2026-03-08,85,1102.11,54,-31,Completed
MOV002681,SKU_0191,WH_02,Mumbai,West,Return,,,2026-02-07,2026-02-07,234,1903.93,3358,3592,Completed
MOV001076,SKU_0222,WH_01,Bengaluru,South,Outbound,,CUST_080,2026-05-11,2026-05-14,485,1785.71,3031,2546,Completed
MOV002227,SKU_0234,WH_02,Mumbai,West,Outbound,,CUST_073,2026-04-20,2026-04-23,24,1009.59,3654,3630,Completed
MOV001213,SKU_0248,WH_01,Bengaluru,South,Adjustment,,,2026-05-28,2026-05-29,352,725.33,1193,1545,Completed
MOV003121,SKU_0211,WH_02,Mumbai,West,Inbound,SUP_08,,2026-06-15,2026-06-15,102,1688.91,1962,2064,Completed
MOV002086,SKU_0101,WH_02,Mumbai,West,Inbound,SUP_05,,2026-05-03,2026-05-03,295,223.39,2870,,Cancelled
MOV001600,SKU_0262,WH_06,Pune,West,Inbound,SUP_04,,2026-02-09,2026-02-10,380,1776.24,3085,3465,Completed
MOV004693,SKU_0116,WH_04,Kolkata,East,Inbound,SUP_02,,2026-06-14,,259,1606.75,522,,Completed
MOV000605,SKU_0163,WH_02,Mumbai,West,Inbound,SUP_01,,2026-02-17,2026-02-18,156,623.99,888,1044,Completed
MOV001153,SKU_0217,WH_06,Pune,West,Outbound,,CUST_085,2026-04-23,2026-04-26,169,1777.84,4376,4207,Completed
MOV003109,SKU_0166,WH_04,Kolkata,East,Inbound,SUP_10,,2026-03-17,2026-03-17,165,1590.5,3454,-6,Completed
MOV003698,SKU_0145,WH_05,Hyderabad,South,Transfer,,,2026-04-10,2026-04-10,42,1410.31,2267,2225,Pending
MOV004876,SKU_0211,WH_03,Delhi,North,Outbound,,CUST_002,2026-01-31,2026-01-31,292,795.63,3114,2822,Completed
MOV002603,SKU_0007,WH_01,Bengaluru,South,Return,,,2026-06-14,2026-06-16,462,423.9,3196,3658,Completed
MOV004325,SKU_0124,WH_05,Hyderabad,South,Inbound,SUP_09,,2026-06-05,2026-06-06,28,1005.61,4824,4852,Completed
MOV002900,SKU_0074,WH_05,Hyderabad,South,Return,,,2026-01-16,2026-01-18,487,1064.36,2698,3185,Completed
MOV003836,SKU_0244,WH_06,Pune,West,Inbound,SUP_06,,2026-06-05,2026-06-08,424,950.47,1970,2394,Completed
MOV004092,SKU_0114,WH_02,Mumbai,West,Transfer,,,2026-05-29,2026-05-31,271,686.25,1430,1159,Completed
MOV000200,SKU_0156,WH_04,Kolkata,East,Outbound,,CUST_064,2026-01-18,2026-01-19,347,810.1,4790,,Completed
MOV001604,SKU_0280,WH_01,Bengaluru,South,Inbound,SUP_02,,2026-03-04,2026-03-07,434,1818.53,2942,3376,Discrepancy
MOV002853,SKU_0026,WH_03,Delhi,North,Adjustment,,,2026-03-20,2026-03-21,134,541.81,4753,4619,Completed
MOV001188,SKU_0102,WH_03,Delhi,North,Outbound,,CUST_045,2026-02-06,2026-02-09,276,215.98,753,477,Pending
MOV003129,SKU_0058,WH_02,Mumbai,West,Outbound,,CUST_043,2026-05-27,2026-05-30,283,456.53,2636,2353,Completed
MOV000524,SKU_0042,WH_02,Mumbai,West,Transfer,,,2026-01-20,2026-01-21,427,750.84,2192,,Cancelled
MOV003548,SKU_0149,WH_03,Delhi,North,Outbound,,CUST_032,2026-01-02,2026-01-05,274,1753.4,2123,1849,Completed
MOV002404,SKU_0174,WH_01,Bengaluru,South,Adjustment,,,2026-06-28,2026-06-30,247,284.69,4079,4326,Completed
MOV001650,SKU_0291,WH_01,Bengaluru,South,Transfer,,,2026-01-06,2026-01-07,456,935.96,1621,1165,Discrepancy
MOV002544,SKU_0127,WH_03,Delhi,North,Return,,,2026-06-19,2026-06-21,285,1620.34,1481,1766,Completed
MOV004476,SKU_0253,WH_02,Mumbai,West,Inbound,SUP_11,,2026-05-05,2026-05-06,119,1878.16,4997,5116,Completed
MOV002642,SKU_0292,WH_01,Bengaluru,South,Outbound,,CUST_096,2026-04-02,2026-04-03,465,771.51,4679,4214,Discrepancy
MOV002347,SKU_0073,WH_03,Delhi,North,Adjustment,,,2026-04-11,2026-04-12,80,1539.1,1206,1286,Completed
MOV000264,SKU_0172,WH_01,Bengaluru,South,Outbound,,CUST_026,2026-06-10,2026-06-10,20,312.92,4875,4855,Completed
MOV001286,SKU_0101,WH_03,Delhi,North,Transfer,,,2026-04-06,2026-04-09,408,1096.55,4680,4272,Completed
MOV003917,SKU_0062,WH_04,Kolkata,East,Inbound,SUP_07,,2026-05-26,2026-05-26,8,516.97,3879,,Pending
MOV004259,SKU_0004,WH_04,Kolkata,East,Outbound,,CUST_069,2026-01-28,2026-01-29,258,1365.87,3059,,Completed
MOV003231,SKU_0172,WH_04,Kolkata,East,Inbound,SUP_11,,2026-04-06,2026-04-06,220,1769.73,509,,Completed
MOV000733,SKU_0138,WH_03,Delhi,North,Outbound,,CUST_002,2026-06-11,2026-06-11,361,1061.88,4056,3695,Completed
MOV002614,SKU_0297,WH_01,Bengaluru,South,Inbound,SUP_08,,2026-01-22,2026-01-24,310,1501.4,3870,4180,Completed
MOV004740,SKU_0114,WH_02,Mumbai,West,Outbound,,CUST_064,2026-01-21,2026-01-22,87,66.27,4100,4013,Completed
MOV000883,SKU_0234,WH_03,Delhi,North,Adjustment,,,2026-04-07,2026-04-07,72,1579.28,2471,2543,Completed
MOV003398,SKU_0157,WH_01,Bengaluru,South,Inbound,SUP_10,,2026-01-21,2026-01-21,136,1610.47,1791,1927,Completed
MOV004726,SKU_0082,WH_01,Bengaluru,South,Transfer,,,2026-01-16,2026-01-16,204,1772.67,2204,2000,Completed
MOV003268,SKU_0285,WH_03,Delhi,North,Adjustment,,,2026-04-22,2026-04-24,327,1265.39,180,-147,Completed
MOV001185,SKU_0242,WH_03,Delhi,North,Outbound,,CUST_041,2026-02-05,2026-02-07,213,1861.78,1102,889,Completed
MOV001457,SKU_0279,WH_05,Hyderabad,South,Inbound,SUP_12,,2026-01-11,2026-01-13,255,1090.1,2985,3240,Completed
MOV002133,SKU_0199,WH_06,Pune,West,Outbound,,CUST_065,2026-04-09,2026-04-12,80,456.64,3140,3060,Completed
MOV003497,SKU_0050,WH_01,Bengaluru,South,Outbound,,CUST_029,2026-05-01,2026-05-04,383,63.67,352,-31,Completed
MOV002147,SKU_0030,WH_05,Hyderabad,South,Outbound,,CUST_045,2026-06-08,2026-06-09,221,1184.9,4,-217,Completed
MOV003182,SKU_0269,WH_01,Bengaluru,South,Transfer,,,2026-04-14,2026-04-16,232,1464.74,3979,,Cancelled
MOV001891,SKU_0218,WH_01,Bengaluru,South,Outbound,,CUST_016,2026-03-12,2026-03-14,135,1709.37,1919,1784,Completed
MOV001983,SKU_0220,WH_05,Hyderabad,South,Return,,,2026-01-19,2026-01-20,447,1608.04,4781,5228,Completed
MOV003984,SKU_0108,WH_05,Hyderabad,South,Adjustment,,,2026-01-04,2026-01-04,108,968.41,4457,4565,Completed
MOV003029,SKU_0135,WH_04,Kolkata,East,Transfer,,,2026-02-04,2026-02-05,134,1708.17,1990,,Pending
MOV001292,SKU_0225,WH_01,Bengaluru,South,Outbound,,CUST_024,2026-02-26,2026-02-26,345,833.83,962,617,Completed
MOV003039,SKU_0229,WH_03,Delhi,North,Inbound,SUP_03,,2026-04-27,2026-04-29,321,484.56,606,927,Discrepancy
MOV003160,SKU_0213,WH_02,Mumbai,West,Inbound,SUP_01,,2026-01-02,2026-01-03,269,1577.54,4521,4790,Completed
MOV002272,SKU_0288,WH_05,Hyderabad,South,Outbound,,CUST_080,2026-02-27,2026-02-28,169,1203.39,1550,,Cancelled
MOV003186,SKU_0243,WH_06,Pune,West,Return,,,2026-05-12,2026-05-14,466,104.85,299,765,Completed
MOV004082,SKU_0290,WH_02,Mumbai,West,Outbound,,CUST_075,2026-04-28,2026-04-29,418,1777.01,4327,3909,Completed
MOV000068,SKU_0170,WH_04,Kolkata,East,Inbound,SUP_01,,2026-01-21,2026-01-23,42,735.36,1013,,Completed
MOV000886,SKU_0126,WH_06,Pune,West,Adjustment,,,2026-05-19,2026-05-22,123,177.13,3226,3349,Completed
MOV002444,SKU_0270,WH_02,Mumbai,West,Transfer,,,2026-01-03,2026-01-03,260,1914.54,1782,1522,Completed
MOV002781,SKU_0190,WH_05,Hyderabad,South,Outbound,,CUST_003,2026-05-31,2026-05-31,201,1134.24,3587,3386,Completed
MOV003534,SKU_0066,WH_06,Pune,West,Inbound,SUP_02,,2026-01-31,2026-02-01,86,77.94,3863,3949,Completed
MOV000802,SKU_0191,WH_05,Hyderabad,South,Adjustment,,,2026-04-12,2026-04-13,188,488.6,1400,1588,Pending
MOV002883,SKU_0075,WH_06,Pune,West,Inbound,SUP_11,,2026-04-01,2026-04-02,471,1137.75,4702,5173,Completed
MOV000484,SKU_0190,WH_01,Bengaluru,South,Outbound,,CUST_069,2026-06-14,2026-06-16,71,690.45,933,862,Completed
MOV000945,SKU_0060,WH_03,Delhi,North,Outbound,,CUST_059,2026-06-27,2026-06-30,227,1201.53,4643,,Cancelled
MOV002112,SKU_0189,WH_05,Hyderabad,South,Outbound,,CUST_047,2026-03-17,2026-03-20,458,406.85,2627,2169,Completed
MOV001154,SKU_0221,WH_06,Pune,West,Inbound,SUP_09,,2026-04-12,2026-04-14,152,2197.92,4539,4691,Completed
MOV002246,SKU_0109,WH_03,Delhi,North,Inbound,SUP_06,,2026-05-06,2026-05-09,348,384.61,686,1034,Completed
MOV004074,SKU_0236,WH_02,Mumbai,West,Adjustment,,,2026-01-13,2026-01-14,247,1865.3,1921,2168,Completed
MOV001303,SKU_0215,WH_03,Delhi,North,Outbound,,CUST_098,2026-02-03,2026-02-04,61,408.04,3999,3938,Completed
MOV004523,SKU_0046,WH_01,Bengaluru,South,Transfer,,,2026-03-19,2026-03-20,461,1961.32,828,367,Completed
MOV001484,SKU_0220,WH_02,Mumbai,West,Outbound,,CUST_069,2026-04-05,2026-04-06,79,857.49,3023,,Cancelled
MOV002560,SKU_0191,WH_04,Kolkata,East,Outbound,,CUST_047,2026-06-17,2026-06-19,105,352.5,3144,3039,Completed
MOV001735,SKU_0149,WH_01,Bengaluru,South,Adjustment,,,2026-01-17,2026-01-20,192,1280.59,1536,1344,Completed
MOV003419,SKU_0258,WH_02,Mumbai,West,Outbound,,CUST_058,2026-05-24,2026-05-26,135,422.7,2612,2477,Completed
MOV004701,SKU_0119,WH_02,Mumbai,West,Return,,,2026-02-07,2026-02-07,189,1898.71,2372,2561,Completed
MOV002898,SKU_0199,WH_04,Kolkata,East,Return,,,2026-05-25,2026-05-27,293,718.76,2056,,Completed
MOV004154,SKU_0255,WH_06,Pune,West,Transfer,,,2026-01-01,2026-01-03,387,1918.69,3328,2941,Completed
MOV003089,SKU_0032,WH_03,Delhi,North,Transfer,,,2026-06-09,2026-06-11,368,1177.56,1968,1600,Completed
MOV001899,SKU_0075,WH_01,Bengaluru,South,Transfer,,,,2026-04-30,177,1350.09,2966,2789,Completed
MOV000513,SKU_0104,WH_02,Mumbai,West,Outbound,,CUST_098,2026-06-06,2026-06-08,186,347.66,4253,4067,Completed
MOV003381,SKU_0171,WH_01,Bengaluru,South,Inbound,SUP_08,,2026-05-20,2026-05-23,311,191.46,865,1176,Pending
MOV002985,SKU_0239,WH_06,Pune,West,Inbound,SUP_05,,2026-05-13,2026-05-14,203,1843.7,3614,3817,Completed
MOV001139,SKU_0205,WH_04,Kolkata,East,Outbound,,CUST_100,2026-02-03,2026-02-04,208,509.43,3814,3606,Pending
MOV001905,SKU_0242,WH_05,Hyderabad,South,Transfer,,,2026-05-05,2026-05-07,32,1294.68,2278,2246,Completed
MOV000106,SKU_0040,WH_05,Hyderabad,South,Adjustment,,,2026-02-07,2026-02-07,14,268.19,1325,1339,Discrepancy
MOV003963,SKU_0033,WH_03,Delhi,North,Transfer,,,2026-06-21,2026-06-24,125,436.05,100,-25,Pending
MOV004595,SKU_0280,WH_04,Kolkata,East,Inbound,SUP_09,,2026-01-12,2026-01-15,224,14873.65,1762,,Pending
MOV004713,SKU_0041,WH_06,Pune,West,Transfer,,,2026-06-09,2026-06-09,244,1132.95,4089,3845,Discrepancy
MOV002500,SKU_0014,WH_04,Kolkata,East,Inbound,SUP_09,,2026-01-12,2026-01-13,354,2030.88,4620,,Pending
MOV004553,SKU_0165,WH_01,Bengaluru,South,Inbound,SUP_12,,2026-05-14,2026-05-17,312,1686.46,295,607,Completed
MOV002510,SKU_0138,WH_01,Bengaluru,South,Return,,,2026-06-03,2026-06-03,309,601.5,3400,3709,Completed
MOV003487,SKU_0152,WH_04,Kolkata,East,Transfer,,,2026-03-21,2026-03-23,437,387.63,606,,Completed
MOV001337,SKU_0043,WH_01,Bengaluru,South,Outbound,,CUST_036,2026-01-16,2026-01-17,283,1297.12,3415,3132,Completed
MOV004153,SKU_0102,WH_01,Bengaluru,South,Outbound,,CUST_027,2026-02-28,2026-02-28,374,542.95,3005,-168,Completed
MOV004083,SKU_0069,WH_01,Bengaluru,South,Adjustment,,,2026-04-21,2026-04-21,73,1927.38,965,1038,Completed
MOV002194,SKU_0147,WH_06,Pune,West,Outbound,,CUST_079,2026-04-11,2026-04-12,297,334.79,855,558,Completed
MOV001580,SKU_0080,WH_05,Hyderabad,South,Inbound,SUP_05,,2026-03-17,2026-03-18,332,545.62,4891,5223,Pending
MOV001202,SKU_0113,WH_05,Hyderabad,South,Transfer,,,2026-05-03,2026-05-05,497,144.73,2612,2115,Completed
MOV000370,SKU_0052,WH_01,Bengaluru,South,Outbound,,CUST_060,2026-04-28,2026-04-29,39,1623.13,2603,2564,Completed
MOV002972,SKU_0016,WH_03,Delhi,North,Inbound,SUP_11,,2026-04-03,2026-04-03,28,1386.74,2612,2640,Completed
MOV004886,SKU_0212,WH_05,Hyderabad,South,Return,,,2026-02-03,2026-02-03,157,1082.74,2514,2671,Completed
MOV000651,SKU_0098,WH_06,Pune,West,Outbound,,CUST_049,2026-05-16,2026-05-16,337,81.48,4701,,Cancelled
MOV001627,SKU_0227,WH_04,Kolkata,East,Adjustment,,,2026-06-27,2026-06-29,90,1012.93,1928,,Completed
MOV003236,SKU_0222,WH_06,Pune,West,Outbound,,CUST_099,2026-05-06,2026-05-08,237,1017.87,4718,4481,Completed
MOV004372,SKU_0270,WH_03,Delhi,North,Inbound,SUP_06,,2026-05-30,2026-06-02,237,439.47,790,1027,Completed
MOV002841,SKU_0237,WH_01,Bengaluru,South,Inbound,SUP_01,,2026-03-13,2026-03-16,345,526.89,4632,4977,Completed
MOV001967,SKU_0140,WH_06,Pune,West,Transfer,,,2026-03-11,2026-03-14,85,261.67,4214,4129,Discrepancy
MOV003986,SKU_0263,WH_06,Pune,West,Transfer,,,2026-06-20,2026-06-22,283,470.33,3402,3119,Completed
MOV004906,SKU_0108,WH_05,Hyderabad,South,Inbound,SUP_09,,2026-04-10,2026-04-12,155,17333.14,2154,2309,Completed
MOV002845,SKU_0116,WH_05,Hyderabad,South,Outbound,,CUST_077,2026-06-22,2026-06-23,246,621.98,1764,1518,Completed
MOV003942,SKU_0022,WH_04,Kolkata,East,Outbound,,CUST_060,2026-06-11,2026-06-12,139,1880.09,4592,,Cancelled
MOV003383,SKU_0239,WH_04,Kolkata,East,Inbound,SUP_02,,2026-03-16,2026-03-19,180,1849.15,2438,,Completed
MOV004755,SKU_0238,WH_05,Hyderabad,South,Transfer,,,2026-06-27,2026-06-30,202,94.21,1454,1252,Completed
MOV001340,SKU_0160,WH_03,Delhi,North,Inbound,SUP_07,,2026-02-07,2026-02-09,460,1869.39,4189,,Cancelled
MOV004959,SKU_0059,WH_02,Mumbai,West,Inbound,SUP_11,,2026-03-02,2026-03-05,187,909.57,462,649,Completed
MOV002043,SKU_0288,WH_04,Kolkata,East,Return,,,2026-06-07,2026-06-08,62,1344.85,1362,1424,Completed
MOV000621,SKU_0251,WH_02,Mumbai,West,Inbound,SUP_06,,2026-06-06,2026-06-06,169,62.2,2894,3063,Discrepancy
MOV003929,SKU_0112,WH_06,Pune,West,Outbound,,CUST_077,2026-03-10,2026-03-12,277,1541.48,2359,,Cancelled
MOV000086,SKU_0114,WH_05,Hyderabad,South,Outbound,,CUST_026,2026-05-02,2026-05-03,290,475.37,3274,2984,Discrepancy
MOV002324,SKU_0016,WH_01,Bengaluru,South,Outbound,,CUST_011,2026-03-01,2026-03-01,493,319.4,348,-145,Completed
MOV002952,SKU_0030,WH_02,Mumbai,West,Adjustment,,,2026-02-04,2026-02-06,176,1759.58,2303,2127,Completed
MOV002935,SKU_0231,WH_05,Hyderabad,South,Return,,,2026-06-20,2026-06-22,290,846.99,1429,1719,Pending
MOV003766,SKU_0278,WH_05,Hyderabad,South,Return,,,2026-02-16,2026-02-18,306,570.92,3902,4208,Discrepancy
MOV000874,SKU_0240,WH_06,Pune,West,Outbound,,CUST_004,2026-01-27,2026-01-27,246,1796.71,388,142,Completed
MOV000791,SKU_0072,WH_04,Kolkata,East,Adjustment,,,2026-04-22,2026-04-24,334,786.55,4329,,Completed
MOV001015,SKU_0071,WH_03,Delhi,North,Outbound,,CUST_037,2026-06-05,2026-06-07,367,1735.99,3839,3472,Completed
MOV000411,SKU_0266,WH_01,Bengaluru,South,Outbound,,CUST_054,2026-01-04,2026-01-05,107,456.42,4446,4339,Completed
MOV000493,SKU_0226,WH_05,Hyderabad,South,Transfer,,,2026-03-13,2026-03-13,416,164.88,2345,1929,Completed
MOV000180,SKU_0063,WH_05,Hyderabad,South,Inbound,SUP_04,,2026-01-11,2026-01-13,58,645.55,1367,1425,Completed
MOV001655,SKU_0243,WH_06,Pune,West,Inbound,SUP_10,,2026-02-01,2026-02-01,423,1962.78,4641,5064,Completed
MOV003955,SKU_0012,WH_04,Kolkata,East,Outbound,,CUST_094,2026-04-23,2026-04-26,283,544.36,1389,,Completed
MOV003413,SKU_0072,WH_02,Mumbai,West,Inbound,SUP_05,,2026-04-01,2026-04-03,467,485.57,54,521,Completed
MOV001431,SKU_0184,WH_03,Delhi,North,Outbound,,CUST_065,2026-02-04,2026-02-06,273,1293.95,1599,1326,Discrepancy
MOV004937,SKU_0081,WH_04,Kolkata,East,Outbound,,CUST_081,2026-01-17,2026-01-18,191,983.02,3931,,Pending
MOV002508,SKU_0167,WH_05,Hyderabad,South,Inbound,SUP_10,,2026-05-14,2026-05-15,367,432.48,2282,2649,Completed
MOV000259,SKU_0193,WH_06,Pune,West,Outbound,,CUST_029,2026-01-08,2026-01-10,11,561.53,3553,3542,Completed
MOV004719,SKU_0298,WH_02,Mumbai,West,Outbound,,CUST_045,2026-05-02,2026-05-03,379,628.16,1486,1107,Completed
MOV002571,SKU_0136,WH_06,Pune,West,Inbound,SUP_10,,2026-01-06,2026-01-09,152,1293.84,2817,2969,Completed
MOV000138,SKU_0045,WH_01,Bengaluru,South,Outbound,,CUST_071,2026-04-14,2026-04-14,205,635.79,50,-155,Completed
MOV004990,SKU_0145,WH_02,Mumbai,West,Return,,,2026-03-27,2026-03-27,309,1705.11,4269,4578,Completed
MOV000165,SKU_0109,WH_05,Hyderabad,South,Outbound,,CUST_037,2026-01-31,2026-02-02,387,443.16,2984,2597,Completed
MOV001172,SKU_0231,WH_05,Hyderabad,South,Inbound,SUP_05,,2026-05-15,2026-05-18,251,844.17,499,750,Completed
MOV002480,SKU_0007,WH_04,Kolkata,East,Adjustment,,,2026-02-05,2026-02-07,146,517.53,1748,,Completed
MOV002794,SKU_0247,WH_04,Kolkata,East,Transfer,,,2026-04-17,2026-04-18,435,1007.1,4724,4289,Completed
MOV002128,SKU_0116,WH_04,Kolkata,East,Inbound,SUP_04,,2026-01-24,2026-01-27,137,1168.15,1080,,Completed
MOV000247,SKU_0041,WH_05,Hyderabad,South,Inbound,SUP_10,,2026-04-01,2026-04-04,183,1942.58,3508,3691,Completed
MOV001723,SKU_0181,WH_02,Mumbai,West,Inbound,SUP_12,,2026-01-13,2026-01-14,391,1326.59,555,946,Completed
MOV004952,SKU_0145,WH_03,Delhi,North,Inbound,SUP_11,,2026-05-12,2026-05-15,347,910.07,1440,1787,Pending
MOV000898,SKU_0219,WH_03,Delhi,North,Outbound,,CUST_029,2026-02-05,2026-02-05,211,1615.94,2251,2040,Pending
MOV000038,SKU_0151,WH_01,Bengaluru,South,Outbound,,CUST_021,2026-03-10,2026-03-13,2,563.32,2694,2692,Discrepancy
MOV001913,SKU_0033,WH_04,Kolkata,East,Return,,,2026-04-20,2026-04-21,392,1127.44,2536,,Completed
MOV002575,SKU_0252,WH_06,Pune,West,Outbound,,CUST_039,2026-03-29,2026-03-31,460,756.57,994,534,Completed
MOV001235,SKU_0216,WH_04,Kolkata,East,Outbound,,CUST_080,2026-06-03,2026-06-04,263,246.15,2835,,Completed
MOV001174,SKU_0093,WH_06,Pune,West,Inbound,SUP_06,,2026-04-08,2026-04-09,323,1177.96,2180,2503,Pending
MOV004281,SKU_0002,WH_03,Delhi,North,Transfer,,,2026-05-08,2026-05-08,393,1129.08,1994,1601,Completed
MOV004380,SKU_0223,WH_03,Delhi,North,Outbound,,CUST_058,2026-02-27,2026-02-27,84,1593.23,2335,2251,Completed
MOV004274,SKU_0120,WH_03,Delhi,North,Inbound,SUP_09,,2026-06-29,2026-06-29,51,10053.12,2832,2883,Completed
MOV004955,SKU_0241,WH_04,Kolkata,East,Adjustment,,,2026-03-26,2026-03-29,204,313.49,4358,4154,Discrepancy
MOV002701,SKU_0005,WH_05,Hyderabad,South,Inbound,SUP_12,,2026-02-10,2026-02-13,136,95.47,2614,2750,Completed
MOV000858,SKU_0122,WH_04,Kolkata,East,Inbound,SUP_12,,2026-05-10,2026-05-11,29,396.17,4671,,Completed
MOV004404,SKU_0271,WH_04,Kolkata,East,Adjustment,,,2026-01-10,2026-01-10,115,1887.13,2760,,Completed
MOV003885,SKU_0254,WH_05,Hyderabad,South,Outbound,,CUST_079,2026-05-20,2026-05-20,196,1242.06,4570,4374,Completed
MOV002574,SKU_0169,WH_04,Kolkata,East,Adjustment,,,2026-06-08,2026-06-08,458,1865.56,4377,,Completed
MOV000027,SKU_0201,WH_04,Kolkata,East,Outbound,,CUST_086,2026-03-03,2026-03-06,38,464.75,2480,2442,Pending
MOV004931,SKU_0127,WH_04,Kolkata,East,Outbound,,CUST_057,2026-01-14,2026-01-14,281,84.95,3593,,Completed
MOV002221,SKU_0207,WH_05,Hyderabad,South,Transfer,,,2026-06-10,2026-06-11,197,486.41,4633,4436,Completed
MOV004794,SKU_0069,WH_03,Delhi,North,Return,,,2026-02-06,2026-02-06,268,268.67,4094,4362,Pending
MOV003462,SKU_0034,WH_02,Mumbai,West,Transfer,,,,2026-03-19,13,1943.16,3536,3523,Completed
MOV004123,SKU_0076,WH_02,Mumbai,West,Inbound,SUP_06,,2026-04-16,2026-04-16,10,535.26,2460,,Cancelled
MOV004761,SKU_0211,WH_01,Bengaluru,South,Inbound,SUP_05,,2026-03-19,2026-03-22,197,706.74,1314,,Cancelled
MOV004342,SKU_0013,WH_05,Hyderabad,South,Outbound,,CUST_080,2026-01-26,2026-01-28,26,791.68,1735,1709,Completed
MOV000173,SKU_0053,WH_03,Delhi,North,Inbound,SUP_01,,2026-01-05,2026-01-05,475,1412.99,1598,2073,Completed
MOV004081,SKU_0209,WH_04,Kolkata,East,Transfer,,,2026-06-29,2026-06-30,419,1796.73,3931,,Completed
MOV000122,SKU_0210,WH_05,Hyderabad,South,Transfer,,,2026-02-16,2026-02-18,399,70.73,4012,,Cancelled
MOV002949,SKU_0003,WH_01,Bengaluru,South,Outbound,,CUST_041,2026-01-23,2026-01-24,200,633.14,2435,2235,Completed
MOV003355,SKU_0108,WH_01,Bengaluru,South,Outbound,,CUST_006,2026-06-06,2026-06-09,435,1763.4,2604,2169,Completed
MOV003755,SKU_0260,WH_02,Mumbai,West,Transfer,,,2026-03-06,2026-03-08,500,1799.37,3463,2963,Completed
MOV003446,SKU_0180,WH_02,Mumbai,West,Adjustment,,,2026-06-06,2026-06-07,383,1147.31,1242,859,Completed
MOV004008,SKU_0214,WH_04,Kolkata,East,Outbound,,CUST_051,2026-06-23,2026-06-26,486,319.62,2419,,Completed
MOV003508,SKU_0087,WH_04,Kolkata,East,Outbound,,CUST_014,2026-06-26,2026-06-26,37,1431.47,3164,,Completed
MOV000695,SKU_0238,WH_02,Mumbai,West,Outbound,,CUST_036,2026-01-14,2026-01-15,36,1379.12,1748,1712,Completed
MOV001998,SKU_0227,WH_03,Delhi,North,Outbound,,CUST_020,2026-01-07,2026-01-07,228,1852.42,4920,4692,Completed
MOV002279,SKU_0133,WH_01,Bengaluru,South,Adjustment,,,2026-04-23,2026-04-23,474,1334.28,4827,5301,Completed
MOV000465,SKU_0123,WH_01,Bengaluru,South,Inbound,SUP_12,,2026-03-10,2026-03-12,88,1406.18,3004,3092,Completed
MOV000996,SKU_0292,WH_05,Hyderabad,South,Outbound,,CUST_033,2026-01-23,2026-01-24,132,1493.81,323,191,Completed
MOV000950,SKU_0108,WH_03,Delhi,North,Transfer,,,2026-03-21,2026-03-22,54,1232.21,3709,3655,Completed
MOV004102,SKU_0119,WH_01,Bengaluru,South,Inbound,SUP_12,,2026-04-17,2026-04-17,191,1026.43,2722,2913,Completed
MOV002417,SKU_0210,WH_06,Pune,West,Inbound,SUP_09,,2026-02-13,2026-02-14,305,8781.31,4786,5091,Completed
MOV003990,SKU_0228,WH_01,Bengaluru,South,Inbound,SUP_12,,2026-04-02,2026-04-03,366,1931.03,4003,4369,Completed
MOV004881,SKU_0156,WH_02,Mumbai,West,Adjustment,,,2026-04-08,2026-04-09,202,1325.46,1381,1179,Completed
MOV000206,SKU_0063,WH_06,Pune,West,Outbound,,CUST_070,2026-03-11,2026-03-14,15,1332.17,4650,-182,Completed
MOV003494,SKU_0051,WH_05,Hyderabad,South,Adjustment,,,2026-05-16,2026-05-19,285,301.74,4733,-85,Discrepancy
MOV004216,SKU_0268,WH_02,Mumbai,West,Transfer,,,2026-03-16,2026-03-19,109,849.39,67,-42,Completed
MOV004772,SKU_0128,WH_05,Hyderabad,South,Outbound,,CUST_025,2026-04-28,2026-05-01,178,1424.54,4824,4646,Completed
MOV001228,SKU_0103,WH_01,Bengaluru,South,Adjustment,,,2026-04-29,2026-05-01,239,687.67,4151,,Cancelled
MOV003225,SKU_0287,WH_05,Hyderabad,South,Outbound,,CUST_059,2026-06-19,2026-06-19,247,1222.73,2205,1958,Completed
MOV001148,SKU_0089,WH_04,Kolkata,East,Return,,,2026-02-18,2026-02-20,34,1599.58,1508,,Completed
MOV001798,SKU_0053,WH_05,Hyderabad,South,Transfer,,,2026-04-14,2026-04-14,306,1017.39,4445,4139,Completed
MOV003388,SKU_0250,WH_05,Hyderabad,South,Inbound,SUP_06,,2026-06-22,2026-06-24,408,1113.49,3398,3806,Completed
MOV003512,SKU_0151,WH_06,Pune,West,Outbound,,CUST_063,2026-02-15,2026-02-15,500,818.41,2555,2055,Completed
MOV000024,SKU_0077,WH_02,Mumbai,West,Inbound,SUP_10,,2026-01-31,2026-01-31,167,1380.55,4347,4514,Completed
MOV001979,SKU_0238,WH_03,Delhi,North,Inbound,SUP_01,,2026-06-19,2026-06-21,425,1628.14,4373,4798,Completed
MOV000559,SKU_0229,WH_01,Bengaluru,South,Adjustment,,,2026-05-25,2026-05-26,339,154.69,1303,964,Completed
MOV003329,SKU_0299,WH_02,Mumbai,West,Inbound,SUP_03,,2026-01-29,2026-01-30,157,586.85,4003,,Cancelled
MOV001443,SKU_0084,WH_01,Bengaluru,South,Outbound,,CUST_092,2026-04-01,2026-04-04,303,892.4,4042,3739,Completed
MOV003241,SKU_0116,WH_04,Kolkata,East,Transfer,,,2026-06-22,2026-06-22,428,418.84,4427,,Completed
MOV003368,SKU_0196,WH_05,Hyderabad,South,Transfer,,,2026-03-06,2026-03-09,2,1077.64,1973,1971,Completed
MOV002942,SKU_0125,WH_03,Delhi,North,Outbound,,CUST_078,2026-01-15,2026-01-18,237,197.79,2087,1850,Completed
MOV003576,SKU_0145,WH_04,Kolkata,East,Outbound,,CUST_097,2026-06-13,2026-06-16,189,438.44,546,357,Completed
MOV002755,SKU_0134,WH_05,Hyderabad,South,Transfer,,,2026-05-06,2026-05-08,341,736.0,4189,3848,Completed
MOV002865,SKU_0084,WH_05,Hyderabad,South,Transfer,,,2026-03-11,2026-03-13,310,994.4,397,87,Pending
MOV000730,SKU_0189,WH_05,Hyderabad,South,Adjustment,,,2026-04-03,2026-04-03,185,1701.96,4159,4344,Completed
MOV001692,SKU_0178,WH_04,Kolkata,East,Outbound,,CUST_056,2026-05-03,2026-05-04,475,1516.63,1111,,Discrepancy
MOV002686,SKU_0039,WH_06,Pune,West,Outbound,,CUST_050,2026-04-16,2026-04-16,29,764.05,4203,4174,Completed
MOV004753,SKU_0212,WH_01,Bengaluru,South,Transfer,,,2026-03-03,2026-03-03,189,644.11,2737,2548,Completed
MOV002025,SKU_0150,WH_02,Mumbai,West,Outbound,,CUST_028,2026-01-29,2026-01-31,220,768.31,2857,2637,Completed
MOV001924,SKU_0093,WH_06,Pune,West,Return,,,2026-01-07,2026-01-08,264,1623.21,3005,3269,Completed
MOV000413,SKU_0052,WH_02,Mumbai,West,Transfer,,,2026-06-04,2026-06-04,113,765.11,3550,3437,Completed
MOV002805,SKU_0237,WH_02,Mumbai,West,Outbound,,CUST_054,2026-05-13,2026-05-14,43,1266.36,1792,1749,Completed
MOV001083,SKU_0248,WH_05,Hyderabad,South,Inbound,SUP_08,,2026-03-12,2026-03-12,153,571.56,2052,2205,Discrepancy
MOV002816,SKU_0225,WH_02,Mumbai,West,Outbound,,CUST_068,2026-02-10,2026-02-10,121,1762.76,4052,3931,Completed
MOV004087,SKU_0171,WH_04,Kolkata,East,Inbound,SUP_07,,2026-04-19,2026-04-22,242,801.53,256,,Pending
MOV001878,SKU_0135,WH_05,Hyderabad,South,Inbound,SUP_05,,2026-01-22,2026-01-23,14,757.31,1,15,Completed
MOV003798,SKU_0207,WH_01,Bengaluru,South,Transfer,,,2026-02-13,2026-02-13,425,1233.58,2439,2014,Completed
MOV003712,SKU_0055,WH_04,Kolkata,East,Return,,,2026-02-14,2026-02-17,500,1599.04,2996,,Completed
MOV003641,SKU_0189,WH_06,Pune,West,Inbound,SUP_09,,2026-05-05,2026-05-06,446,937.14,1019,1465,Completed
MOV003572,SKU_0043,WH_05,Hyderabad,South,Outbound,,CUST_059,2026-01-06,2026-01-06,448,412.37,3907,3459,Completed
MOV003510,SKU_0190,WH_03,Delhi,North,Return,,,2026-05-20,2026-05-21,195,497.89,4255,4450,Completed
MOV004579,SKU_0211,WH_06,Pune,West,Outbound,,CUST_011,2026-06-07,2026-06-07,392,1575.99,920,528,Completed
MOV004783,SKU_0092,WH_06,Pune,West,Transfer,,,2026-01-21,,312,1187.63,158,-154,Discrepancy
MOV003259,SKU_0103,WH_01,Bengaluru,South,Inbound,SUP_04,,2026-06-15,2026-06-18,235,393.71,3659,,Cancelled
MOV001935,SKU_0143,WH_05,Hyderabad,South,Adjustment,,,2026-06-08,2026-06-09,163,1521.39,1319,1156,Completed
MOV000752,SKU_0126,WH_06,Pune,West,Outbound,,CUST_069,2026-06-29,2026-07-01,82,1551.96,2395,2313,Discrepancy
MOV002982,SKU_0092,WH_05,Hyderabad,South,Outbound,,CUST_034,2026-03-23,2026-03-26,245,478.92,3,-242,Completed
MOV003569,SKU_0094,WH_05,Hyderabad,South,Transfer,,,2026-01-07,2026-01-07,153,1997.33,4131,3978,Discrepancy
MOV000222,SKU_0189,WH_02,Mumbai,West,Adjustment,,,2026-05-15,2026-05-16,53,1580.0,2542,2595,Completed
MOV001538,SKU_0200,WH_01,Bengaluru,South,Inbound,SUP_10,,2026-02-08,2026-02-11,347,1840.38,3643,3990,Completed
MOV004973,SKU_0238,WH_02,Mumbai,West,Outbound,,CUST_078,2026-06-16,2026-06-18,230,1562.7,4768,4538,Completed
MOV003596,SKU_0149,WH_06,Pune,West,Outbound,,CUST_097,2026-02-17,2026-02-19,491,1863.09,1143,652,Completed
MOV002901,SKU_0064,WH_06,Pune,West,Outbound,,CUST_098,2026-06-29,2026-06-29,337,1688.97,2652,2315,Completed
MOV000102,SKU_0232,WH_02,Mumbai,West,Inbound,SUP_02,,2026-03-08,2026-03-09,330,125.69,2748,,Cancelled
MOV000606,SKU_0278,WH_06,Pune,West,Inbound,SUP_03,,2026-02-04,2026-02-07,85,918.39,1477,1562,Completed
MOV001582,SKU_0219,WH_02,Mumbai,West,Outbound,,CUST_077,2026-05-02,2026-05-02,129,1433.09,3719,3590,Completed
MOV004316,SKU_0285,WH_02,Mumbai,West,Inbound,SUP_04,,2026-04-17,2026-04-19,201,251.78,414,,Cancelled
MOV000661,SKU_0212,WH_04,Kolkata,East,Outbound,,CUST_001,2026-02-08,2026-02-09,495,452.0,3021,,Completed
MOV003571,SKU_0229,WH_02,Mumbai,West,Outbound,,CUST_016,2026-02-13,2026-02-15,47,1884.45,4271,4224,Discrepancy
MOV003587,SKU_0018,WH_06,Pune,West,Outbound,,CUST_094,2026-04-09,2026-04-12,282,519.61,3543,3261,Completed
MOV004454,SKU_0167,WH_02,Mumbai,West,Inbound,SUP_11,,2026-05-19,2026-05-19,236,802.18,2681,2917,Completed
MOV002846,SKU_0019,WH_02,Mumbai,West,Outbound,,CUST_041,2026-05-04,2026-05-05,391,527.31,3594,3203,Completed
MOV001047,SKU_0085,WH_06,Pune,West,Outbound,,CUST_084,2026-06-21,2026-06-22,390,1385.21,731,341,Completed
MOV001194,SKU_0024,WH_01,Bengaluru,South,Return,,,2026-06-27,2026-06-29,384,768.11,1642,2026,Completed
MOV003220,SKU_0089,WH_03,Delhi,North,Inbound,SUP_04,,2026-01-26,2026-01-29,364,335.4,3076,3440,Discrepancy
MOV004320,SKU_0033,WH_01,Bengaluru,South,Inbound,SUP_02,,2026-05-21,2026-05-21,265,166.01,3375,3640,Completed
MOV002003,SKU_0254,WH_01,Bengaluru,South,Inbound,SUP_05,,2026-02-16,2026-02-19,30,221.09,576,606,Discrepancy
MOV003971,SKU_0113,WH_06,Pune,West,Inbound,SUP_12,,2026-01-15,2026-01-16,442,1838.4,2452,2894,Discrepancy
MOV000825,SKU_0287,WH_03,Delhi,North,Adjustment,,,2026-03-13,2026-03-16,477,941.58,1648,2125,Completed
MOV004158,SKU_0106,WH_06,Pune,West,Transfer,,,2026-06-08,2026-06-11,252,773.14,3876,3624,Discrepancy
MOV001007,SKU_0137,WH_01,Bengaluru,South,Outbound,,CUST_065,2026-04-26,2026-04-28,337,278.51,3432,3095,Completed
MOV003298,SKU_0289,WH_05,Hyderabad,South,Inbound,SUP_05,,2026-02-24,2026-02-27,353,396.85,4481,4834,Completed
MOV002986,SKU_0179,WH_06,Pune,West,Outbound,,CUST_057,2026-05-09,2026-05-11,76,1070.89,3564,3488,Discrepancy
MOV000868,SKU_0167,WH_03,Delhi,North,Inbound,SUP_06,,2026-03-30,2026-04-02,201,766.79,1922,2123,Discrepancy
MOV000817,SKU_0185,WH_06,Pune,West,Inbound,SUP_11,,2026-04-07,2026-04-08,17,1191.92,625,642,Completed
MOV000252,SKU_0014,WH_03,Delhi,North,Outbound,,CUST_041,2026-01-15,2026-01-18,315,1434.78,2696,-54,Completed
MOV003789,SKU_0155,WH_05,Hyderabad,South,Inbound,SUP_04,,2026-05-27,2026-05-28,28,866.35,1735,1763,Completed
MOV003274,SKU_0114,WH_04,Kolkata,East,Return,,,2026-01-26,2026-01-27,362,1665.39,4030,4392,Completed
MOV000676,SKU_0194,WH_05,Hyderabad,South,Outbound,,CUST_061,2026-01-09,2026-01-10,36,1152.66,473,437,Completed
MOV000655,SKU_0113,WH_01,Bengaluru,South,Outbound,,CUST_068,2026-01-05,2026-01-05,346,233.21,4636,4290,Discrepancy
MOV002297,SKU_0066,WH_05,Hyderabad,South,Inbound,SUP_03,,2026-06-29,2026-06-29,373,1244.9,3904,4277,Completed
MOV002657,SKU_0207,WH_01,Bengaluru,South,Inbound,SUP_01,,2026-05-23,2026-05-25,400,1515.5,1544,1944,Completed
MOV004636,SKU_0060,WH_06,Pune,West,Outbound,,CUST_074,2026-05-19,2026-05-19,318,408.29,322,4,Discrepancy
MOV003453,SKU_0097,WH_04,Kolkata,East,Outbound,,CUST_076,2026-01-09,2026-01-09,238,1793.89,2264,2026,Pending
MOV003006,SKU_0020,WH_05,Hyderabad,South,Transfer,,,2026-02-14,2026-02-16,467,292.15,2951,2484,Pending
MOV002948,SKU_0193,WH_04,Kolkata,East,Return,,,2026-02-13,2026-02-15,169,190.98,3139,,Completed
MOV003865,SKU_0185,WH_03,Delhi,North,Outbound,,CUST_086,2026-03-11,2026-03-14,15,130.36,1041,1026,Completed
MOV004262,SKU_0059,WH_03,Delhi,North,Adjustment,,,2026-05-06,2026-05-09,475,234.42,690,215,Completed
MOV004880,SKU_0170,WH_05,Hyderabad,South,Return,,,2026-01-28,2026-01-28,297,383.63,4288,4585,Completed
MOV001492,SKU_0206,WH_06,Pune,West,Inbound,SUP_08,,2026-03-09,2026-03-10,295,1708.9,108,403,Completed
MOV002800,SKU_0158,WH_04,Kolkata,East,Outbound,,CUST_036,2026-01-10,2026-01-11,142,889.08,3567,,Completed
MOV003095,SKU_0214,WH_03,Delhi,North,Transfer,,,2026-05-31,2026-06-03,113,694.26,352,239,Completed
MOV004473,SKU_0053,WH_05,Hyderabad,South,Return,,,2026-03-28,2026-03-29,20,565.89,3229,3249,Completed
MOV004540,SKU_0179,WH_05,Hyderabad,South,Adjustment,,,2026-04-11,2026-04-13,18,1875.91,4642,4660,Completed
MOV000837,SKU_0055,WH_03,Delhi,North,Return,,,2026-04-17,2026-04-18,396,1481.3,3508,3904,Completed
MOV003909,SKU_0098,WH_03,Delhi,North,Transfer,,,2026-06-15,2026-06-17,280,255.78,3579,3299,Completed
MOV002834,SKU_0116,WH_02,Mumbai,West,Adjustment,,,2026-03-16,2026-03-18,214,1930.49,2107,2321,Pending
MOV001596,SKU_0189,WH_05,Hyderabad,South,Outbound,,CUST_045,2026-05-22,2026-05-24,59,1119.86,3326,3267,Completed
MOV004214,SKU_0298,WH_03,Delhi,North,Inbound,SUP_07,,2026-04-11,2026-04-14,360,1758.35,2067,2427,Completed
MOV002886,SKU_0143,WH_02,Mumbai,West,Transfer,,,2026-05-15,2026-05-16,244,1061.91,4605,4361,Completed
MOV001374,SKU_0070,WH_05,Hyderabad,South,Outbound,,CUST_066,2026-05-01,2026-05-03,176,436.75,559,383,Completed
MOV003821,SKU_0142,WH_04,Kolkata,East,Inbound,SUP_09,,2026-02-10,2026-02-10,485,5585.09,2377,,Completed
MOV000441,SKU_0075,WH_06,Pune,West,Inbound,SUP_10,,2026-05-19,2026-05-20,181,1291.88,3084,3265,Pending
MOV000529,SKU_0249,WH_05,Hyderabad,South,Inbound,SUP_07,,2026-02-09,2026-02-12,137,724.16,1316,1453,Completed
MOV001034,SKU_0260,WH_02,Mumbai,West,Adjustment,,,2026-05-27,2026-05-29,407,778.5,2474,2881,Completed
MOV004773,SKU_0165,WH_01,Bengaluru,South,Return,,,2026-04-25,2026-04-28,323,245.15,2525,2848,Completed
MOV002708,SKU_0057,WH_01,Bengaluru,South,Outbound,,CUST_048,2026-04-28,2026-04-29,20,920.55,3747,3727,Completed
MOV003903,SKU_0178,WH_01,Bengaluru,South,Return,,,2026-02-10,2026-02-12,214,304.63,2504,2718,Completed
MOV001155,SKU_0120,WH_06,Pune,West,Inbound,SUP_06,,2026-05-27,2026-05-28,120,361.32,2086,2206,Completed
MOV004905,SKU_0012,WH_02,Mumbai,West,Outbound,,CUST_032,2026-05-28,2026-05-29,309,726.96,577,268,Completed
MOV001767,SKU_0216,WH_04,Kolkata,East,Outbound,,CUST_021,2026-05-19,2026-05-20,73,1971.82,4160,,Completed
MOV001966,SKU_0049,WH_05,Hyderabad,South,Return,,,2026-06-25,2026-06-25,336,1338.69,3875,4211,Completed
MOV003684,SKU_0200,WH_06,Pune,West,Return,,,2026-04-05,2026-04-05,421,1162.97,3443,3864,Pending
MOV003716,SKU_0092,WH_05,Hyderabad,South,Return,,,2026-06-17,2026-06-20,417,1138.38,1143,1560,Completed
MOV003884,SKU_0272,WH_04,Kolkata,East,Outbound,,CUST_004,2026-02-08,2026-02-10,341,1140.92,3882,,Completed
MOV004964,SKU_0295,WH_03,Delhi,North,Outbound,,CUST_013,2026-05-20,2026-05-22,15,1133.02,2300,2285,Completed
MOV004583,SKU_0292,WH_04,Kolkata,East,Transfer,,,2026-03-24,2026-03-26,114,270.76,3604,,Cancelled
MOV001301,SKU_0182,WH_06,Pune,West,Transfer,,,2026-05-31,2026-06-03,325,1135.34,4096,3771,Completed
MOV001144,SKU_0130,WH_03,Delhi,North,Outbound,,CUST_093,2026-06-17,2026-06-17,314,1046.23,1658,1344,Pending
MOV000154,SKU_0253,WH_03,Delhi,North,Return,,,2026-04-06,2026-04-09,404,209.39,2586,2990,Completed
MOV004052,SKU_0133,WH_05,Hyderabad,South,Outbound,,CUST_039,2026-02-21,2026-02-24,223,1670.14,126,-97,Completed
MOV001390,SKU_0032,WH_05,Hyderabad,South,Outbound,,CUST_038,2026-01-09,2026-01-09,343,1560.42,22,-321,Completed
MOV000984,SKU_0097,WH_01,Bengaluru,South,Transfer,,,2026-02-06,2026-02-07,136,1356.77,4755,4619,Completed
MOV003080,SKU_0259,WH_02,Mumbai,West,Inbound,SUP_03,,2026-04-23,2026-04-24,104,1895.62,1918,2022,Completed
MOV000381,SKU_0093,WH_06,Pune,West,Adjustment,,,2026-06-14,2026-06-15,211,764.22,4291,4502,Completed
MOV003635,SKU_0160,WH_05,Hyderabad,South,Adjustment,,,2026-06-22,2026-06-24,38,1301.81,4782,4744,Discrepancy
MOV000141,SKU_0133,WH_03,Delhi,North,Inbound,SUP_01,,2026-03-23,2026-03-23,221,1154.35,4737,4958,Discrepancy
MOV004502,SKU_0156,WH_04,Kolkata,East,Transfer,,,2026-03-16,2026-03-16,326,1775.86,1617,,Completed
MOV001207,SKU_0005,WH_03,Delhi,North,Outbound,,CUST_096,2026-03-07,2026-03-09,478,1730.29,2683,2205,Completed
MOV002750,SKU_0065,WH_05,Hyderabad,South,Outbound,,CUST_063,2026-01-02,2026-01-02,382,147.54,201,-181,Completed
MOV003533,SKU_0129,WH_06,Pune,West,Outbound,,CUST_087,2026-01-10,2026-01-11,114,1543.85,3556,3442,Completed
MOV001452,SKU_0156,WH_06,Pune,West,Adjustment,,,2026-01-27,2026-01-29,490,1825.34,2084,2574,Completed
MOV001828,SKU_0240,WH_06,Pune,West,Transfer,,,2026-05-13,2026-05-16,49,933.33,599,550,Completed
MOV000741,SKU_0008,WH_05,Hyderabad,South,Inbound,SUP_08,,2026-06-20,2026-06-21,137,1783.35,1054,1191,Completed
MOV003068,SKU_0137,WH_04,Kolkata,East,Adjustment,,,2026-06-18,2026-06-20,353,697.82,2426,2073,Completed
MOV003843,SKU_0040,WH_01,Bengaluru,South,Outbound,,CUST_057,2026-04-12,2026-04-14,58,1585.6,229,171,Completed
MOV000680,SKU_0153,WH_02,Mumbai,West,Outbound,,CUST_030,2026-01-23,2026-01-26,300,1582.68,958,658,Completed
MOV002054,SKU_0107,WH_05,Hyderabad,South,Adjustment,,,2026-06-15,2026-06-18,358,1517.5,4622,4264,Completed
MOV002187,SKU_0058,WH_05,Hyderabad,South,Inbound,SUP_11,,2026-04-15,2026-04-18,336,1199.34,1672,2008,Completed
MOV002039,SKU_0064,WH_05,Hyderabad,South,Outbound,,CUST_020,2026-05-27,2026-05-27,358,1779.58,4799,4441,Discrepancy
MOV004697,SKU_0209,WH_04,Kolkata,East,Transfer,,,2026-06-17,2026-06-20,72,1594.29,366,,Completed
MOV002634,SKU_0234,WH_02,Mumbai,West,Outbound,,CUST_096,2026-02-01,2026-02-03,46,1091.21,959,913,Completed
MOV001708,SKU_0084,WH_05,Hyderabad,South,Inbound,SUP_04,,2026-01-20,2026-01-22,241,1823.95,4507,4748,Completed
MOV002395,SKU_0153,WH_05,Hyderabad,South,Transfer,,,2026-01-13,2026-01-13,330,275.25,4887,4557,Completed
MOV004961,SKU_0211,WH_04,Kolkata,East,Outbound,,CUST_091,2026-05-17,2026-05-19,152,130.65,4232,4080,Pending
MOV004426,SKU_0091,WH_04,Kolkata,East,Inbound,SUP_10,,2026-03-15,2026-03-16,30,1776.03,1731,,Completed
MOV003787,SKU_0130,WH_04,Kolkata,East,Inbound,SUP_10,,2026-05-28,2026-05-29,304,484.04,2234,,Cancelled
MOV001946,SKU_0017,WH_01,Bengaluru,South,Adjustment,,,2026-03-18,2026-03-18,262,782.01,4491,4229,Completed
MOV003094,SKU_0023,WH_04,Kolkata,East,Inbound,SUP_09,,2026-01-14,2026-01-17,348,4990.85,3872,,Completed
MOV000034,SKU_0160,WH_06,Pune,West,Outbound,,CUST_098,2026-02-22,2026-02-24,229,1025.17,1457,1228,Completed
MOV003025,SKU_0253,WH_03,Delhi,North,Inbound,SUP_01,,2026-04-12,2026-04-15,22,997.39,2598,2620,Completed
MOV000487,SKU_0096,WH_03,Delhi,North,Return,,,2026-05-09,2026-05-10,360,1245.45,1406,1766,Completed
MOV003468,SKU_0266,WH_05,Hyderabad,South,Inbound,SUP_03,,2026-03-24,2026-03-24,329,1733.37,2159,2488,Completed
MOV001707,SKU_0099,WH_03,Delhi,North,Transfer,,,2026-01-14,2026-01-17,460,500.84,2834,2374,Completed
MOV000020,SKU_0044,WH_06,Pune,West,Inbound,SUP_03,,2026-01-08,2026-01-09,303,1814.46,1197,1500,Completed
MOV001383,SKU_0276,WH_01,Bengaluru,South,Inbound,SUP_10,,2026-02-07,2026-02-08,407,1533.04,1963,2370,Completed
MOV001695,SKU_0114,WH_05,Hyderabad,South,Transfer,,,2026-02-28,2026-03-03,467,1906.44,997,530,Completed
MOV002053,SKU_0185,WH_02,Mumbai,West,Outbound,,CUST_089,2026-01-17,2026-01-17,382,397.48,1295,913,Completed
MOV000913,SKU_0271,WH_03,Delhi,North,Transfer,,,2026-01-14,2026-01-14,58,139.03,2268,,Cancelled
MOV001990,SKU_0256,WH_02,Mumbai,West,Outbound,,CUST_070,2026-06-15,2026-06-17,134,875.88,4847,4713,Completed
MOV000328,SKU_0121,WH_05,Hyderabad,South,Outbound,,CUST_028,2026-05-27,2026-05-29,403,1697.35,1085,682,Completed
MOV004045,SKU_0013,WH_02,Mumbai,West,Inbound,SUP_03,,2026-04-03,2026-04-06,63,540.48,3006,3069,Completed
MOV002838,SKU_0042,WH_01,Bengaluru,South,Transfer,,,2026-06-02,,394,1934.99,2979,2585,Completed
MOV003669,SKU_0220,WH_03,Delhi,North,Inbound,SUP_11,,2026-02-17,2026-02-18,282,1099.19,2735,3017,Completed
MOV002214,SKU_0233,WH_02,Mumbai,West,Inbound,SUP_08,,2026-04-16,2026-04-18,494,1470.45,3303,3797,Pending
MOV004784,SKU_0298,WH_04,Kolkata,East,Inbound,SUP_11,,2026-05-18,2026-05-21,61,1582.07,2315,,Completed
MOV003643,SKU_0098,WH_05,Hyderabad,South,Outbound,,CUST_010,2026-04-11,2026-04-12,108,731.72,3707,3599,Completed
MOV002825,SKU_0131,WH_01,Bengaluru,South,Outbound,,CUST_025,2026-02-09,2026-02-09,111,1569.92,2759,2648,Completed
MOV000163,SKU_0114,WH_06,Pune,West,Inbound,SUP_12,,2026-04-26,2026-04-27,225,1747.91,2182,2407,Completed
MOV004798,SKU_0097,WH_05,Hyderabad,South,Inbound,SUP_01,,2026-05-06,2026-05-07,60,94.03,1977,2037,Completed
MOV003554,SKU_0112,WH_03,Delhi,North,Return,,,2026-05-24,2026-05-24,462,876.7,694,1156,Completed
MOV004175,SKU_0290,WH_06,Pune,West,Return,,,2026-04-14,2026-04-16,31,1638.09,1066,,Cancelled
MOV000483,SKU_0253,WH_01,Bengaluru,South,Outbound,,CUST_070,2026-02-23,2026-02-24,450,805.69,2748,2298,Completed
MOV001916,SKU_0195,WH_01,Bengaluru,South,Outbound,,CUST_068,2026-06-24,2026-06-25,395,990.21,4301,3906,Completed
MOV004432,SKU_0232,WH_05,Hyderabad,South,Inbound,SUP_01,,2026-02-09,2026-02-10,62,1655.43,28,90,Completed
MOV004142,SKU_0283,WH_03,Delhi,North,Return,,,2026-06-10,2026-06-10,475,1228.46,4895,5370,Completed
MOV004428,SKU_0259,WH_04,Kolkata,East,Outbound,,CUST_029,2026-05-30,2026-05-30,461,261.11,2895,,Completed
MOV004598,SKU_0295,WH_04,Kolkata,East,Transfer,,,2026-01-10,2026-01-13,496,996.87,58,,Completed
MOV000575,SKU_0061,WH_04,Kolkata,East,Inbound,SUP_09,,2026-02-14,2026-02-14,265,14474.96,1036,,Completed
MOV004662,SKU_0244,WH_03,Delhi,North,Adjustment,,,2026-02-04,2026-02-06,367,1333.66,1834,2201,Pending
MOV004472,SKU_0293,WH_04,Kolkata,East,Transfer,,,2026-06-22,2026-06-24,405,1902.66,2773,,Discrepancy
MOV003918,SKU_0030,WH_01,Bengaluru,South,Return,,,2026-05-15,2026-05-15,399,925.4,207,606,Completed
MOV002624,SKU_0111,WH_06,Pune,West,Outbound,,CUST_045,2026-05-19,2026-05-19,117,1893.32,4944,4827,Completed
MOV003845,SKU_0053,WH_04,Kolkata,East,Adjustment,,,2026-03-24,2026-03-24,197,923.33,1791,1594,Completed
MOV000308,SKU_0085,WH_04,Kolkata,East,Outbound,,CUST_082,2026-05-12,2026-05-14,383,1923.83,4355,,Completed
MOV002042,SKU_0045,WH_01,Bengaluru,South,Inbound,SUP_07,,2026-03-15,2026-03-17,88,934.04,3302,3390,Completed
MOV001019,SKU_0019,WH_03,Delhi,North,Return,,,2026-05-02,2026-05-04,427,1961.16,689,1116,Completed
MOV003545,SKU_0004,WH_03,Delhi,North,Return,,,2026-06-18,2026-06-18,367,387.29,1104,1471,Completed
MOV002275,SKU_0016,WH_06,Pune,West,Outbound,,CUST_072,2026-06-19,2026-06-21,376,412.27,652,276,Completed
MOV002947,SKU_0177,WH_02,Mumbai,West,Inbound,SUP_10,,2026-01-21,2026-01-21,469,161.99,4739,5208,Completed
MOV004205,SKU_0256,WH_04,Kolkata,East,Transfer,,,2026-03-21,2026-03-21,59,810.75,3640,,Discrepancy
MOV000302,SKU_0136,WH_01,Bengaluru,South,Outbound,,CUST_080,2026-05-13,2026-05-13,150,1161.13,989,839,Completed
MOV001382,SKU_0157,WH_05,Hyderabad,South,Outbound,,CUST_054,2026-05-16,2026-05-18,57,1694.71,559,502,Completed
MOV004883,SKU_0003,WH_01,Bengaluru,South,Outbound,,CUST_004,2026-01-17,2026-01-17,420,1481.1,2224,1804,Completed
MOV000419,SKU_0111,WH_03,Delhi,North,Return,,,2026-04-19,2026-04-19,251,1891.05,3625,,Cancelled
MOV000709,SKU_0220,WH_05,Hyderabad,South,Outbound,,CUST_099,2026-03-17,2026-03-19,22,1669.94,1712,1690,Pending
MOV000554,SKU_0193,WH_06,Pune,West,Inbound,SUP_11,,2026-01-22,2026-01-25,338,354.22,3360,3698,Completed
MOV002205,SKU_0148,WH_02,Mumbai,West,Inbound,SUP_05,,2026-03-07,2026-03-09,497,1271.47,3564,4061,Completed
MOV004298,SKU_0245,WH_05,Hyderabad,South,Inbound,SUP_02,,2026-04-06,2026-04-08,316,1533.51,3403,3719,Completed
MOV001845,SKU_0147,WH_03,Delhi,North,Outbound,,CUST_097,2026-05-18,2026-05-20,500,335.13,3739,3239,Completed
MOV002818,SKU_0088,WH_06,Pune,West,Outbound,,CUST_045,2026-04-30,2026-04-30,65,54.84,3848,3783,Completed
MOV004383,SKU_0058,WH_01,Bengaluru,South,Outbound,,CUST_014,2026-02-11,2026-02-11,327,736.83,3995,3668,Completed
MOV004353,SKU_0195,WH_06,Pune,West,Inbound,SUP_10,,2026-05-22,2026-05-22,38,1850.79,1147,1185,Completed
MOV003778,SKU_0068,WH_02,Mumbai,West,Outbound,,CUST_080,2026-01-28,,208,286.48,1588,1380,Discrepancy
MOV002287,SKU_0009,WH_02,Mumbai,West,Inbound,SUP_10,,2026-02-08,2026-02-11,13,208.1,1192,1205,Completed
MOV001842,SKU_0239,WH_05,Hyderabad,South,Inbound,SUP_03,,2026-05-27,2026-05-30,457,1176.47,41,498,Completed
MOV000249,SKU_0145,WH_05,Hyderabad,South,Outbound,,CUST_026,2026-03-03,2026-03-03,494,301.58,398,-96,Completed
MOV002867,SKU_0182,WH_03,Delhi,North,Inbound,SUP_06,,2026-04-28,2026-04-29,390,1662.68,1562,1952,Completed
MOV002542,SKU_0277,WH_01,Bengaluru,South,Outbound,,CUST_005,2026-05-20,2026-05-20,331,1771.58,4955,4624,Completed
MOV003916,SKU_0037,WH_03,Delhi,North,Inbound,SUP_09,,2026-03-18,2026-03-18,381,14865.51,2293,2674,Discrepancy
MOV004914,SKU_0255,WH_06,Pune,West,Outbound,,CUST_013,2026-03-31,2026-04-02,113,226.65,443,330,Completed
MOV001256,SKU_0177,WH_01,Bengaluru,South,Inbound,SUP_01,,2026-02-21,2026-02-24,208,603.37,2725,2933,Completed
MOV001668,SKU_0166,WH_03,Delhi,North,Inbound,SUP_12,,2026-06-05,2026-06-07,152,819.07,1174,1326,Completed
MOV003349,SKU_0008,WH_03,Delhi,North,Inbound,SUP_10,,2026-04-12,,116,914.5,612,728,Completed
MOV004058,SKU_0114,WH_06,Pune,West,Return,,,2026-06-26,2026-06-26,19,1482.92,4817,4836,Completed
MOV001760,SKU_0152,WH_06,Pune,West,Inbound,SUP_06,,2026-01-16,2026-01-16,343,1954.3,2362,2705,Completed
MOV003374,SKU_0170,WH_06,Pune,West,Outbound,,CUST_017,2026-03-08,2026-03-10,125,894.88,1236,1111,Pending
MOV003008,SKU_0182,WH_01,Bengaluru,South,Outbound,,CUST_096,2026-05-08,2026-05-10,266,1829.78,1098,832,Completed
MOV000916,SKU_0222,WH_03,Delhi,North,Outbound,,CUST_022,2026-04-06,2026-04-08,304,1755.86,2141,1837,Completed
MOV004823,SKU_0188,WH_01,Bengaluru,South,Outbound,,CUST_003,2026-03-05,2026-03-07,214,1656.27,535,,Cancelled
MOV004808,SKU_0235,WH_02,Mumbai,West,Transfer,,,2026-03-12,2026-03-15,271,1085.51,1035,764,Completed
MOV004789,SKU_0282,WH_03,Delhi,North,Adjustment,,,2026-03-18,2026-03-19,189,1080.98,3907,4096,Completed
MOV003139,SKU_0052,WH_02,Mumbai,West,Return,,,2026-03-30,2026-04-02,432,860.21,1017,,Cancelled
MOV003104,SKU_0070,WH_05,Hyderabad,South,Adjustment,,,2026-06-08,2026-06-11,342,1830.63,3651,3993,Completed
MOV001088,SKU_0113,WH_06,Pune,West,Return,,,2026-01-10,2026-01-11,258,1776.13,4010,4268,Completed
MOV003811,SKU_0121,WH_04,Kolkata,East,Outbound,,CUST_015,2026-04-27,2026-04-27,87,1990.23,4564,,Pending
MOV003162,SKU_0226,WH_01,Bengaluru,South,Inbound,SUP_12,,2026-02-26,2026-02-27,270,687.35,447,717,Completed
MOV004162,SKU_0070,WH_05,Hyderabad,South,Inbound,SUP_01,,2026-01-31,2026-02-01,96,1746.19,1213,-93,Completed
MOV000954,SKU_0208,WH_05,Hyderabad,South,Outbound,,CUST_002,2026-05-01,2026-05-04,151,1155.01,645,494,Completed
MOV002691,SKU_0220,WH_05,Hyderabad,South,Inbound,SUP_03,,2026-05-15,2026-05-15,269,1988.03,2593,2862,Completed
MOV001960,SKU_0007,WH_01,Bengaluru,South,Outbound,,CUST_042,2026-02-13,2026-02-16,163,1609.01,3472,,Cancelled
MOV001316,SKU_0139,WH_01,Bengaluru,South,Outbound,,CUST_045,2026-03-26,2026-03-27,338,1417.83,3889,3551,Completed
MOV000273,SKU_0136,WH_03,Delhi,North,Adjustment,,,2026-05-02,2026-05-04,268,1199.51,4675,4407,Discrepancy
MOV000897,SKU_0010,WH_04,Kolkata,East,Outbound,,CUST_053,2026-04-14,2026-04-16,205,983.03,1744,,Completed
MOV000612,SKU_0277,WH_02,Mumbai,West,Outbound,,CUST_072,2026-05-18,2026-05-18,69,1843.68,843,774,Completed
MOV003324,SKU_0165,WH_02,Mumbai,West,Outbound,,CUST_002,2026-03-14,2026-03-15,465,678.24,740,275,Completed
MOV000245,SKU_0247,WH_05,Hyderabad,South,Outbound,,CUST_032,2026-03-02,2026-03-04,78,314.46,59,,Cancelled
MOV003523,SKU_0050,WH_05,Hyderabad,South,Return,,,2026-03-25,2026-03-28,4,1663.07,2621,2625,Completed
MOV004935,SKU_0212,WH_04,Kolkata,East,Inbound,SUP_12,,2026-04-29,2026-04-30,2,1387.65,4108,4110,Completed
MOV001247,SKU_0255,WH_03,Delhi,North,Transfer,,,2026-01-24,2026-01-24,470,1314.26,2319,1849,Completed
MOV001317,SKU_0274,WH_04,Kolkata,East,Transfer,,,2026-04-04,2026-04-05,456,660.31,1750,,Completed
MOV000964,SKU_0149,WH_03,Delhi,North,Return,,,2026-03-24,2026-03-26,107,1180.68,894,,Cancelled
MOV002066,SKU_0177,WH_03,Delhi,North,Outbound,,CUST_018,2026-02-13,2026-02-15,467,1982.36,3804,3337,Completed
MOV003866,SKU_0168,WH_05,Hyderabad,South,Inbound,SUP_10,,2026-03-29,2026-03-31,441,1378.12,3110,3551,Completed
MOV003908,SKU_0060,WH_02,Mumbai,West,Outbound,,CUST_017,2026-04-27,2026-04-27,310,1061.45,3738,3428,Completed
MOV000221,SKU_0147,WH_06,Pune,West,Outbound,,CUST_094,2026-06-17,2026-06-19,335,529.68,1135,800,Completed
MOV003715,SKU_0028,WH_06,Pune,West,Transfer,,,2026-06-10,2026-06-12,470,426.01,1943,1473,Discrepancy
MOV004820,SKU_0162,WH_03,Delhi,North,Return,,,2026-01-16,2026-01-19,495,579.72,4756,5251,Completed
MOV001284,SKU_0102,WH_06,Pune,West,Outbound,,CUST_046,,2026-06-15,332,197.78,3040,2708,Completed
MOV000835,SKU_0139,WH_05,Hyderabad,South,Inbound,SUP_05,,2026-01-20,2026-01-21,305,154.96,2980,3285,Pending
MOV002684,SKU_0022,WH_03,Delhi,North,Outbound,,CUST_098,2026-05-05,2026-05-08,287,155.59,4127,3840,Completed
MOV002198,SKU_0067,WH_01,Bengaluru,South,Inbound,SUP_02,,2026-04-28,2026-05-01,207,1843.99,1866,2073,Completed
MOV002306,SKU_0102,WH_01,Bengaluru,South,Return,,,2026-05-01,2026-05-03,331,1247.99,1251,1582,Completed
MOV002792,SKU_0076,WH_02,Mumbai,West,Transfer,,,2026-06-30,2026-07-02,485,761.87,433,-52,Completed
MOV003307,SKU_0003,WH_06,Pune,West,Return,,,2026-05-27,2026-05-30,466,1539.65,4006,4472,Pending
MOV001558,SKU_0011,WH_06,Pune,West,Inbound,SUP_04,,2026-02-12,2026-02-13,275,585.03,3494,3769,Completed
MOV003342,SKU_0268,WH_02,Mumbai,West,Inbound,SUP_12,,2026-01-08,2026-01-11,379,1735.76,846,1225,Completed
MOV002896,SKU_0047,WH_06,Pune,West,Outbound,,CUST_013,2026-01-23,2026-01-23,381,1485.19,3099,2718,Pending
MOV001699,SKU_0204,WH_01,Bengaluru,South,Inbound,SUP_09,,2026-04-10,2026-04-13,450,13632.38,336,786,Completed
MOV003792,SKU_0017,WH_01,Bengaluru,South,Inbound,SUP_07,,2026-05-29,2026-05-29,318,1773.95,1466,1784,Completed
MOV002209,SKU_0222,WH_06,Pune,West,Outbound,,CUST_040,2026-06-29,2026-06-30,204,1180.0,1556,1352,Completed
MOV004570,SKU_0043,WH_05,Hyderabad,South,Outbound,,CUST_002,2026-04-13,2026-04-14,458,1306.05,4038,3580,Completed
MOV004980,SKU_0055,WH_02,Mumbai,West,Outbound,,CUST_071,2026-02-25,2026-02-28,301,267.94,4773,4472,Completed
MOV000713,SKU_0069,WH_06,Pune,West,Return,,,2026-05-25,2026-05-25,200,92.59,1344,1544,Completed
MOV004560,SKU_0274,WH_04,Kolkata,East,Transfer,,,2026-04-29,2026-05-02,272,1238.34,175,,Completed
MOV002859,SKU_0218,WH_05,Hyderabad,South,Return,,,2026-01-08,2026-01-11,164,1904.32,270,434,Discrepancy
MOV003995,SKU_0254,WH_05,Hyderabad,South,Outbound,,CUST_016,2026-01-18,2026-01-20,308,1726.54,171,-137,Completed
MOV004336,SKU_0050,WH_01,Bengaluru,South,Inbound,SUP_02,,2026-03-27,2026-03-30,265,196.7,1336,1601,Pending
MOV000770,SKU_0124,WH_05,Hyderabad,South,Outbound,,CUST_033,2026-06-30,2026-06-30,310,963.11,3577,3267,Completed
MOV002798,SKU_0182,WH_02,Mumbai,West,Return,,,2026-02-01,2026-02-02,69,1036.12,2010,2079,Completed
MOV001450,SKU_0121,WH_01,Bengaluru,South,Inbound,SUP_04,,2026-06-22,2026-06-22,376,542.35,119,495,Completed
MOV002242,SKU_0193,WH_05,Hyderabad,South,Outbound,,CUST_033,2026-06-10,2026-06-10,38,380.67,1711,1673,Discrepancy
MOV002134,SKU_0267,WH_04,Kolkata,East,Inbound,SUP_09,,2026-05-31,2026-05-31,430,6949.63,4076,,Completed
MOV003807,SKU_0051,WH_01,Bengaluru,South,Inbound,SUP_07,,2026-02-02,2026-02-04,423,1579.02,3869,4292,Completed
MOV003824,SKU_0232,WH_02,Mumbai,West,Inbound,SUP_04,,2026-01-31,2026-02-01,169,184.27,1229,1398,Completed
MOV005000,SKU_0230,WH_01,Bengaluru,South,Inbound,SUP_04,,2026-04-05,2026-04-07,182,1326.25,3296,3478,Completed
MOV000414,SKU_0168,WH_03,Delhi,North,Adjustment,,,2026-05-12,2026-05-13,252,1116.39,4098,3846,Completed
MOV003005,SKU_0243,WH_06,Pune,West,Outbound,,CUST_090,2026-04-15,2026-04-15,374,1111.91,4742,4368,Completed
MOV004683,SKU_0120,WH_01,Bengaluru,South,Outbound,,CUST_059,2026-05-11,2026-05-14,284,877.74,1570,1286,Completed
MOV004188,SKU_0008,WH_03,Delhi,North,Inbound,SUP_10,,2026-03-05,2026-03-05,168,542.48,4279,4447,Completed
MOV001907,SKU_0247,WH_01,Bengaluru,South,Inbound,SUP_03,,2026-04-15,2026-04-16,8,825.52,4493,4501,Completed
MOV000584,SKU_0274,WH_05,Hyderabad,South,Inbound,SUP_09,,2026-02-25,2026-02-26,9,2052.38,1871,1880,Completed
MOV002232,SKU_0211,WH_02,Mumbai,West,Return,,,2026-06-26,2026-06-28,278,795.13,2381,2659,Completed
MOV004780,SKU_0009,WH_04,Kolkata,East,Outbound,,CUST_055,2026-01-21,2026-01-22,198,1996.37,4321,,Completed
MOV000085,SKU_0102,WH_03,Delhi,North,Inbound,SUP_01,,2026-05-04,2026-05-06,28,1234.91,3177,3205,Completed
MOV003172,SKU_0055,WH_05,Hyderabad,South,Outbound,,CUST_074,2026-03-11,2026-03-13,17,667.66,620,603,Pending
MOV000294,SKU_0206,WH_01,Bengaluru,South,Inbound,SUP_06,,2026-02-01,2026-02-02,336,1881.89,4311,4647,Completed
MOV002978,SKU_0004,WH_01,Bengaluru,South,Outbound,,CUST_063,2026-02-16,2026-02-16,152,355.83,207,55,Completed
MOV000489,SKU_0227,WH_06,Pune,West,Return,,,2026-05-26,2026-05-27,386,1712.86,4043,4429,Completed
MOV001158,SKU_0152,WH_04,Kolkata,East,Inbound,SUP_09,,2026-01-05,2026-01-05,305,14931.98,247,,Completed
MOV001237,SKU_0246,WH_04,Kolkata,East,Outbound,,CUST_014,2026-02-28,2026-03-01,424,995.02,235,-189,Completed
MOV000801,SKU_0191,WH_01,Bengaluru,South,Inbound,SUP_12,,2026-02-24,2026-02-26,28,622.34,3202,3230,Discrepancy
MOV001505,SKU_0247,WH_03,Delhi,North,Outbound,,CUST_079,2026-04-24,2026-04-25,397,565.74,2440,2043,Completed
MOV004012,SKU_0173,WH_03,Delhi,North,Adjustment,,,2026-06-20,2026-06-21,23,300.24,2836,2813,Completed
MOV002504,SKU_0216,WH_04,Kolkata,East,Outbound,,CUST_042,2026-06-13,2026-06-16,235,892.69,2874,,Completed
MOV000769,SKU_0208,WH_01,Bengaluru,South,Inbound,SUP_08,,2026-04-06,2026-04-06,309,401.4,611,920,Completed
MOV001598,SKU_0133,WH_06,Pune,West,Transfer,,,2026-01-12,2026-01-13,358,723.9,226,-171,Completed
MOV004737,SKU_0271,WH_04,Kolkata,East,Outbound,,CUST_036,2026-01-07,2026-01-09,431,953.93,917,,Pending
MOV004088,SKU_0076,WH_05,Hyderabad,South,Outbound,,CUST_028,2026-05-15,2026-05-15,147,1062.98,4996,4849,Completed
MOV004179,SKU_0285,WH_03,Delhi,North,Return,,,2026-06-05,2026-06-05,46,1220.37,1420,1466,Completed
MOV000053,SKU_0015,WH_06,Pune,West,Outbound,,CUST_071,2026-05-21,2026-05-22,369,207.12,3365,2996,Completed
MOV003181,SKU_0287,WH_02,Mumbai,West,Transfer,,,2026-04-02,2026-04-03,37,459.87,1278,1241,Completed
MOV004376,SKU_0082,WH_04,Kolkata,East,Inbound,SUP_01,,2026-05-21,2026-05-23,213,556.55,1318,,Completed
MOV002028,SKU_0025,WH_03,Delhi,North,Outbound,,CUST_032,2026-06-27,2026-06-28,290,1803.79,4152,3862,Completed
MOV004505,SKU_0025,WH_02,Mumbai,West,Inbound,SUP_03,,2026-03-27,2026-03-28,53,175.83,2990,3043,Completed
MOV002622,SKU_0139,WH_05,Hyderabad,South,Return,,,2026-01-29,2026-01-31,69,1044.33,3416,3485,Completed
MOV000091,SKU_0057,WH_02,Mumbai,West,Inbound,SUP_08,,2026-03-15,2026-03-16,352,1587.34,1811,2163,Completed
MOV004596,SKU_0076,WH_03,Delhi,North,Inbound,SUP_05,,2026-05-17,2026-05-18,168,1939.88,4518,4686,Pending
MOV000807,SKU_0192,WH_06,Pune,West,Return,,,2026-02-06,2026-02-09,93,63.68,4316,4409,Completed
MOV000593,SKU_0047,WH_04,Kolkata,East,Outbound,,CUST_024,2026-05-13,2026-05-15,496,1891.89,534,,Completed
MOV003765,SKU_0054,WH_05,Hyderabad,South,Outbound,,CUST_040,2026-06-03,2026-06-04,74,193.38,3710,3636,Pending
MOV003416,SKU_0028,WH_02,Mumbai,West,Outbound,,CUST_005,2026-02-05,2026-02-08,104,1855.24,586,482,Completed
MOV003299,SKU_0170,WH_02,Mumbai,West,Outbound,,CUST_079,2026-05-15,2026-05-18,260,1695.62,1678,1418,Completed
MOV001751,SKU_0245,WH_06,Pune,West,Inbound,SUP_07,,2026-03-10,2026-03-12,198,854.02,50,248,Completed
MOV002180,SKU_0229,WH_03,Delhi,North,Outbound,,CUST_016,2026-03-20,2026-03-23,147,759.54,2693,2546,Completed
MOV002026,SKU_0013,WH_06,Pune,West,Inbound,SUP_11,,2026-01-13,2026-01-16,225,1661.68,4717,4942,Completed
MOV003142,SKU_0045,WH_04,Kolkata,East,Transfer,,,2026-02-26,2026-02-27,484,1322.73,3684,,Completed
MOV004077,SKU_0001,WH_05,Hyderabad,South,Inbound,SUP_01,,2026-06-29,2026-06-29,283,128.6,510,793,Completed
MOV003331,SKU_0107,WH_05,Hyderabad,South,Outbound,,CUST_029,2026-04-18,2026-04-19,60,1653.94,1945,1885,Discrepancy
MOV001106,SKU_0159,WH_04,Kolkata,East,Inbound,SUP_07,,2026-02-19,2026-02-22,78,1704.05,442,,Completed
MOV003188,SKU_0005,WH_01,Bengaluru,South,Outbound,,CUST_084,2026-06-13,2026-06-13,399,792.83,4627,4228,Completed
MOV003615,SKU_0296,WH_06,Pune,West,Inbound,SUP_04,,2026-06-01,2026-06-03,306,600.06,4903,5209,Completed
MOV004240,SKU_0096,WH_05,Hyderabad,South,Transfer,,,2026-01-02,2026-01-05,137,1572.07,3686,3549,Pending
MOV002753,SKU_0116,WH_02,Mumbai,West,Return,,,2026-02-16,2026-02-16,161,1773.59,468,629,Completed
MOV003677,SKU_0281,WH_06,Pune,West,Outbound,,CUST_054,2026-04-26,2026-04-26,468,1882.63,577,,Cancelled
MOV001999,SKU_0138,WH_02,Mumbai,West,Outbound,,CUST_054,2026-02-17,2026-02-19,386,1232.28,890,504,Completed
MOV004137,SKU_0075,WH_06,Pune,West,Inbound,SUP_07,,2026-04-11,2026-04-12,361,237.46,2981,3342,Discrepancy
MOV004488,SKU_0153,WH_06,Pune,West,Inbound,SUP_05,,2026-03-05,2026-03-08,470,925.85,4559,5029,Completed
MOV002331,SKU_0032,WH_06,Pune,West,Transfer,,,2026-01-03,2026-01-05,334,715.88,2596,2262,Completed
MOV001178,SKU_0065,WH_01,Bengaluru,South,Transfer,,,2026-04-03,2026-04-03,393,114.96,2539,2146,Completed
MOV003136,SKU_0037,WH_05,Hyderabad,South,Transfer,,,2026-05-31,2026-06-03,349,58.38,2141,1792,Pending
MOV002812,SKU_0040,WH_03,Delhi,North,Inbound,SUP_03,,2026-02-17,2026-02-17,117,744.45,2412,2529,Completed
MOV004768,SKU_0245,WH_02,Mumbai,West,Inbound,SUP_05,,2026-01-08,2026-01-09,346,1485.29,3341,3687,Discrepancy
MOV004533,SKU_0256,WH_03,Delhi,North,Inbound,SUP_12,,2026-02-23,2026-02-26,464,443.5,891,1355,Completed
MOV004503,SKU_0101,WH_04,Kolkata,East,Outbound,,CUST_088,2026-01-01,2026-01-04,399,1382.92,1890,,Completed
MOV004617,SKU_0283,WH_06,Pune,West,Outbound,,CUST_034,2026-03-10,2026-03-12,485,776.21,428,-57,Completed
MOV000032,SKU_0094,WH_04,Kolkata,East,Return,,,2026-03-10,2026-03-10,325,222.7,2134,2459,Completed
MOV000923,SKU_0052,WH_01,Bengaluru,South,Outbound,,CUST_022,2026-03-26,2026-03-28,143,630.22,3046,2903,Completed
MOV003099,SKU_0005,WH_01,Bengaluru,South,Inbound,SUP_02,,2026-04-26,2026-04-28,220,863.29,4092,4312,Completed
MOV001645,SKU_0051,WH_04,Kolkata,East,Inbound,SUP_02,,2026-04-11,2026-04-11,83,379.74,246,,Completed
MOV000281,SKU_0229,WH_04,Kolkata,East,Outbound,,CUST_054,2026-05-08,2026-05-08,56,1205.91,3789,,Discrepancy
MOV002747,SKU_0241,WH_05,Hyderabad,South,Inbound,SUP_01,,2026-03-17,2026-03-19,12,560.83,3736,3748,Discrepancy
MOV002175,SKU_0083,WH_04,Kolkata,East,Outbound,,CUST_060,2026-04-05,2026-04-06,41,94.25,1811,,Completed
MOV003119,SKU_0261,WH_02,Mumbai,West,Inbound,SUP_07,,2026-06-07,2026-06-10,491,230.21,3996,4487,Completed
MOV001380,SKU_0271,WH_05,Hyderabad,South,Inbound,SUP_09,,2026-04-03,2026-04-03,204,18646.57,2530,2734,Discrepancy
MOV003783,SKU_0048,WH_02,Mumbai,West,Outbound,,CUST_033,2026-02-04,2026-02-06,430,871.34,3517,3087,Completed
MOV002078,SKU_0255,WH_02,Mumbai,West,Inbound,SUP_08,,2026-02-17,2026-02-19,308,308.68,3431,3739,Completed
MOV001495,SKU_0279,WH_06,Pune,West,Outbound,,CUST_100,2026-04-05,2026-04-08,252,1022.76,3682,3430,Completed
MOV001694,SKU_0248,WH_03,Delhi,North,Outbound,,CUST_091,2026-06-03,2026-06-03,2,717.16,1821,1819,Completed
MOV002767,SKU_0269,WH_02,Mumbai,West,Transfer,,,2026-03-21,2026-03-22,99,1816.93,199,100,Completed
MOV003491,SKU_0066,WH_06,Pune,West,Inbound,SUP_04,,2026-06-15,2026-06-15,232,977.6,2220,2452,Completed
MOV000519,SKU_0049,WH_05,Hyderabad,South,Outbound,,CUST_030,2026-04-05,2026-04-05,163,1042.12,4127,3964,Completed
MOV000611,SKU_0186,WH_04,Kolkata,East,Inbound,SUP_02,,2026-03-20,2026-03-20,356,430.43,3527,,Completed
MOV000383,SKU_0046,WH_02,Mumbai,West,Outbound,,CUST_052,2026-02-04,2026-02-05,190,1483.77,2946,2756,Completed
MOV001667,SKU_0059,WH_06,Pune,West,Adjustment,,,2026-01-10,2026-01-10,95,1153.61,917,1012,Completed
MOV000330,SKU_0261,WH_03,Delhi,North,Outbound,,CUST_029,2026-03-21,2026-03-21,185,1368.22,644,459,Completed
MOV000295,SKU_0048,WH_02,Mumbai,West,Outbound,,CUST_039,2026-06-03,2026-06-03,104,322.43,2221,2117,Completed
MOV001029,SKU_0085,WH_02,Mumbai,West,Inbound,SUP_08,,2026-06-27,2026-06-30,348,1495.11,2231,2579,Completed
MOV004524,SKU_0284,WH_01,Bengaluru,South,Outbound,,CUST_030,2026-05-29,2026-05-30,56,321.67,4182,4126,Completed
MOV002339,SKU_0181,WH_04,Kolkata,East,Adjustment,,,2026-01-28,2026-01-30,490,1718.91,3000,,Discrepancy
MOV001818,SKU_0164,WH_02,Mumbai,West,Return,,,2026-03-26,2026-03-29,311,194.39,532,843,Completed
MOV002819,SKU_0045,WH_06,Pune,West,Inbound,SUP_09,,2026-03-26,2026-03-28,331,4490.61,4085,4416,Completed
MOV000781,SKU_0186,WH_04,Kolkata,East,Adjustment,,,2026-01-31,2026-02-03,116,1651.37,4025,3909,Completed
MOV004673,SKU_0013,WH_04,Kolkata,East,Inbound,SUP_06,,2026-02-14,,415,1985.03,182,,Cancelled
MOV001353,SKU_0069,WH_03,Delhi,North,Inbound,SUP_02,,2026-02-20,2026-02-23,298,267.9,1829,2127,Discrepancy
MOV000369,SKU_0248,WH_06,Pune,West,Inbound,SUP_10,,2026-04-07,2026-04-07,31,1890.2,4299,4330,Completed
MOV003661,SKU_0018,WH_02,Mumbai,West,Return,,,2026-05-02,2026-05-05,151,335.31,3412,3563,Discrepancy
MOV001459,SKU_0028,WH_01,Bengaluru,South,Outbound,,CUST_052,2026-02-02,2026-02-02,280,1017.95,3097,2817,Completed
MOV003544,SKU_0097,WH_04,Kolkata,East,Outbound,,CUST_062,2026-05-07,2026-05-07,371,823.09,2339,,Discrepancy
MOV001742,SKU_0109,WH_06,Pune,West,Outbound,,CUST_042,2026-02-21,2026-02-23,244,120.07,1884,1640,Completed
MOV004729,SKU_0039,WH_03,Delhi,North,Return,,,2026-03-13,2026-03-14,425,1153.54,110,535,Pending
MOV003384,SKU_0106,WH_05,Hyderabad,South,Adjustment,,,2026-02-15,2026-02-15,347,927.05,3079,3426,Completed
MOV003201,SKU_0052,WH_01,Bengaluru,South,Transfer,,,2026-01-18,2026-01-19,181,745.75,3568,3387,Completed
MOV000022,SKU_0129,WH_02,Mumbai,West,Inbound,SUP_04,,2026-05-31,2026-06-02,133,1111.49,1073,1206,Completed
MOV001360,SKU_0076,WH_06,Pune,West,Adjustment,,,2026-04-21,2026-04-23,11,892.62,893,904,Pending
MOV000237,SKU_0298,WH_04,Kolkata,East,Inbound,SUP_01,,2026-05-05,2026-05-05,38,1611.35,1517,1555,Completed
MOV004621,SKU_0292,WH_02,Mumbai,West,Adjustment,,,2026-01-11,2026-01-11,218,1460.62,1817,1599,Completed
MOV002946,SKU_0242,WH_06,Pune,West,Return,,,2026-02-10,2026-02-12,415,1840.96,4757,5172,Discrepancy
MOV003315,SKU_0169,WH_01,Bengaluru,South,Transfer,,,2026-05-17,2026-05-19,386,1456.69,4829,4443,Completed
MOV001704,SKU_0053,WH_03,Delhi,North,Return,,,2026-04-29,2026-05-02,183,1837.65,578,761,Completed
MOV002658,SKU_0217,WH_05,Hyderabad,South,Inbound,SUP_09,,2026-01-18,2026-01-19,460,3677.24,1645,2105,Completed
MOV004296,SKU_0283,WH_04,Kolkata,East,Outbound,,CUST_055,2026-04-01,2026-04-01,62,660.06,2270,,Completed
MOV004688,SKU_0119,WH_06,Pune,West,Inbound,SUP_10,,2026-03-29,2026-03-30,55,1458.78,2174,,Cancelled
MOV000427,SKU_0245,WH_01,Bengaluru,South,Outbound,,CUST_050,2026-06-06,,9,772.45,3176,3167,Completed
MOV002405,SKU_0267,WH_04,Kolkata,East,Outbound,,CUST_060,2026-05-22,2026-05-24,232,379.88,3823,,Pending
MOV002138,SKU_0003,WH_05,Hyderabad,South,Outbound,,CUST_084,2026-03-16,2026-03-17,458,1783.39,767,,Cancelled
MOV002178,SKU_0299,WH_01,Bengaluru,South,Transfer,,,2026-02-11,2026-02-12,289,989.75,676,387,Discrepancy
MOV004223,SKU_0019,WH_01,Bengaluru,South,Inbound,SUP_12,,2026-02-10,2026-02-11,106,387.79,2974,3080,Completed
MOV000218,SKU_0237,WH_04,Kolkata,East,Return,,,2026-01-30,2026-02-01,7,752.94,1691,1698,Completed
MOV002923,SKU_0151,WH_05,Hyderabad,South,Outbound,,CUST_041,2026-03-08,2026-03-09,119,164.18,4284,4165,Completed
MOV002772,SKU_0257,WH_03,Delhi,North,Outbound,,CUST_003,2026-04-18,2026-04-21,386,1746.05,1166,780,Completed
MOV004817,SKU_0278,WH_02,Mumbai,West,Transfer,,,2026-02-12,2026-02-15,308,1595.2,2862,2554,Completed
MOV003061,SKU_0213,WH_04,Kolkata,East,Return,,,2026-01-11,2026-01-11,203,991.85,3018,,Completed
MOV001620,SKU_0222,WH_06,Pune,West,Inbound,SUP_04,,2026-06-01,2026-06-01,382,1299.99,867,1249,Completed
MOV002490,SKU_0259,WH_04,Kolkata,East,Return,,,2026-05-12,2026-05-13,21,388.84,1429,,Completed
MOV002063,SKU_0292,WH_05,Hyderabad,South,Outbound,,CUST_053,2026-02-26,2026-02-26,69,969.86,2994,2925,Completed
MOV003925,SKU_0054,WH_02,Mumbai,West,Transfer,,,2026-01-19,2026-01-21,44,900.05,3591,3547,Completed
MOV000462,SKU_0114,WH_01,Bengaluru,South,Outbound,,CUST_089,2026-04-21,2026-04-21,80,215.42,465,385,Completed
MOV003266,SKU_0229,WH_01,Bengaluru,South,Transfer,,,2026-06-27,2026-06-28,338,321.41,2591,-84,Completed
MOV001514,SKU_0115,WH_06,Pune,West,Transfer,,,2026-06-11,2026-06-11,455,301.24,1796,1341,Completed
MOV004337,SKU_0281,WH_06,Pune,West,Inbound,SUP_01,,2026-03-21,2026-03-24,293,1705.64,2081,2374,Completed
MOV002413,SKU_0233,WH_01,Bengaluru,South,Outbound,,CUST_041,2026-01-16,2026-01-18,81,1626.96,3100,3019,Completed
MOV004157,SKU_0040,WH_03,Delhi,North,Inbound,SUP_01,,2026-04-01,2026-04-02,99,1695.69,1051,1150,Completed
MOV004440,SKU_0182,WH_01,Bengaluru,South,Adjustment,,,2026-04-22,2026-04-25,448,1955.68,4442,4890,Completed
MOV000995,SKU_0287,WH_03,Delhi,North,Inbound,SUP_05,,2026-03-13,2026-03-15,410,1338.6,1338,1748,Completed
MOV002752,SKU_0105,WH_04,Kolkata,East,Inbound,SUP_10,,2026-03-31,2026-04-01,237,866.26,4830,5067,Completed
MOV001269,SKU_0291,WH_06,Pune,West,Outbound,,CUST_083,2026-02-09,2026-02-10,499,507.24,3004,2505,Completed
MOV004005,SKU_0254,WH_02,Mumbai,West,Inbound,SUP_11,,2026-04-28,2026-04-30,138,1184.04,1219,1357,Completed
MOV004521,SKU_0211,WH_04,Kolkata,East,Inbound,SUP_04,,2026-02-01,2026-02-04,161,171.75,4454,,Completed
MOV000444,SKU_0115,WH_03,Delhi,North,Inbound,SUP_01,,2026-02-26,2026-02-27,465,1993.5,2473,2938,Discrepancy
MOV004558,SKU_0004,WH_06,Pune,West,Inbound,SUP_08,,2026-04-16,2026-04-18,426,70.37,3169,-193,Completed
MOV000934,SKU_0044,WH_03,Delhi,North,Inbound,SUP_12,,2026-04-18,2026-04-18,205,516.79,2151,2356,Completed
MOV004235,SKU_0156,WH_02,Mumbai,West,Outbound,,CUST_011,2026-01-31,2026-02-03,228,353.0,2878,2650,Completed
MOV003714,SKU_0261,WH_06,Pune,West,Inbound,SUP_12,,2026-02-11,2026-02-12,283,1163.91,4111,,Cancelled
MOV000031,SKU_0067,WH_04,Kolkata,East,Return,,,2026-06-23,2026-06-25,208,341.27,4217,,Completed
MOV001903,SKU_0170,WH_01,Bengaluru,South,Outbound,,CUST_011,2026-01-31,2026-02-03,253,745.98,2884,2631,Completed
MOV003414,SKU_0224,WH_03,Delhi,North,Inbound,SUP_07,,2026-04-20,2026-04-20,308,1692.01,4963,5271,Completed
MOV004500,SKU_0272,WH_06,Pune,West,Outbound,,CUST_089,2026-03-17,2026-03-19,7,133.21,2547,2540,Discrepancy
MOV004854,SKU_0129,WH_02,Mumbai,West,Inbound,SUP_01,,2026-06-16,2026-06-16,56,761.19,1022,1078,Discrepancy
MOV000540,SKU_0015,WH_04,Kolkata,East,Outbound,,CUST_071,2026-06-12,2026-06-13,320,1480.65,2489,,Completed
MOV000051,SKU_0174,WH_04,Kolkata,East,Inbound,SUP_04,,2026-01-04,2026-01-06,130,775.83,3218,3348,Completed
MOV002213,SKU_0274,WH_01,Bengaluru,South,Outbound,,CUST_061,2026-03-06,2026-03-07,432,1318.56,519,,Cancelled
MOV004920,SKU_0169,WH_03,Delhi,North,Outbound,,CUST_074,,2026-01-27,271,1215.29,2127,1856,Completed
MOV002414,SKU_0026,WH_05,Hyderabad,South,Adjustment,,,2026-05-26,2026-05-26,269,484.14,4179,3910,Completed
MOV004872,SKU_0091,WH_01,Bengaluru,South,Outbound,,CUST_086,2026-03-23,2026-03-24,136,630.03,132,-4,Pending
MOV003287,SKU_0072,WH_04,Kolkata,East,Outbound,,CUST_017,2026-01-01,2026-01-02,165,667.77,3074,,Completed
MOV003204,SKU_0082,WH_03,Delhi,North,Adjustment,,,2026-01-26,2026-01-28,446,1915.59,3585,3139,Completed
MOV000110,SKU_0258,WH_04,Kolkata,East,Return,,,2026-06-08,2026-06-08,404,855.2,3575,,Completed
MOV004650,SKU_0185,WH_02,Mumbai,West,Inbound,SUP_10,,2026-04-03,2026-04-03,382,417.47,2210,-33,Completed
MOV000322,SKU_0244,WH_02,Mumbai,West,Outbound,,CUST_057,2026-04-14,2026-04-14,349,557.41,3227,2878,Completed
MOV000289,SKU_0105,WH_01,Bengaluru,South,Inbound,SUP_11,,,2026-02-01,71,1732.13,589,660,Pending
MOV003471,SKU_0084,WH_01,Bengaluru,South,Outbound,,CUST_093,2026-02-15,2026-02-15,269,1238.23,58,-211,Completed
MOV003515,SKU_0017,WH_06,Pune,West,Transfer,,,2026-02-02,2026-02-03,117,904.7,2675,2558,Completed
MOV001104,SKU_0024,WH_06,Pune,West,Adjustment,,,2026-02-21,2026-02-22,106,529.01,431,537,Completed
MOV004806,SKU_0110,WH_03,Delhi,North,Inbound,SUP_12,,2026-02-13,2026-02-16,122,1687.29,1821,1943,Completed
MOV004201,SKU_0183,WH_06,Pune,West,Transfer,,,2026-02-04,2026-02-07,10,1264.75,3768,3758,Completed
MOV003102,SKU_0245,WH_02,Mumbai,West,Inbound,SUP_08,,2026-06-08,2026-06-08,108,1700.02,4208,,Cancelled
MOV002142,SKU_0164,WH_01,Bengaluru,South,Outbound,,CUST_013,2026-01-31,2026-01-31,378,731.76,3356,2978,Completed
MOV004249,SKU_0139,WH_04,Kolkata,East,Transfer,,,2026-02-11,2026-02-12,328,1969.55,899,571,Completed
MOV004588,SKU_0002,WH_02,Mumbai,West,Adjustment,,,2026-06-26,2026-06-26,259,1835.75,2783,3042,Completed
MOV002877,SKU_0034,WH_02,Mumbai,West,Outbound,,CUST_039,2026-04-01,2026-04-01,166,1773.55,1597,1431,Pending
MOV001992,SKU_0063,WH_03,Delhi,North,Return,,,2026-05-22,2026-05-23,491,1166.1,2648,,Cancelled
MOV003192,SKU_0180,WH_04,Kolkata,East,Inbound,SUP_01,,2026-02-23,2026-02-23,478,1503.63,1556,,Completed
MOV000428,SKU_0171,WH_03,Delhi,North,Return,,,2026-02-11,2026-02-14,12,197.66,1717,1729,Completed
MOV000799,SKU_0290,WH_03,Delhi,North,Transfer,,,2026-05-13,2026-05-14,385,589.48,685,300,Completed
MOV002038,SKU_0229,WH_02,Mumbai,West,Outbound,,CUST_095,2026-01-13,2026-01-14,236,633.69,3475,3239,Completed
MOV002469,SKU_0003,WH_06,Pune,West,Inbound,SUP_11,,2026-05-04,2026-05-05,46,1767.56,2299,2345,Completed
MOV001186,SKU_0128,WH_01,Bengaluru,South,Inbound,SUP_06,,2026-05-16,2026-05-18,81,1358.18,375,456,Completed
MOV004131,SKU_0189,WH_03,Delhi,North,Inbound,SUP_07,,2026-05-01,2026-05-03,291,1865.41,3525,3816,Completed
MOV001682,SKU_0224,WH_03,Delhi,North,Inbound,SUP_09,,2026-06-05,2026-06-05,136,9779.39,3275,3411,Discrepancy
MOV001145,SKU_0004,WH_04,Kolkata,East,Outbound,,CUST_025,2026-06-30,2026-07-03,104,1249.3,2460,,Pending
MOV002372,SKU_0279,WH_02,Mumbai,West,Transfer,,,2026-04-23,2026-04-24,83,594.88,603,520,Completed
MOV000157,SKU_0033,WH_05,Hyderabad,South,Outbound,,CUST_016,2026-06-30,2026-06-30,132,671.49,1910,1778,Completed
MOV000253,SKU_0047,WH_03,Delhi,North,Return,,,2026-04-19,2026-04-21,276,1376.29,4546,4822,Completed
MOV004236,SKU_0184,WH_03,Delhi,North,Outbound,,CUST_098,2026-06-27,2026-06-29,46,562.28,2563,,Cancelled
MOV002539,SKU_0155,WH_06,Pune,West,Return,,,2026-06-20,2026-06-23,314,1873.0,2759,,Cancelled
MOV003809,SKU_0298,WH_05,Hyderabad,South,Outbound,,CUST_025,2026-02-18,2026-02-20,284,97.9,3010,2726,Completed
MOV003190,SKU_0029,WH_04,Kolkata,East,Inbound,SUP_01,,2026-05-08,2026-05-10,38,851.24,3944,,Discrepancy
MOV003127,SKU_0258,WH_03,Delhi,North,Inbound,SUP_01,,2026-03-18,2026-03-20,432,434.88,494,926,Completed
MOV001883,SKU_0041,WH_05,Hyderabad,South,Transfer,,,2026-03-10,2026-03-12,462,1459.98,3650,3188,Completed
MOV001304,SKU_0197,WH_03,Delhi,North,Outbound,,CUST_034,2026-06-06,2026-06-08,402,1293.9,4177,3775,Completed
MOV001352,SKU_0164,WH_03,Delhi,North,Outbound,,CUST_021,2026-06-11,2026-06-12,318,1198.02,3195,2877,Completed
MOV000211,SKU_0290,WH_02,Mumbai,West,Outbound,,CUST_092,2026-05-14,2026-05-16,474,898.12,4712,-196,Completed
MOV004004,SKU_0063,WH_01,Bengaluru,South,Adjustment,,,2026-06-22,2026-06-25,14,1224.71,2194,2180,Completed
MOV000828,SKU_0165,WH_02,Mumbai,West,Outbound,,CUST_076,2026-01-23,2026-01-26,447,1644.83,832,385,Pending
MOV000193,SKU_0163,WH_03,Delhi,North,Adjustment,,,2026-03-21,2026-03-22,57,1329.06,2415,2472,Pending
MOV002075,SKU_0225,WH_01,Bengaluru,South,Outbound,,CUST_046,2026-06-13,2026-06-16,473,264.54,2209,1736,Completed
MOV002303,SKU_0289,WH_01,Bengaluru,South,Outbound,,CUST_067,2026-06-21,,359,99.82,2371,2012,Completed
MOV004484,SKU_0082,WH_05,Hyderabad,South,Outbound,,CUST_052,2026-03-15,2026-03-18,88,874.63,2078,1990,Completed
MOV003980,SKU_0197,WH_02,Mumbai,West,Inbound,SUP_11,,2026-05-15,2026-05-16,100,764.44,76,176,Discrepancy
MOV004518,SKU_0142,WH_04,Kolkata,East,Inbound,SUP_11,,2026-04-30,2026-05-01,295,878.28,1212,,Completed
MOV001781,SKU_0028,WH_03,Delhi,North,Outbound,,CUST_090,2026-02-26,2026-02-27,395,660.04,3219,2824,Completed
MOV002729,SKU_0161,WH_06,Pune,West,Outbound,,CUST_091,,2026-03-05,108,1646.71,4195,4087,Completed
MOV002977,SKU_0193,WH_01,Bengaluru,South,Return,,,2026-02-19,2026-02-22,307,128.34,1703,2010,Discrepancy
MOV004257,SKU_0170,WH_04,Kolkata,East,Outbound,,CUST_007,2026-01-09,2026-01-12,260,1414.54,2697,,Completed
MOV004995,SKU_0118,WH_01,Bengaluru,South,Inbound,SUP_04,,2026-05-31,2026-06-01,485,462.86,1958,2443,Completed
MOV002371,SKU_0140,WH_03,Delhi,North,Transfer,,,2026-01-22,2026-01-23,317,1803.4,819,502,Completed
MOV000567,SKU_0133,WH_03,Delhi,North,Transfer,,,2026-02-05,2026-02-08,411,1478.86,1687,1276,Completed
MOV004411,SKU_0008,WH_02,Mumbai,West,Inbound,SUP_08,,2026-04-04,2026-04-05,155,1060.69,402,557,Completed
MOV001561,SKU_0194,WH_06,Pune,West,Return,,,2026-06-17,2026-06-20,445,1060.81,2554,2999,Completed
MOV003227,SKU_0010,WH_04,Kolkata,East,Transfer,,,2026-03-16,2026-03-16,351,1397.7,2111,,Discrepancy
MOV004899,SKU_0058,WH_01,Bengaluru,South,Return,,,2026-02-21,2026-02-24,50,1319.79,4262,4312,Completed
MOV002354,SKU_0237,WH_05,Hyderabad,South,Outbound,,CUST_011,2026-03-14,2026-03-16,320,1313.53,1247,927,Pending
MOV004868,SKU_0149,WH_03,Delhi,North,Outbound,,CUST_009,2026-06-27,2026-06-27,413,1104.15,3501,3088,Pending
MOV004468,SKU_0017,WH_06,Pune,West,Inbound,SUP_06,,2026-06-13,2026-06-15,481,390.31,4195,4676,Completed
MOV004097,SKU_0186,WH_05,Hyderabad,South,Adjustment,,,2026-02-28,2026-03-03,14,1208.15,790,804,Completed
MOV001557,SKU_0218,WH_05,Hyderabad,South,Inbound,SUP_10,,2026-06-24,2026-06-26,192,1418.89,2818,3010,Completed
MOV002723,SKU_0081,WH_02,Mumbai,West,Inbound,SUP_09,,2026-01-15,2026-01-17,353,11308.24,3988,4341,Completed
MOV003629,SKU_0284,WH_05,Hyderabad,South,Inbound,SUP_02,,2026-05-09,2026-05-12,294,1698.95,4589,,Cancelled
MOV004328,SKU_0131,WH_05,Hyderabad,South,Inbound,SUP_03,,2026-03-10,2026-03-13,315,1796.38,2907,3222,Completed
MOV000046,SKU_0131,WH_06,Pune,West,Transfer,,,2026-03-19,2026-03-20,7,990.72,3979,3972,Completed
MOV002074,SKU_0084,WH_02,Mumbai,West,Outbound,,CUST_099,2026-03-30,2026-04-02,316,662.13,190,-126,Completed
MOV004494,SKU_0182,WH_03,Delhi,North,Transfer,,,2026-06-27,2026-06-29,400,1883.7,4589,,Cancelled
MOV001737,SKU_0153,WH_03,Delhi,North,Outbound,,CUST_096,2026-03-30,2026-04-02,151,1899.39,3143,-175,Completed
MOV000440,SKU_0261,WH_05,Hyderabad,South,Adjustment,,,2026-04-20,2026-04-22,234,1303.99,2602,2836,Completed
MOV002672,SKU_0265,WH_06,Pune,West,Return,,,2026-01-14,2026-01-14,228,639.85,3660,-43,Completed
MOV004089,SKU_0093,WH_03,Delhi,North,Outbound,,CUST_089,2026-05-11,2026-05-11,56,836.76,3231,3175,Completed
MOV000261,SKU_0154,WH_03,Delhi,North,Inbound,SUP_01,,2026-05-05,2026-05-06,83,673.55,4999,5082,Completed
MOV004460,SKU_0023,WH_01,Bengaluru,South,Inbound,SUP_08,,2026-04-23,2026-04-25,419,1067.29,1392,1811,Discrepancy
MOV000935,SKU_0118,WH_01,Bengaluru,South,Outbound,,CUST_051,2026-05-04,2026-05-06,13,133.53,1351,1338,Completed
MOV001912,SKU_0259,WH_03,Delhi,North,Transfer,,,2026-05-31,2026-06-03,308,1697.92,2886,2578,Discrepancy
MOV004145,SKU_0248,WH_06,Pune,West,Return,,,2026-04-17,2026-04-17,78,1105.35,2063,2141,Completed
MOV000824,SKU_0113,WH_03,Delhi,North,Inbound,SUP_10,,2026-03-04,2026-03-04,319,998.51,1536,1855,Completed
MOV003246,SKU_0092,WH_03,Delhi,North,Inbound,SUP_03,,2026-01-04,2026-01-04,146,373.1,957,1103,Completed
MOV002389,SKU_0097,WH_04,Kolkata,East,Transfer,,,2026-05-19,2026-05-22,192,169.05,4375,,Completed
MOV000981,SKU_0255,WH_01,Bengaluru,South,Inbound,SUP_01,,2026-03-21,2026-03-24,91,741.24,987,1078,Discrepancy
MOV003906,SKU_0293,WH_01,Bengaluru,South,Adjustment,,,2026-04-07,2026-04-07,500,1226.08,3886,4386,Completed
MOV000631,SKU_0195,WH_04,Kolkata,East,Inbound,SUP_02,,2026-06-23,2026-06-23,232,1144.18,4047,,Completed
MOV004117,SKU_0150,WH_03,Delhi,North,Inbound,SUP_07,,2026-02-09,2026-02-09,35,373.07,4663,4698,Discrepancy
MOV001900,SKU_0255,WH_03,Delhi,North,Adjustment,,,2026-06-21,2026-06-21,254,1460.24,2299,2045,Completed
MOV001540,SKU_0082,WH_06,Pune,West,Inbound,SUP_09,,2026-01-02,2026-01-04,21,19342.51,3907,3928,Completed
MOV001283,SKU_0063,WH_05,Hyderabad,South,Return,,,2026-05-04,2026-05-05,358,754.0,1740,2098,Completed
MOV003757,SKU_0150,WH_03,Delhi,North,Outbound,,CUST_026,2026-06-28,2026-07-01,200,1173.88,3107,,Cancelled
MOV002828,SKU_0299,WH_05,Hyderabad,South,Inbound,SUP_12,,2026-05-03,2026-05-03,453,534.02,4240,4693,Completed
MOV002292,SKU_0038,WH_04,Kolkata,East,Adjustment,,,2026-03-20,2026-03-22,351,57.87,2070,,Completed
MOV000686,SKU_0024,WH_06,Pune,West,Return,,,2026-02-25,2026-02-26,394,255.5,4765,5159,Completed
MOV003282,SKU_0231,WH_01,Bengaluru,South,Transfer,,,2026-05-07,2026-05-08,358,1158.27,3865,3507,Completed
MOV004385,SKU_0069,WH_02,Mumbai,West,Outbound,,CUST_053,,2026-01-21,147,609.1,2869,2722,Completed
MOV004207,SKU_0273,WH_06,Pune,West,Outbound,,CUST_049,2026-04-22,2026-04-24,411,435.83,1323,912,Completed
MOV001319,SKU_0299,WH_05,Hyderabad,South,Adjustment,,,2026-03-23,2026-03-23,231,1710.93,1935,1704,Pending
MOV003856,SKU_0144,WH_03,Delhi,North,Return,,,2026-04-13,2026-04-14,479,310.4,4173,4652,Completed
MOV001826,SKU_0299,WH_05,Hyderabad,South,Adjustment,,,2026-05-20,2026-05-20,451,609.91,246,697,Discrepancy
MOV004875,SKU_0263,WH_04,Kolkata,East,Transfer,,,2026-05-22,2026-05-24,173,1949.78,384,211,Completed
MOV000040,SKU_0046,WH_02,Mumbai,West,Outbound,,CUST_006,2026-04-11,2026-04-11,154,643.28,1907,1753,Completed
MOV003202,SKU_0120,WH_05,Hyderabad,South,Outbound,,CUST_069,2026-02-20,2026-02-21,313,1298.73,2821,2508,Discrepancy
MOV002516,SKU_0126,WH_02,Mumbai,West,Outbound,,CUST_024,2026-02-17,2026-02-18,345,353.82,1665,1320,Completed
MOV001111,SKU_0113,WH_03,Delhi,North,Transfer,,,2026-04-01,2026-04-04,189,534.73,1241,1052,Completed
MOV000260,SKU_0143,WH_03,Delhi,North,Return,,,2026-05-08,2026-05-09,292,1592.12,3910,,Cancelled
MOV004819,SKU_0107,WH_04,Kolkata,East,Inbound,SUP_09,,2026-02-14,2026-02-17,33,16668.05,2712,2745,Completed
MOV001676,SKU_0127,WH_01,Bengaluru,South,Inbound,SUP_01,,2026-02-07,2026-02-07,315,1972.1,3794,4109,Completed
MOV002498,SKU_0255,WH_05,Hyderabad,South,Outbound,,CUST_017,2026-02-17,2026-02-17,275,1830.06,1069,794,Completed
MOV001064,SKU_0146,WH_01,Bengaluru,South,Outbound,,CUST_027,2026-05-29,2026-06-01,454,1570.61,3272,2818,Completed
MOV000970,SKU_0289,WH_03,Delhi,North,Return,,,2026-01-17,2026-01-20,54,476.92,4886,4940,Completed
MOV000994,SKU_0195,WH_06,Pune,West,Inbound,SUP_11,,2026-01-02,2026-01-04,95,190.22,3406,3501,Completed
MOV002233,SKU_0071,WH_06,Pune,West,Adjustment,,,2026-01-04,2026-01-05,68,1350.26,2528,2596,Completed
MOV002926,SKU_0225,WH_03,Delhi,North,Inbound,SUP_09,,2026-06-07,2026-06-10,131,17090.54,1868,1999,Pending
MOV003409,SKU_0234,WH_03,Delhi,North,Adjustment,,,2026-05-30,2026-06-02,355,422.3,2056,,Cancelled
MOV004790,SKU_0168,WH_03,Delhi,North,Inbound,SUP_06,,2026-04-20,2026-04-20,445,87.76,4863,-132,Completed
MOV004571,SKU_0275,WH_05,Hyderabad,South,Transfer,,,2026-04-26,2026-04-27,44,81.22,291,247,Completed
MOV002879,SKU_0073,WH_02,Mumbai,West,Adjustment,,,2026-02-27,2026-03-01,73,400.08,703,776,Completed
MOV002281,SKU_0043,WH_04,Kolkata,East,Outbound,,CUST_010,2026-02-25,2026-02-27,393,1663.31,3850,3457,Completed
MOV003118,SKU_0078,WH_03,Delhi,North,Inbound,SUP_06,,2026-04-28,2026-04-28,360,1571.64,4002,4362,Discrepancy
MOV004388,SKU_0086,WH_02,Mumbai,West,Transfer,,,2026-05-05,2026-05-07,40,1941.52,3653,3613,Completed
MOV003056,SKU_0154,WH_06,Pune,West,Inbound,SUP_11,,2026-06-16,2026-06-16,250,1651.97,3142,3392,Completed
MOV002692,SKU_0101,WH_03,Delhi,North,Inbound,SUP_01,,2026-03-28,2026-03-30,388,758.49,1654,2042,Completed
MOV001755,SKU_0203,WH_02,Mumbai,West,Outbound,,CUST_094,2026-01-23,2026-01-23,411,798.23,3559,3148,Completed
MOV003758,SKU_0164,WH_02,Mumbai,West,Inbound,SUP_02,,2026-03-12,2026-03-15,476,953.96,1781,2257,Completed
MOV003040,SKU_0155,WH_04,Kolkata,East,Adjustment,,,2026-04-11,2026-04-11,426,1757.12,4128,,Completed
MOV000514,SKU_0063,WH_05,Hyderabad,South,Inbound,SUP_02,,2026-01-09,2026-01-12,340,1835.46,2480,2820,Discrepancy
MOV004232,SKU_0163,WH_02,Mumbai,West,Outbound,,CUST_001,2026-03-14,2026-03-15,379,265.85,3918,3539,Pending
MOV001477,SKU_0268,WH_04,Kolkata,East,Inbound,SUP_02,,2026-02-13,2026-02-16,320,1781.42,2577,,Discrepancy
MOV000600,SKU_0028,WH_06,Pune,West,Transfer,,,2026-05-25,2026-05-25,294,136.8,1345,1051,Completed
MOV003457,SKU_0179,WH_04,Kolkata,East,Outbound,,CUST_092,2026-01-17,2026-01-20,104,1077.38,1564,,Cancelled
MOV001138,SKU_0128,WH_04,Kolkata,East,Outbound,,CUST_092,2026-03-09,2026-03-10,116,1630.76,1361,,Completed
MOV001378,SKU_0272,WH_01,Bengaluru,South,Transfer,,,2026-06-01,,348,633.54,3999,,Cancelled
MOV000147,SKU_0241,WH_06,Pune,West,Inbound,SUP_02,,2026-04-03,2026-04-04,323,1613.6,3907,4230,Completed
MOV004951,SKU_0300,WH_01,Bengaluru,South,Transfer,,,2026-03-29,,423,1374.1,1217,794,Completed
MOV002577,SKU_0192,WH_01,Bengaluru,South,Outbound,,CUST_056,2026-04-01,2026-04-02,235,1231.37,928,693,Pending
MOV001375,SKU_0069,WH_06,Pune,West,Inbound,SUP_06,,2026-03-02,2026-03-02,315,716.76,2311,2626,Completed
MOV003802,SKU_0231,WH_04,Kolkata,East,Transfer,,,2026-02-26,2026-02-26,69,1450.98,1224,,Completed
MOV003047,SKU_0258,WH_04,Kolkata,East,Adjustment,,,2026-02-05,2026-02-06,194,520.22,3443,,Completed
MOV003466,SKU_0149,WH_03,Delhi,North,Transfer,,,2026-03-07,2026-03-10,198,1418.7,2653,2455,Completed
MOV001619,SKU_0128,WH_01,Bengaluru,South,Transfer,,,2026-04-20,2026-04-22,391,1954.47,4873,4482,Completed
MOV001404,SKU_0216,WH_06,Pune,West,Return,,,2026-01-30,2026-01-31,426,1898.45,1994,2420,Discrepancy
MOV002677,SKU_0050,WH_01,Bengaluru,South,Adjustment,,,2026-01-30,2026-01-30,407,1125.01,3828,3421,Discrepancy
MOV001369,SKU_0138,WH_02,Mumbai,West,Inbound,SUP_03,,2026-02-15,2026-02-16,133,1541.93,2982,3115,Completed
MOV001508,SKU_0101,WH_05,Hyderabad,South,Adjustment,,,2026-02-13,2026-02-15,334,97.58,2854,3188,Completed
MOV003215,SKU_0141,WH_06,Pune,West,Inbound,SUP_04,,2026-06-20,2026-06-21,419,1387.23,149,568,Completed
MOV003077,SKU_0214,WH_06,Pune,West,Outbound,,CUST_037,2026-04-07,2026-04-08,84,1604.24,4066,3982,Completed
MOV002261,SKU_0233,WH_02,Mumbai,West,Transfer,,,2026-04-21,2026-04-23,420,1612.33,3947,3527,Completed
MOV004731,SKU_0076,WH_03,Delhi,North,Return,,,2026-04-13,2026-04-13,280,306.96,4059,4339,Completed
MOV001812,SKU_0288,WH_02,Mumbai,West,Transfer,,,2026-02-18,2026-02-19,179,764.95,2739,2560,Completed
MOV000135,SKU_0049,WH_05,Hyderabad,South,Outbound,,CUST_097,2026-02-06,2026-02-06,110,1450.46,1039,929,Completed
MOV003276,SKU_0150,WH_05,Hyderabad,South,Outbound,,CUST_048,2026-05-28,2026-05-29,46,184.19,4882,4836,Completed
MOV001196,SKU_0199,WH_02,Mumbai,West,Transfer,,,2026-04-15,2026-04-16,11,1089.45,2276,2265,Completed
MOV001792,SKU_0033,WH_06,Pune,West,Outbound,,CUST_060,2026-05-30,2026-05-30,441,1348.3,861,420,Discrepancy
MOV004144,SKU_0208,WH_06,Pune,West,Outbound,,CUST_003,2026-02-03,2026-02-03,485,135.92,1201,716,Completed
MOV001973,SKU_0199,WH_03,Delhi,North,Adjustment,,,2026-05-31,2026-06-03,326,1950.32,1380,1706,Completed
MOV002057,SKU_0105,WH_01,Bengaluru,South,Adjustment,,,2026-03-20,2026-03-22,357,271.83,1168,1525,Completed
MOV000209,SKU_0013,WH_06,Pune,West,Transfer,,,2026-04-29,2026-04-30,434,831.03,800,366,Completed
MOV003734,SKU_0077,WH_01,Bengaluru,South,Outbound,,CUST_048,2026-01-30,2026-01-31,365,748.83,1693,1328,Completed
MOV001085,SKU_0040,WH_05,Hyderabad,South,Return,,,2026-04-18,2026-04-21,62,1428.22,3053,3115,Completed
MOV003668,SKU_0054,WH_05,Hyderabad,South,Inbound,SUP_10,,2026-03-29,2026-03-30,73,57.54,769,842,Completed
MOV001416,SKU_0253,WH_02,Mumbai,West,Inbound,SUP_05,,2026-06-01,2026-06-03,313,1416.32,3811,4124,Completed
MOV004283,SKU_0104,WH_01,Bengaluru,South,Inbound,SUP_09,,2026-06-14,2026-06-14,420,14956.19,4545,4965,Completed
MOV000192,SKU_0288,WH_05,Hyderabad,South,Inbound,SUP_04,,2026-04-18,2026-04-21,206,908.32,4812,5018,Completed
MOV003098,SKU_0193,WH_02,Mumbai,West,Outbound,,CUST_055,2026-02-17,2026-02-17,372,356.38,252,-120,Completed
MOV000447,SKU_0255,WH_05,Hyderabad,South,Outbound,,CUST_044,2026-01-25,2026-01-27,195,1921.57,1149,954,Completed
MOV004185,SKU_0001,WH_01,Bengaluru,South,Transfer,,,2026-06-03,2026-06-04,439,1243.97,4648,4209,Completed
MOV002380,SKU_0256,WH_05,Hyderabad,South,Return,,,2026-06-03,2026-06-04,64,1558.7,3808,3872,Completed
MOV003377,SKU_0251,WH_01,Bengaluru,South,Outbound,,CUST_092,2026-05-04,2026-05-06,407,1086.78,1457,1050,Completed
MOV001523,SKU_0276,WH_03,Delhi,North,Inbound,SUP_05,,2026-02-06,2026-02-07,87,1407.95,2825,2912,Completed
MOV003495,SKU_0081,WH_01,Bengaluru,South,Return,,,2026-04-16,2026-04-17,415,1022.89,983,1398,Completed
MOV004867,SKU_0210,WH_02,Mumbai,West,Outbound,,CUST_045,2026-06-25,2026-06-27,69,1992.82,3531,3462,Completed
MOV002485,SKU_0097,WH_03,Delhi,North,Outbound,,CUST_057,2026-03-17,,421,1406.75,1504,1083,Completed
MOV003788,SKU_0271,WH_02,Mumbai,West,Inbound,SUP_04,,2026-03-27,2026-03-29,52,1512.85,292,344,Completed
MOV003467,SKU_0233,WH_05,Hyderabad,South,Adjustment,,,2026-05-12,2026-05-12,494,968.58,863,369,Completed
MOV004332,SKU_0191,WH_04,Kolkata,East,Outbound,,CUST_050,2026-01-24,2026-01-25,72,536.1,666,,Completed
MOV002616,SKU_0089,WH_05,Hyderabad,South,Outbound,,CUST_007,2026-04-06,2026-04-09,221,129.84,3303,3082,Completed
MOV004303,SKU_0132,WH_06,Pune,West,Adjustment,,,2026-06-10,2026-06-10,297,231.35,282,-15,Completed
MOV000905,SKU_0067,WH_04,Kolkata,East,Outbound,,CUST_038,2026-06-27,2026-06-27,43,1433.18,4581,,Completed
MOV003326,SKU_0221,WH_02,Mumbai,West,Outbound,,CUST_011,2026-03-10,2026-03-10,363,534.0,4554,4191,Completed
MOV001621,SKU_0065,WH_06,Pune,West,Outbound,,CUST_072,2026-02-06,2026-02-06,80,677.12,1516,-166,Completed
MOV004113,SKU_0017,WH_02,Mumbai,West,Return,,,2026-04-18,2026-04-21,369,110.13,634,1003,Completed
MOV002280,SKU_0115,WH_03,Delhi,North,Inbound,SUP_01,,2026-04-14,2026-04-14,144,280.19,1202,1346,Completed
MOV001250,SKU_0001,WH_02,Mumbai,West,Outbound,,CUST_073,2026-03-29,2026-03-29,78,1673.11,1517,1439,Completed
MOV002830,SKU_0260,WH_03,Delhi,North,Inbound,SUP_11,,2026-02-21,2026-02-21,165,1951.08,3313,3478,Completed
MOV004116,SKU_0078,WH_03,Delhi,North,Outbound,,CUST_099,2026-04-15,2026-04-17,258,300.99,75,-183,Completed
MOV003145,SKU_0118,WH_05,Hyderabad,South,Return,,,2026-01-14,2026-01-17,291,611.13,4456,4747,Completed
MOV002724,SKU_0017,WH_05,Hyderabad,South,Return,,,2026-06-10,2026-06-12,466,1984.64,2951,3417,Completed
MOV004239,SKU_0213,WH_05,Hyderabad,South,Return,,,2026-05-23,2026-05-25,328,1417.6,1348,,Cancelled
MOV002559,SKU_0230,WH_05,Hyderabad,South,Outbound,,CUST_077,2026-01-22,2026-01-24,79,286.13,3530,3451,Completed
MOV001950,SKU_0188,WH_03,Delhi,North,Transfer,,,2026-03-28,2026-03-30,58,171.85,4929,4871,Discrepancy
MOV002314,SKU_0046,WH_04,Kolkata,East,Outbound,,CUST_090,2026-03-12,2026-03-14,173,607.67,2259,,Completed
MOV001048,SKU_0180,WH_05,Hyderabad,South,Inbound,SUP_04,,2026-01-28,2026-01-29,164,1038.25,210,374,Completed
MOV000248,SKU_0090,WH_03,Delhi,North,Return,,,2026-05-20,2026-05-20,389,370.9,2195,2584,Completed
MOV002955,SKU_0078,WH_02,Mumbai,West,Inbound,SUP_02,,2026-05-03,2026-05-03,99,908.11,4416,4515,Completed
MOV004139,SKU_0107,WH_03,Delhi,North,Inbound,SUP_06,,2026-04-04,2026-04-07,417,1331.27,1107,1524,Completed
MOV000975,SKU_0095,WH_01,Bengaluru,South,Outbound,,CUST_089,2026-06-14,2026-06-14,490,1806.77,2240,1750,Pending
MOV002181,SKU_0198,WH_01,Bengaluru,South,Outbound,,CUST_012,2026-01-15,2026-01-15,75,503.88,1424,1349,Completed
MOV000587,SKU_0265,WH_05,Hyderabad,South,Outbound,,CUST_088,2026-06-15,2026-06-15,336,574.43,59,-277,Completed
MOV003578,SKU_0142,WH_02,Mumbai,West,Inbound,SUP_06,,2026-05-15,2026-05-16,147,444.53,2961,3108,Completed
MOV002473,SKU_0277,WH_02,Mumbai,West,Outbound,,CUST_027,2026-03-12,2026-03-14,492,256.63,4409,3917,Completed
MOV004646,SKU_0024,WH_06,Pune,West,Outbound,,CUST_060,2026-05-15,2026-05-17,140,1788.3,2293,2153,Completed
MOV000012,SKU_0032,WH_02,Mumbai,West,Inbound,SUP_04,,2026-04-23,2026-04-24,57,713.1,430,487,Completed
MOV000660,SKU_0142,WH_05,Hyderabad,South,Outbound,,CUST_080,2026-02-04,2026-02-07,10,1270.69,704,694,Discrepancy
MOV001794,SKU_0125,WH_04,Kolkata,East,Transfer,,,2026-05-07,2026-05-08,91,1032.93,2342,,Completed
MOV001657,SKU_0063,WH_03,Delhi,North,Outbound,,CUST_020,2026-01-29,2026-01-30,284,1340.24,751,,Cancelled
MOV002189,SKU_0087,WH_01,Bengaluru,South,Adjustment,,,2026-01-07,2026-01-07,365,1114.77,1480,1115,Completed
MOV004902,SKU_0164,WH_01,Bengaluru,South,Inbound,SUP_09,,2026-05-23,,426,9284.04,110,536,Completed
MOV004900,SKU_0193,WH_05,Hyderabad,South,Outbound,,CUST_038,2026-04-26,2026-04-29,315,310.04,1845,1530,Completed
MOV003372,SKU_0217,WH_03,Delhi,North,Adjustment,,,2026-05-14,2026-05-17,270,314.8,1878,2148,Completed
MOV003412,SKU_0130,WH_04,Kolkata,East,Transfer,,,2026-02-27,2026-02-27,73,447.65,1628,,Completed
MOV002150,SKU_0222,WH_06,Pune,West,Outbound,,CUST_043,2026-01-07,2026-01-08,22,1165.09,3333,3311,Completed
MOV004855,SKU_0144,WH_06,Pune,West,Outbound,,CUST_019,2026-03-14,2026-03-17,316,59.72,149,-167,Completed
MOV000755,SKU_0163,WH_06,Pune,West,Inbound,SUP_05,,2026-01-07,,387,1446.91,2407,,Cancelled
MOV002925,SKU_0223,WH_06,Pune,West,Inbound,SUP_03,,2026-03-02,2026-03-02,75,352.81,1117,1192,Completed
MOV002945,SKU_0300,WH_02,Mumbai,West,Inbound,SUP_10,,2026-05-16,2026-05-17,403,1240.08,2903,3306,Discrepancy
MOV002433,SKU_0152,WH_05,Hyderabad,South,Adjustment,,,2026-04-10,2026-04-12,322,1019.22,4633,4955,Completed
MOV000437,SKU_0294,WH_05,Hyderabad,South,Outbound,,CUST_036,2026-01-22,2026-01-25,477,1665.86,380,-97,Completed
MOV003036,SKU_0009,WH_04,Kolkata,East,Outbound,,CUST_046,2026-04-11,2026-04-13,274,1400.95,2429,,Cancelled
MOV002489,SKU_0209,WH_04,Kolkata,East,Outbound,,CUST_081,2026-06-24,2026-06-25,110,1899.56,667,,Completed
MOV002396,SKU_0132,WH_04,Kolkata,East,Transfer,,,2026-06-02,2026-06-03,494,976.79,4997,,Completed
MOV000468,SKU_0290,WH_05,Hyderabad,South,Inbound,SUP_09,,2026-02-22,2026-02-25,373,6721.46,4181,4554,Completed
MOV002777,SKU_0133,WH_02,Mumbai,West,Outbound,,CUST_090,2026-05-12,2026-05-14,163,1487.3,1965,1802,Completed
MOV000537,SKU_0270,WH_04,Kolkata,East,Inbound,SUP_02,,2026-04-14,2026-04-14,255,1476.42,4133,,Completed
MOV002278,SKU_0193,WH_03,Delhi,North,Adjustment,,,2026-04-02,2026-04-04,275,1911.43,4479,4754,Completed
MOV001575,SKU_0030,WH_04,Kolkata,East,Outbound,,CUST_073,2026-06-02,2026-06-05,497,975.71,278,,Completed
MOV001630,SKU_0277,WH_03,Delhi,North,Inbound,SUP_11,,2026-01-08,2026-01-08,41,1974.47,2133,2174,Completed
MOV002386,SKU_0036,WH_03,Delhi,North,Inbound,SUP_07,,2026-04-07,2026-04-09,234,841.75,2564,2798,Completed
MOV003892,SKU_0290,WH_02,Mumbai,West,Return,,,2026-01-21,2026-01-22,253,1914.47,61,314,Completed
MOV002277,SKU_0261,WH_04,Kolkata,East,Outbound,,CUST_048,2026-03-01,2026-03-02,387,1340.37,661,274,Completed
MOV001506,SKU_0060,WH_05,Hyderabad,South,Outbound,,CUST_074,2026-04-15,2026-04-17,451,70.45,4705,4254,Completed
MOV004233,SKU_0157,WH_05,Hyderabad,South,Inbound,SUP_03,,2026-01-26,2026-01-26,177,907.7,4780,4957,Discrepancy
MOV003281,SKU_0019,WH_05,Hyderabad,South,Outbound,,CUST_021,2026-02-02,2026-02-05,409,1833.34,4371,3962,Completed
MOV002645,SKU_0084,WH_01,Bengaluru,South,Outbound,,CUST_077,2026-06-19,2026-06-21,254,1304.2,4843,4589,Completed
MOV003283,SKU_0121,WH_04,Kolkata,East,Outbound,,CUST_018,2026-06-30,2026-07-02,93,1954.53,1153,,Completed
MOV004111,SKU_0007,WH_03,Delhi,North,Return,,,2026-01-16,2026-01-18,122,1410.16,4828,,Cancelled
MOV000066,SKU_0075,WH_04,Kolkata,East,Inbound,SUP_01,,2026-06-02,2026-06-03,213,151.09,492,,Completed
MOV003296,SKU_0209,WH_06,Pune,West,Transfer,,,2026-02-04,2026-02-06,260,635.8,1664,1404,Completed
MOV004086,SKU_0214,WH_03,Delhi,North,Outbound,,CUST_061,2026-04-09,,58,1800.74,2405,,Cancelled
MOV001733,SKU_0251,WH_04,Kolkata,East,Transfer,,,2026-05-11,2026-05-14,426,1379.58,1549,1123,Discrepancy
MOV001099,SKU_0173,WH_05,Hyderabad,South,Outbound,,CUST_043,2026-05-17,2026-05-20,38,1117.98,3449,3411,Discrepancy
MOV002840,SKU_0246,WH_05,Hyderabad,South,Inbound,SUP_06,,2026-01-29,2026-01-29,304,1903.23,1198,1502,Completed
MOV001165,SKU_0212,WH_05,Hyderabad,South,Transfer,,,2026-02-10,2026-02-11,352,1305.23,3878,3526,Completed
MOV004813,SKU_0177,WH_04,Kolkata,East,Inbound,SUP_06,,2026-05-03,2026-05-05,193,1032.52,4362,,Completed
MOV004044,SKU_0076,WH_04,Kolkata,East,Adjustment,,,2026-06-07,2026-06-09,331,1598.46,4585,,Completed
MOV003557,SKU_0222,WH_05,Hyderabad,South,Return,,,2026-02-21,2026-02-22,381,512.01,2772,3153,Completed
MOV000216,SKU_0071,WH_02,Mumbai,West,Transfer,,,2026-05-05,2026-05-08,122,1425.96,48,-74,Completed
MOV003430,SKU_0265,WH_01,Bengaluru,South,Inbound,SUP_03,,2026-02-18,2026-02-19,226,119.49,2231,2457,Completed
MOV002592,SKU_0296,WH_02,Mumbai,West,Inbound,SUP_04,,2026-03-22,2026-03-22,180,1899.69,4979,,Cancelled
MOV001663,SKU_0136,WH_01,Bengaluru,South,Inbound,SUP_05,,2026-03-25,2026-03-26,324,661.07,3681,,Cancelled
MOV003302,SKU_0034,WH_01,Bengaluru,South,Inbound,SUP_04,,2026-02-23,2026-02-23,232,969.04,3993,4225,Completed
MOV003805,SKU_0031,WH_04,Kolkata,East,Outbound,,CUST_087,2026-01-18,2026-01-18,235,127.68,4573,,Completed
MOV002915,SKU_0057,WH_02,Mumbai,West,Adjustment,,,2026-05-29,2026-06-01,375,169.91,2452,2077,Completed
MOV000978,SKU_0122,WH_04,Kolkata,East,Outbound,,CUST_018,2026-01-05,2026-01-06,409,898.17,1320,,Completed
MOV000820,SKU_0232,WH_03,Delhi,North,Inbound,SUP_02,,2026-06-13,2026-06-15,182,1585.0,4382,4564,Completed
MOV004965,SKU_0258,WH_04,Kolkata,East,Outbound,,CUST_031,2026-03-26,2026-03-28,333,59.15,4095,,Completed
MOV002944,SKU_0226,WH_02,Mumbai,West,Outbound,,CUST_053,2026-04-01,2026-04-02,31,125.07,4416,4385,Completed
MOV003976,SKU_0009,WH_04,Kolkata,East,Adjustment,,,2026-05-19,2026-05-22,355,872.82,343,,Completed
MOV003795,SKU_0221,WH_01,Bengaluru,South,Outbound,,CUST_055,2026-04-26,2026-04-29,41,1552.96,4945,4904,Completed
MOV000232,SKU_0038,WH_04,Kolkata,East,Inbound,SUP_09,,2026-05-21,2026-05-21,321,21574.44,836,,Completed
MOV002659,SKU_0182,WH_04,Kolkata,East,Return,,,,2026-01-06,198,1668.94,618,,Completed
MOV004639,SKU_0185,WH_03,Delhi,North,Outbound,,CUST_092,2026-02-27,2026-02-27,346,1856.38,694,348,Completed
MOV004756,SKU_0141,WH_01,Bengaluru,South,Return,,,2026-06-23,2026-06-25,275,1563.31,2764,3039,Discrepancy
MOV002663,SKU_0164,WH_03,Delhi,North,Inbound,SUP_01,,2026-02-17,2026-02-18,71,1821.58,4345,4416,Completed
MOV001141,SKU_0026,WH_04,Kolkata,East,Outbound,,CUST_035,2026-06-14,2026-06-15,306,489.19,4209,,Discrepancy
MOV000625,SKU_0026,WH_05,Hyderabad,South,Inbound,SUP_09,,2026-05-16,2026-05-19,49,11306.97,4361,4410,Completed
MOV002872,SKU_0120,WH_02,Mumbai,West,Inbound,SUP_07,,2026-03-08,2026-03-09,9,1045.99,2143,2152,Completed
MOV003790,SKU_0151,WH_01,Bengaluru,South,Outbound,,CUST_038,2026-03-01,2026-03-01,81,287.47,1876,1795,Discrepancy
MOV003132,SKU_0018,WH_03,Delhi,North,Adjustment,,,2026-03-12,,371,540.76,2322,1951,Completed
MOV001142,SKU_0020,WH_03,Delhi,North,Inbound,SUP_05,,2026-06-27,2026-06-30,68,466.45,2425,2493,Completed
MOV001189,SKU_0149,WH_04,Kolkata,East,Outbound,,CUST_063,2026-05-16,2026-05-17,430,1987.56,3066,2636,Completed
MOV004835,SKU_0041,WH_01,Bengaluru,South,Outbound,,CUST_079,2026-05-12,2026-05-15,82,1545.76,787,705,Completed
MOV003402,SKU_0265,WH_03,Delhi,North,Inbound,SUP_08,,2026-01-19,2026-01-21,53,1071.9,1048,1101,Completed
MOV000111,SKU_0290,WH_02,Mumbai,West,Transfer,,,2026-01-24,,88,900.31,4288,4200,Completed
MOV000843,SKU_0043,WH_05,Hyderabad,South,Outbound,,CUST_091,2026-02-03,2026-02-05,40,374.8,3737,3697,Discrepancy
MOV004537,SKU_0132,WH_05,Hyderabad,South,Inbound,SUP_11,,2026-01-06,2026-01-07,267,1770.78,4378,4645,Completed
MOV002399,SKU_0135,WH_02,Mumbai,West,Outbound,,CUST_024,2026-06-11,2026-06-14,168,543.12,1423,1255,Completed
MOV002158,SKU_0199,WH_01,Bengaluru,South,Outbound,,CUST_089,2026-04-13,2026-04-15,469,1467.09,1875,1406,Completed
MOV003291,SKU_0251,WH_05,Hyderabad,South,Outbound,,CUST_057,2026-01-02,2026-01-04,309,104.08,956,,Cancelled
MOV003335,SKU_0178,WH_01,Bengaluru,South,Inbound,SUP_04,,2026-03-08,2026-03-11,152,207.51,1146,,Cancelled
MOV000812,SKU_0187,WH_04,Kolkata,East,Return,,,2026-04-20,2026-04-23,321,513.54,1453,,Completed
MOV000005,SKU_0125,WH_01,Bengaluru,South,Outbound,,CUST_068,2026-05-07,2026-05-09,374,925.23,4988,4614,Discrepancy
MOV000448,SKU_0092,WH_03,Delhi,North,Transfer,,,2026-03-23,2026-03-24,235,291.79,2328,2093,Completed
MOV001595,SKU_0085,WH_05,Hyderabad,South,Outbound,,CUST_044,2026-02-04,2026-02-05,397,1389.27,3871,3474,Completed
MOV000538,SKU_0156,WH_01,Bengaluru,South,Outbound,,CUST_054,2026-06-20,2026-06-22,343,1844.15,3887,,Cancelled
MOV001859,SKU_0001,WH_05,Hyderabad,South,Transfer,,,2026-01-11,2026-01-14,211,531.59,3223,3012,Completed
MOV001377,SKU_0220,WH_04,Kolkata,East,Outbound,,CUST_078,2026-04-06,2026-04-08,346,1136.21,3193,,Completed
MOV001873,SKU_0188,WH_03,Delhi,North,Return,,,2026-06-13,2026-06-16,19,1722.37,666,685,Completed
MOV001183,SKU_0223,WH_05,Hyderabad,South,Outbound,,CUST_020,2026-05-09,2026-05-10,305,1876.91,88,-217,Completed
MOV004297,SKU_0144,WH_01,Bengaluru,South,Outbound,,CUST_069,2026-05-16,2026-05-19,125,1863.15,3991,3866,Completed
MOV001573,SKU_0138,WH_03,Delhi,North,Return,,,2026-03-01,2026-03-01,263,1755.97,4880,5143,Completed
MOV001082,SKU_0214,WH_06,Pune,West,Outbound,,CUST_012,2026-05-01,2026-05-04,470,1121.44,157,-313,Completed
MOV004016,SKU_0208,WH_03,Delhi,North,Inbound,SUP_10,,2026-04-27,2026-04-27,478,1090.35,3467,3945,Completed
MOV003887,SKU_0140,WH_02,Mumbai,West,Transfer,,,2026-04-03,2026-04-05,444,1340.09,3845,-100,Pending
MOV003634,SKU_0228,WH_02,Mumbai,West,Adjustment,,,2026-04-07,2026-04-10,495,937.93,428,-67,Discrepancy
MOV004805,SKU_0099,WH_04,Kolkata,East,Adjustment,,,2026-05-20,2026-05-20,395,1840.04,3737,,Completed
MOV002235,SKU_0095,WH_04,Kolkata,East,Inbound,SUP_07,,2026-05-22,2026-05-23,180,1253.01,1222,,Completed
MOV002167,SKU_0194,WH_03,Delhi,North,Outbound,,CUST_029,2026-06-21,2026-06-23,481,1276.67,1372,891,Discrepancy
MOV003404,SKU_0147,WH_05,Hyderabad,South,Transfer,,,2026-03-01,2026-03-04,156,1112.62,2459,2303,Completed
MOV001090,SKU_0130,WH_06,Pune,West,Inbound,SUP_03,,2026-04-03,2026-04-04,56,1044.17,104,,Cancelled
MOV003927,SKU_0122,WH_06,Pune,West,Return,,,2026-06-03,2026-06-06,307,1070.29,3022,3329,Completed
MOV004638,SKU_0027,WH_04,Kolkata,East,Transfer,,,2026-02-21,2026-02-24,116,569.07,3752,,Cancelled
MOV000045,SKU_0236,WH_04,Kolkata,East,Return,,,2026-01-20,2026-01-23,467,1383.21,382,,Completed
MOV002177,SKU_0169,WH_05,Hyderabad,South,Outbound,,CUST_008,2026-01-08,2026-01-08,437,1626.29,1251,814,Completed
MOV002917,SKU_0249,WH_01,Bengaluru,South,Outbound,,CUST_016,2026-05-17,,297,823.39,397,,Cancelled
MOV004459,SKU_0108,WH_06,Pune,West,Outbound,,CUST_070,2026-03-24,2026-03-27,163,710.07,141,-22,Completed
MOV000705,SKU_0126,WH_02,Mumbai,West,Outbound,,CUST_090,2026-06-24,2026-06-26,43,1630.15,4040,3997,Completed
MOV000891,SKU_0237,WH_06,Pune,West,Transfer,,,2026-01-07,2026-01-09,263,746.66,4401,4138,Completed
MOV004577,SKU_0230,WH_05,Hyderabad,South,Transfer,,,,2026-06-22,305,655.58,3857,3552,Completed
MOV003224,SKU_0110,WH_05,Hyderabad,South,Outbound,,CUST_013,2026-05-18,2026-05-20,361,269.53,3932,3571,Completed
MOV000060,SKU_0235,WH_01,Bengaluru,South,Outbound,,CUST_006,2026-01-01,2026-01-02,120,1160.3,307,187,Completed
MOV001480,SKU_0064,WH_03,Delhi,North,Inbound,SUP_08,,2026-01-05,2026-01-08,210,103.03,2341,2551,Completed
MOV002727,SKU_0050,WH_03,Delhi,North,Inbound,SUP_11,,2026-05-08,2026-05-09,466,907.27,4474,4940,Completed
MOV000057,SKU_0269,WH_02,Mumbai,West,Outbound,,CUST_044,2026-01-16,2026-01-19,143,1169.85,2950,2807,Completed
MOV002271,SKU_0058,WH_05,Hyderabad,South,Return,,,2026-03-11,2026-03-13,470,806.16,3005,3475,Discrepancy
MOV003957,SKU_0149,WH_05,Hyderabad,South,Inbound,SUP_09,,2026-04-13,2026-04-16,123,10877.31,3817,3940,Discrepancy
MOV000120,SKU_0125,WH_04,Kolkata,East,Transfer,,,2026-05-31,2026-06-03,434,495.7,4782,,Pending
MOV000800,SKU_0198,WH_03,Delhi,North,Outbound,,CUST_003,2026-02-28,2026-03-03,333,1247.07,4063,3730,Pending
MOV003954,SKU_0078,WH_02,Mumbai,West,Inbound,SUP_04,,2026-04-19,2026-04-21,200,1356.34,463,663,Pending
MOV004584,SKU_0262,WH_03,Delhi,North,Outbound,,CUST_025,2026-04-27,2026-04-28,6,536.11,3718,3712,Pending
MOV001053,SKU_0070,WH_04,Kolkata,East,Outbound,,CUST_002,2026-05-18,2026-05-21,325,946.91,117,,Completed
MOV004354,SKU_0159,WH_02,Mumbai,West,Outbound,,CUST_036,2026-02-14,2026-02-16,273,1071.85,4313,4040,Completed
MOV002765,SKU_0288,WH_06,Pune,West,Transfer,,,2026-02-22,2026-02-23,73,1905.1,908,835,Completed
MOV002957,SKU_0194,WH_06,Pune,West,Outbound,,CUST_082,2026-04-29,2026-04-30,388,1156.13,2077,1689,Pending
MOV001349,SKU_0110,WH_04,Kolkata,East,Outbound,,CUST_023,2026-04-04,2026-04-05,101,1914.94,1500,,Completed
MOV004708,SKU_0165,WH_06,Pune,West,Inbound,SUP_10,,2026-03-28,2026-03-30,239,1730.55,4472,4711,Completed
MOV000197,SKU_0052,WH_01,Bengaluru,South,Inbound,SUP_09,,2026-05-06,2026-05-09,314,9965.81,102,416,Completed
MOV001036,SKU_0073,WH_05,Hyderabad,South,Inbound,SUP_06,,2026-02-26,2026-02-26,194,1191.69,596,790,Completed
MOV004059,SKU_0012,WH_05,Hyderabad,South,Outbound,,CUST_016,2026-03-14,2026-03-17,412,867.71,3450,3038,Completed
MOV000105,SKU_0275,WH_04,Kolkata,East,Outbound,,CUST_068,2026-06-28,2026-06-28,440,101.71,1915,,Completed
MOV004626,SKU_0151,WH_06,Pune,West,Return,,,2026-03-15,2026-03-16,270,1538.97,1064,1334,Completed
MOV002374,SKU_0005,WH_06,Pune,West,Inbound,SUP_04,,2026-02-01,2026-02-02,228,178.45,2815,3043,Completed
MOV002008,SKU_0286,WH_04,Kolkata,East,Outbound,,CUST_011,2026-02-10,2026-02-12,203,919.68,1512,,Completed
MOV001354,SKU_0032,WH_04,Kolkata,East,Outbound,,CUST_074,2026-04-16,2026-04-16,67,650.18,3514,,Discrepancy
MOV004174,SKU_0120,WH_05,Hyderabad,South,Inbound,SUP_09,,2026-03-20,2026-03-21,230,6764.76,3361,3591,Completed
MOV000653,SKU_0211,WH_01,Bengaluru,South,Outbound,,CUST_068,2026-02-17,2026-02-18,70,1734.58,1229,1159,Completed
MOV000001,SKU_0166,WH_02,Mumbai,West,Outbound,,CUST_007,2026-01-19,2026-01-19,188,1186.44,4156,3968,Completed
MOV003654,SKU_0177,WH_02,Mumbai,West,Transfer,,,2026-06-03,2026-06-03,311,974.14,4659,4348,Completed
MOV003701,SKU_0298,WH_02,Mumbai,West,Return,,,2026-06-01,2026-06-03,128,1881.95,392,520,Discrepancy
MOV002291,SKU_0069,WH_01,Bengaluru,South,Outbound,,CUST_060,2026-04-06,2026-04-09,284,1775.62,1799,1515,Completed
MOV004862,SKU_0213,WH_02,Mumbai,West,Return,,,2026-05-29,2026-05-30,277,1633.39,4939,5216,Completed
MOV004695,SKU_0136,WH_05,Hyderabad,South,Transfer,,,2026-04-05,2026-04-06,333,1174.8,1826,1493,Completed
MOV003087,SKU_0300,WH_01,Bengaluru,South,Inbound,SUP_12,,2026-05-29,2026-05-30,250,465.49,626,876,Completed
MOV002445,SKU_0087,WH_03,Delhi,North,Outbound,,CUST_014,2026-03-08,2026-03-10,475,1307.88,3219,2744,Completed
MOV000153,SKU_0097,WH_02,Mumbai,West,Inbound,SUP_03,,2026-06-29,2026-07-01,186,1176.84,2940,3126,Completed
MOV001825,SKU_0092,WH_04,Kolkata,East,Inbound,SUP_07,,2026-05-19,2026-05-20,449,850.13,368,,Completed
MOV001923,SKU_0262,WH_04,Kolkata,East,Outbound,,CUST_045,2026-02-21,2026-02-24,393,672.65,4761,,Completed
MOV000494,SKU_0074,WH_04,Kolkata,East,Transfer,,,2026-04-29,2026-05-02,403,1622.42,1611,,Discrepancy
MOV001437,SKU_0038,WH_01,Bengaluru,South,Inbound,SUP_06,,2026-06-19,2026-06-22,427,327.91,3733,4160,Completed
MOV002391,SKU_0163,WH_02,Mumbai,West,Outbound,,CUST_044,2026-04-26,2026-04-27,26,768.55,2422,2396,Completed
MOV003640,SKU_0035,WH_05,Hyderabad,South,Inbound,SUP_02,,2026-04-07,2026-04-08,23,1284.54,1284,1307,Completed
MOV002661,SKU_0067,WH_05,Hyderabad,South,Adjustment,,,2026-06-29,2026-06-29,366,889.11,3122,2756,Completed
MOV000787,SKU_0130,WH_02,Mumbai,West,Outbound,,CUST_077,2026-05-07,2026-05-09,177,251.78,2796,2619,Completed
MOV003339,SKU_0208,WH_06,Pune,West,Inbound,SUP_07,,2026-02-25,2026-02-27,74,1678.33,878,952,Discrepancy
MOV003091,SKU_0083,WH_04,Kolkata,East,Return,,,2026-02-01,2026-02-04,30,1572.34,858,,Pending
MOV001357,SKU_0196,WH_05,Hyderabad,South,Outbound,,CUST_002,2026-02-11,2026-02-14,466,1850.17,659,193,Completed
MOV000569,SKU_0076,WH_01,Bengaluru,South,Outbound,,CUST_098,2026-05-12,2026-05-15,139,1302.68,3727,3588,Discrepancy
MOV003960,SKU_0077,WH_05,Hyderabad,South,Adjustment,,,2026-04-18,2026-04-20,56,531.11,725,669,Completed
MOV000789,SKU_0136,WH_04,Kolkata,East,Inbound,SUP_06,,2026-06-08,2026-06-11,131,930.02,3539,,Completed
MOV002669,SKU_0102,WH_05,Hyderabad,South,Outbound,,CUST_073,2026-01-12,2026-01-15,176,552.26,4299,4123,Completed
MOV001402,SKU_0172,WH_02,Mumbai,West,Outbound,,CUST_027,2026-01-07,2026-01-08,461,1143.39,3589,3128,Completed
MOV002252,SKU_0017,WH_04,Kolkata,East,Transfer,,,,2026-06-14,20,870.23,4092,,Completed
MOV002623,SKU_0074,WH_05,Hyderabad,South,Outbound,,CUST_040,2026-02-20,2026-02-22,57,842.93,983,926,Completed
MOV000522,SKU_0054,WH_02,Mumbai,West,Outbound,,CUST_084,2026-05-16,2026-05-19,23,1797.22,3211,3188,Completed
MOV004019,SKU_0095,WH_03,Delhi,North,Outbound,,CUST_002,2026-04-09,2026-04-12,154,688.72,3954,3800,Completed
MOV001930,SKU_0014,WH_02,Mumbai,West,Adjustment,,,2026-03-15,2026-03-16,416,1339.32,902,486,Completed
MOV000747,SKU_0253,WH_02,Mumbai,West,Transfer,,,2026-03-18,2026-03-18,420,832.0,3864,3444,Completed
MOV004430,SKU_0215,WH_06,Pune,West,Adjustment,,,2026-03-07,2026-03-10,251,576.57,1396,1647,Completed
MOV003613,SKU_0159,WH_04,Kolkata,East,Transfer,,,2026-02-24,2026-02-24,4,683.61,4098,4094,Completed
MOV002938,SKU_0235,WH_05,Hyderabad,South,Inbound,SUP_08,,2026-03-03,2026-03-05,441,1008.32,3386,3827,Completed
MOV004329,SKU_0147,WH_04,Kolkata,East,Inbound,SUP_04,,2026-05-11,2026-05-12,33,286.38,1452,,Completed
MOV000568,SKU_0160,WH_04,Kolkata,East,Outbound,,CUST_013,2026-03-17,2026-03-19,469,1472.62,4731,,Completed
MOV001001,SKU_0089,WH_02,Mumbai,West,Outbound,,CUST_077,2026-06-22,2026-06-22,120,1816.48,40,-80,Completed
MOV001982,SKU_0118,WH_01,Bengaluru,South,Inbound,SUP_07,,2026-03-01,2026-03-04,430,1585.29,2647,,Cancelled
MOV004865,SKU_0239,WH_01,Bengaluru,South,Inbound,SUP_03,,2026-01-27,2026-01-30,441,107.69,1079,1520,Completed
MOV004517,SKU_0161,WH_01,Bengaluru,South,Outbound,,CUST_013,2026-04-28,2026-04-30,242,717.96,3477,-61,Completed
MOV004812,SKU_0120,WH_06,Pune,West,Outbound,,CUST_067,2026-03-06,2026-03-09,438,382.03,2582,2144,Completed
MOV003987,SKU_0195,WH_05,Hyderabad,South,Return,,,2026-02-24,2026-02-26,239,1047.45,1479,,Cancelled
MOV003875,SKU_0279,WH_02,Mumbai,West,Inbound,SUP_10,,2026-04-04,2026-04-06,14,420.79,1769,1783,Completed
MOV003260,SKU_0142,WH_04,Kolkata,East,Return,,,2026-01-21,2026-01-22,122,529.69,3149,,Completed
MOV004152,SKU_0104,WH_01,Bengaluru,South,Transfer,,,2026-05-21,2026-05-24,361,1104.66,4335,3974,Completed
MOV003763,SKU_0019,WH_01,Bengaluru,South,Inbound,SUP_06,,2026-01-22,2026-01-24,32,1332.43,4835,-35,Completed
MOV004837,SKU_0197,WH_03,Delhi,North,Adjustment,,,2026-06-08,2026-06-11,317,1562.26,484,167,Completed
MOV004655,SKU_0014,WH_01,Bengaluru,South,Transfer,,,2026-03-13,2026-03-16,193,250.33,442,249,Completed
MOV003804,SKU_0023,WH_01,Bengaluru,South,Outbound,,CUST_026,2026-06-10,2026-06-13,108,1082.85,1338,1230,Completed
MOV003597,SKU_0013,WH_01,Bengaluru,South,Transfer,,,2026-06-25,2026-06-25,127,277.98,3707,3580,Completed
MOV001510,SKU_0272,WH_06,Pune,West,Adjustment,,,2026-01-20,2026-01-21,145,403.38,675,530,Discrepancy
MOV003356,SKU_0026,WH_05,Hyderabad,South,Adjustment,,,2026-01-20,2026-01-21,29,1123.58,3323,3352,Completed
MOV001666,SKU_0288,WH_05,Hyderabad,South,Inbound,SUP_08,,2026-03-08,2026-03-10,356,1880.06,3224,3580,Completed
MOV004703,SKU_0241,WH_03,Delhi,North,Inbound,SUP_11,,2026-05-22,2026-05-24,33,1725.44,4810,4843,Completed
MOV003607,SKU_0270,WH_06,Pune,West,Transfer,,,2026-01-02,2026-01-03,321,427.59,453,132,Completed
MOV003952,SKU_0077,WH_04,Kolkata,East,Outbound,,CUST_063,2026-01-16,2026-01-17,322,472.67,225,,Completed
MOV002527,SKU_0244,WH_01,Bengaluru,South,Adjustment,,,2026-02-18,2026-02-20,251,1458.25,1132,881,Completed
MOV001778,SKU_0089,WH_04,Kolkata,East,Outbound,,CUST_008,2026-01-25,2026-01-27,400,1942.49,3866,,Completed
MOV001499,SKU_0185,WH_05,Hyderabad,South,Inbound,SUP_08,,2026-02-23,2026-02-23,265,498.57,739,1004,Completed
MOV001974,SKU_0149,WH_01,Bengaluru,South,Transfer,,,2026-06-20,2026-06-20,376,1923.05,4468,4092,Completed
MOV001223,SKU_0267,WH_02,Mumbai,West,Inbound,SUP_03,,2026-01-15,2026-01-15,160,675.49,2041,2201,Completed
MOV001710,SKU_0126,WH_02,Mumbai,West,Inbound,SUP_11,,2026-04-30,2026-05-02,457,529.0,4949,5406,Completed
MOV000616,SKU_0204,WH_03,Delhi,North,Outbound,,CUST_004,2026-06-16,2026-06-19,24,1835.54,3842,3818,Completed
MOV004278,SKU_0297,WH_06,Pune,West,Outbound,,CUST_081,2026-03-20,2026-03-22,152,1366.39,4929,4777,Completed
MOV004481,SKU_0177,WH_01,Bengaluru,South,Inbound,SUP_12,,2026-06-19,2026-06-19,483,704.75,3609,4092,Completed
MOV000065,SKU_0100,WH_02,Mumbai,West,Outbound,,CUST_034,2026-03-17,2026-03-17,488,1266.01,4997,4509,Completed
MOV003443,SKU_0270,WH_06,Pune,West,Inbound,SUP_09,,2026-06-16,2026-06-18,14,21989.5,762,776,Completed
MOV001893,SKU_0259,WH_04,Kolkata,East,Inbound,SUP_04,,2026-06-16,2026-06-16,329,1389.92,2821,,Pending
MOV001401,SKU_0291,WH_05,Hyderabad,South,Outbound,,CUST_080,2026-05-23,2026-05-23,36,1852.86,1790,1754,Completed
MOV000890,SKU_0291,WH_06,Pune,West,Outbound,,CUST_094,2026-04-25,2026-04-28,496,667.3,1541,1045,Completed
MOV000693,SKU_0251,WH_04,Kolkata,East,Outbound,,CUST_058,2026-01-18,2026-01-18,184,191.25,1198,,Completed
MOV002109,SKU_0063,WH_04,Kolkata,East,Return,,,2026-04-14,2026-04-17,477,1119.23,860,,Completed
MOV001741,SKU_0010,WH_03,Delhi,North,Inbound,SUP_02,,2026-04-11,,91,338.26,144,235,Completed
MOV001535,SKU_0096,WH_02,Mumbai,West,Outbound,,CUST_018,2026-03-20,2026-03-21,317,1334.81,3686,3369,Completed
MOV001589,SKU_0193,WH_02,Mumbai,West,Inbound,SUP_11,,2026-01-17,2026-01-19,68,241.41,514,582,Completed
MOV000811,SKU_0208,WH_06,Pune,West,Inbound,SUP_08,,2026-04-18,2026-04-18,100,1716.72,1276,1376,Completed
MOV003527,SKU_0019,WH_02,Mumbai,West,Transfer,,,2026-06-07,2026-06-09,345,743.07,861,516,Pending
MOV003391,SKU_0024,WH_02,Mumbai,West,Transfer,,,2026-05-22,2026-05-25,254,1009.89,1291,1037,Discrepancy
MOV002419,SKU_0086,WH_05,Hyderabad,South,Transfer,,,2026-04-11,2026-04-14,30,414.6,2783,2753,Completed
MOV001400,SKU_0206,WH_05,Hyderabad,South,Adjustment,,,2026-04-05,2026-04-06,94,493.13,2185,2279,Discrepancy
MOV003985,SKU_0196,WH_03,Delhi,North,Transfer,,,2026-02-05,2026-02-06,232,909.52,4734,4502,Completed
MOV003235,SKU_0169,WH_01,Bengaluru,South,Inbound,SUP_02,,2026-01-25,2026-01-28,225,1905.23,2154,2379,Completed
MOV004684,SKU_0176,WH_04,Kolkata,East,Inbound,SUP_06,,2026-03-14,2026-03-15,148,172.55,1460,,Pending
MOV003528,SKU_0211,WH_03,Delhi,North,Inbound,SUP_04,,2026-02-15,2026-02-15,148,438.99,1569,1717,Completed
MOV002962,SKU_0003,WH_02,Mumbai,West,Inbound,SUP_12,,2026-01-19,2026-01-19,184,1594.97,941,1125,Completed
MOV003149,SKU_0078,WH_06,Pune,West,Transfer,,,2026-02-03,2026-02-03,20,485.45,2048,2028,Completed
MOV004509,SKU_0225,WH_01,Bengaluru,South,Outbound,,CUST_014,2026-03-01,2026-03-02,131,1260.55,4418,4287,Completed
MOV002421,SKU_0120,WH_06,Pune,West,Transfer,,,2026-02-17,2026-02-20,49,1001.09,2359,2310,Completed
MOV002119,SKU_0055,WH_05,Hyderabad,South,Inbound,SUP_02,,2026-01-26,2026-01-27,479,1356.15,1650,2129,Completed
MOV003278,SKU_0002,WH_01,Bengaluru,South,Outbound,,CUST_089,2026-03-06,2026-03-07,130,756.65,461,331,Completed
MOV000808,SKU_0235,WH_03,Delhi,North,Inbound,SUP_06,,2026-01-03,2026-01-05,250,1614.08,1273,1523,Pending
MOV000991,SKU_0283,WH_02,Mumbai,West,Transfer,,,2026-03-26,2026-03-28,485,738.46,3005,2520,Completed
MOV004831,SKU_0281,WH_01,Bengaluru,South,Transfer,,,2026-03-04,2026-03-04,137,1898.08,4338,4201,Completed
MOV001722,SKU_0188,WH_02,Mumbai,West,Outbound,,CUST_055,2026-03-29,2026-03-30,236,281.62,3901,3665,Completed
MOV003059,SKU_0078,WH_06,Pune,West,Inbound,SUP_01,,2026-03-16,2026-03-17,354,1580.27,897,1251,Discrepancy
MOV001588,SKU_0146,WH_02,Mumbai,West,Adjustment,,,2026-02-07,2026-02-09,343,1936.49,1554,1897,Completed
MOV001641,SKU_0186,WH_02,Mumbai,West,Outbound,,CUST_007,2026-06-04,2026-06-07,471,844.38,1260,789,Completed
MOV004562,SKU_0246,WH_04,Kolkata,East,Outbound,,CUST_009,2026-05-31,2026-05-31,387,1377.49,4834,,Completed
MOV000518,SKU_0143,WH_06,Pune,West,Outbound,,CUST_024,2026-05-28,2026-05-31,11,599.19,4797,4786,Completed
MOV004182,SKU_0061,WH_03,Delhi,North,Outbound,,CUST_009,2026-03-31,2026-04-02,425,808.54,3518,3093,Completed
MOV001969,SKU_0132,WH_05,Hyderabad,South,Outbound,,CUST_073,2026-02-05,2026-02-05,145,92.66,4879,4734,Completed
MOV004364,SKU_0236,WH_03,Delhi,North,Inbound,SUP_08,,2026-06-18,2026-06-21,284,1963.06,4458,4742,Completed
MOV000061,SKU_0224,WH_06,Pune,West,Transfer,,,2026-01-26,,154,1072.65,4775,4621,Completed
MOV001226,SKU_0116,WH_01,Bengaluru,South,Transfer,,,2026-06-26,2026-06-26,326,556.69,105,-221,Completed
MOV000349,SKU_0258,WH_05,Hyderabad,South,Outbound,,CUST_077,2026-05-18,2026-05-18,362,155.76,4468,4106,Completed
MOV000478,SKU_0019,WH_05,Hyderabad,South,Outbound,,CUST_083,2026-06-04,2026-06-04,262,947.43,1944,1682,Completed
MOV000044,SKU_0270,WH_01,Bengaluru,South,Transfer,,,2026-05-02,2026-05-04,415,195.18,2175,1760,Completed
MOV004063,SKU_0006,WH_06,Pune,West,Adjustment,,,2026-05-18,2026-05-19,425,751.22,2131,1706,Completed
MOV000878,SKU_0068,WH_05,Hyderabad,South,Outbound,,CUST_069,2026-04-20,2026-04-22,77,83.12,1483,1406,Completed
MOV000080,SKU_0105,WH_01,Bengaluru,South,Return,,,2026-04-15,2026-04-17,95,1260.98,638,733,Completed
MOV004942,SKU_0227,WH_04,Kolkata,East,Return,,,,2026-05-06,217,194.15,3921,,Completed
MOV002104,SKU_0179,WH_06,Pune,West,Inbound,SUP_12,,2026-01-02,2026-01-02,359,1054.78,2144,2503,Completed
MOV003148,SKU_0199,WH_01,Bengaluru,South,Inbound,SUP_02,,2026-03-26,2026-03-29,316,210.37,4468,4784,Completed
MOV000871,SKU_0024,WH_03,Delhi,North,Outbound,,CUST_030,2026-05-15,2026-05-17,189,1984.07,998,809,Pending
MOV001837,SKU_0299,WH_05,Hyderabad,South,Adjustment,,,2026-03-14,2026-03-14,305,1018.53,3729,3424,Completed
MOV001044,SKU_0285,WH_01,Bengaluru,South,Adjustment,,,2026-02-19,2026-02-20,90,177.31,1685,1595,Completed
MOV004658,SKU_0168,WH_05,Hyderabad,South,Transfer,,,2026-01-24,2026-01-27,485,1614.21,1675,1190,Pending
MOV000517,SKU_0050,WH_05,Hyderabad,South,Adjustment,,,2026-04-15,2026-04-17,306,163.88,916,610,Completed
MOV000571,SKU_0159,WH_03,Delhi,North,Inbound,SUP_05,,2026-02-05,2026-02-06,188,277.56,3008,3196,Completed
MOV001833,SKU_0297,WH_01,Bengaluru,South,Return,,,2026-06-05,2026-06-06,341,1828.31,1877,2218,Pending
MOV002998,SKU_0182,WH_03,Delhi,North,Outbound,,CUST_098,2026-04-09,2026-04-10,17,777.66,2878,2861,Completed
MOV002447,SKU_0292,WH_04,Kolkata,East,Inbound,SUP_06,,2026-06-14,2026-06-15,391,399.04,3786,4177,Pending
MOV004355,SKU_0172,WH_01,Bengaluru,South,Outbound,,CUST_086,2026-06-20,2026-06-23,428,637.21,303,-125,Discrepancy
MOV000727,SKU_0245,WH_02,Mumbai,West,Inbound,SUP_12,,2026-06-12,2026-06-14,468,1906.46,306,774,Pending
MOV003560,SKU_0268,WH_01,Bengaluru,South,Outbound,,CUST_033,2026-01-30,2026-02-01,447,748.04,4180,3733,Completed
MOV002888,SKU_0242,WH_06,Pune,West,Outbound,,CUST_030,2026-02-16,2026-02-17,208,136.22,4473,4265,Completed
MOV001539,SKU_0300,WH_02,Mumbai,West,Inbound,SUP_10,,2026-01-13,2026-01-13,499,1232.19,2440,2939,Completed
MOV002449,SKU_0089,WH_01,Bengaluru,South,Transfer,,,2026-05-05,2026-05-07,398,1119.76,3639,3241,Completed
MOV001653,SKU_0114,WH_05,Hyderabad,South,Outbound,,CUST_044,2026-02-03,2026-02-04,245,391.15,300,-75,Completed
MOV003767,SKU_0164,WH_04,Kolkata,East,Outbound,,CUST_020,2026-02-24,2026-02-26,407,1531.96,228,,Completed
MOV003390,SKU_0040,WH_04,Kolkata,East,Outbound,,CUST_041,2026-06-12,2026-06-15,110,1432.43,3760,,Cancelled
MOV000013,SKU_0014,WH_01,Bengaluru,South,Return,,,2026-06-07,2026-06-10,77,1287.1,2845,2922,Completed
MOV000725,SKU_0093,WH_05,Hyderabad,South,Outbound,,CUST_053,2026-02-17,2026-02-17,361,1500.09,1234,873,Completed
MOV000403,SKU_0263,WH_04,Kolkata,East,Return,,,2026-06-28,2026-06-29,500,1716.33,2631,,Completed
MOV001730,SKU_0121,WH_05,Hyderabad,South,Transfer,,,2026-02-10,2026-02-10,455,234.12,1962,1507,Pending
MOV001027,SKU_0221,WH_04,Kolkata,East,Inbound,SUP_06,,2026-01-14,2026-01-16,47,975.98,1739,,Completed
MOV000997,SKU_0175,WH_03,Delhi,North,Outbound,,CUST_053,2026-04-11,2026-04-14,108,1009.46,817,709,Completed
MOV000257,SKU_0083,WH_05,Hyderabad,South,Inbound,SUP_12,,2026-03-04,2026-03-07,441,1022.93,2819,,Cancelled
MOV003981,SKU_0243,WH_03,Delhi,North,Transfer,,,,2026-04-10,119,420.26,4736,-158,Completed
MOV000914,SKU_0036,WH_03,Delhi,North,Return,,,2026-04-30,2026-04-30,463,1815.42,466,929,Discrepancy
MOV001125,SKU_0051,WH_05,Hyderabad,South,Outbound,,CUST_097,2026-04-21,2026-04-23,369,1037.11,3007,2638,Completed
MOV001680,SKU_0081,WH_01,Bengaluru,South,Outbound,,CUST_083,2026-03-25,2026-03-27,374,1573.26,147,-227,Completed
MOV000023,SKU_0265,WH_04,Kolkata,East,Return,,,2026-05-09,,273,346.08,4182,,Completed
MOV001562,SKU_0129,WH_01,Bengaluru,South,Outbound,,CUST_059,2026-04-29,2026-05-02,235,1491.4,4260,4025,Completed
MOV004349,SKU_0023,WH_03,Delhi,North,Return,,,2026-03-05,2026-03-07,312,1515.54,4597,4909,Completed
MOV002479,SKU_0171,WH_06,Pune,West,Inbound,SUP_06,,2026-04-24,2026-04-24,30,630.06,1786,1816,Completed
MOV003674,SKU_0048,WH_03,Delhi,North,Inbound,SUP_04,,2026-03-10,2026-03-11,308,1356.51,2183,2491,Completed
MOV001972,SKU_0037,WH_04,Kolkata,East,Outbound,,CUST_074,2026-03-01,2026-03-02,3,1336.48,4123,4120,Completed
MOV002676,SKU_0271,WH_03,Delhi,North,Outbound,,CUST_089,2026-06-28,2026-07-01,65,98.82,925,860,Completed
MOV000555,SKU_0245,WH_05,Hyderabad,South,Adjustment,,,2026-02-05,2026-02-06,472,545.23,4098,3626,Completed
MOV004255,SKU_0269,WH_02,Mumbai,West,Outbound,,CUST_072,2026-05-14,2026-05-15,18,1386.7,1999,1981,Completed
MOV000471,SKU_0110,WH_06,Pune,West,Outbound,,CUST_046,2026-03-20,2026-03-23,185,218.08,2952,2767,Completed
MOV003075,SKU_0034,WH_02,Mumbai,West,Transfer,,,2026-04-28,2026-05-01,136,1758.28,1793,1657,Completed
MOV004160,SKU_0019,WH_06,Pune,West,Inbound,SUP_05,,2026-05-21,2026-05-21,68,448.35,2205,2273,Completed
MOV004722,SKU_0064,WH_06,Pune,West,Transfer,,,2026-02-09,2026-02-10,126,890.58,4357,4231,Discrepancy
MOV004745,SKU_0049,WH_01,Bengaluru,South,Adjustment,,,2026-03-04,2026-03-06,472,1146.74,825,1297,Pending
MOV002562,SKU_0096,WH_03,Delhi,North,Outbound,,CUST_036,2026-02-08,2026-02-11,155,786.8,2881,2726,Completed
MOV004890,SKU_0052,WH_03,Delhi,North,Outbound,,CUST_011,2026-05-21,2026-05-21,400,914.29,3889,3489,Completed
MOV004285,SKU_0002,WH_05,Hyderabad,South,Outbound,,CUST_035,2026-02-03,2026-02-05,433,744.28,285,-148,Completed
MOV000380,SKU_0125,WH_04,Kolkata,East,Transfer,,,2026-05-31,2026-06-02,461,1067.7,4573,,Completed
MOV000749,SKU_0089,WH_01,Bengaluru,South,Outbound,,CUST_080,2026-05-12,2026-05-13,303,1212.41,4519,4216,Completed
MOV000899,SKU_0067,WH_04,Kolkata,East,Transfer,,,2026-05-20,2026-05-22,117,1438.69,1801,,Completed
MOV003103,SKU_0127,WH_06,Pune,West,Outbound,,CUST_053,2026-03-23,2026-03-26,260,1522.54,4611,4351,Completed
MOV003727,SKU_0184,WH_01,Bengaluru,South,Inbound,SUP_07,,2026-02-26,2026-02-28,152,88.92,3575,3727,Completed
MOV000928,SKU_0082,WH_01,Bengaluru,South,Inbound,SUP_06,,2026-05-31,2026-06-03,205,1136.52,1354,1559,Completed
MOV000829,SKU_0299,WH_01,Bengaluru,South,Inbound,SUP_04,,2026-04-25,2026-04-26,47,1717.1,4558,4605,Completed
MOV001012,SKU_0063,WH_01,Bengaluru,South,Adjustment,,,2026-02-13,2026-02-13,361,50.81,1427,1066,Completed
MOV001881,SKU_0069,WH_06,Pune,West,Inbound,SUP_05,,2026-05-30,2026-05-30,162,61.22,368,530,Completed
MOV004382,SKU_0031,WH_05,Hyderabad,South,Inbound,SUP_11,,2026-03-23,2026-03-23,488,398.1,4825,5313,Completed
MOV001004,SKU_0288,WH_04,Kolkata,East,Outbound,,CUST_073,2026-04-21,2026-04-23,138,1644.11,2291,,Completed
MOV001850,SKU_0036,WH_05,Hyderabad,South,Inbound,SUP_04,,2026-05-30,2026-06-02,424,849.63,3143,3567,Completed
MOV001552,SKU_0125,WH_03,Delhi,North,Inbound,SUP_10,,2026-04-21,,22,645.18,3004,3026,Completed
MOV000623,SKU_0257,WH_01,Bengaluru,South,Inbound,SUP_04,,2026-04-15,2026-04-17,490,695.99,4382,4872,Completed
MOV002430,SKU_0214,WH_06,Pune,West,Outbound,,CUST_041,2026-04-03,2026-04-04,133,486.53,3090,2957,Pending
MOV001197,SKU_0130,WH_03,Delhi,North,Outbound,,CUST_008,2026-04-14,2026-04-16,201,1450.36,3420,3219,Completed
MOV001747,SKU_0168,WH_03,Delhi,North,Outbound,,CUST_056,2026-04-10,2026-04-11,29,407.63,854,825,Completed
MOV000649,SKU_0070,WH_04,Kolkata,East,Inbound,SUP_06,,,2026-03-25,10,1035.21,2528,,Completed
MOV004054,SKU_0280,WH_01,Bengaluru,South,Inbound,SUP_09,,2026-06-06,2026-06-06,151,20897.33,2019,2170,Pending
MOV002637,SKU_0116,WH_01,Bengaluru,South,Return,,,2026-01-20,2026-01-21,259,576.85,945,1204,Completed
MOV002695,SKU_0048,WH_06,Pune,West,Outbound,,CUST_052,2026-06-24,2026-06-26,203,1308.17,252,49,Completed
MOV002889,SKU_0297,WH_05,Hyderabad,South,Return,,,2026-01-12,2026-01-15,240,421.43,1788,-137,Discrepancy
MOV003729,SKU_0215,WH_01,Bengaluru,South,Outbound,,CUST_026,2026-03-03,2026-03-05,460,418.59,1666,1206,Completed
MOV001756,SKU_0019,WH_03,Delhi,North,Transfer,,,2026-06-19,,41,1843.57,1197,1156,Completed
MOV004945,SKU_0284,WH_03,Delhi,North,Outbound,,CUST_018,2026-01-12,2026-01-12,379,353.99,1364,985,Completed
MOV001071,SKU_0184,WH_04,Kolkata,East,Inbound,SUP_04,,2026-05-10,2026-05-12,67,1770.39,3525,,Discrepancy
MOV000126,SKU_0201,WH_04,Kolkata,East,Inbound,SUP_03,,2026-01-18,2026-01-19,241,1302.29,1851,,Pending
MOV000047,SKU_0149,WH_06,Pune,West,Outbound,,CUST_060,2026-04-30,2026-05-03,393,281.08,4498,4105,Completed
MOV001498,SKU_0193,WH_02,Mumbai,West,Inbound,SUP_11,,2026-02-17,2026-02-18,341,1152.81,893,,Cancelled
MOV000633,SKU_0282,WH_01,Bengaluru,South,Return,,,2026-05-23,2026-05-24,169,776.3,4883,5052,Completed
MOV004456,SKU_0186,WH_02,Mumbai,West,Inbound,SUP_06,,2026-06-09,2026-06-12,325,824.59,811,1136,Discrepancy
MOV000609,SKU_0134,WH_03,Delhi,North,Inbound,SUP_12,,2026-03-12,2026-03-12,191,727.49,1258,1449,Discrepancy
MOV000904,SKU_0257,WH_01,Bengaluru,South,Outbound,,CUST_094,2026-05-21,2026-05-21,109,862.41,2067,1958,Completed
MOV000402,SKU_0239,WH_04,Kolkata,East,Transfer,,,2026-02-03,2026-02-04,469,1918.57,876,,Cancelled
MOV004326,SKU_0081,WH_03,Delhi,North,Inbound,SUP_06,,2026-04-04,2026-04-07,268,1454.16,667,-153,Completed
MOV001809,SKU_0278,WH_05,Hyderabad,South,Adjustment,,,2026-06-10,2026-06-12,362,885.26,3938,4300,Completed
MOV004897,SKU_0194,WH_02,Mumbai,West,Outbound,,CUST_001,2026-05-14,2026-05-17,113,54.35,2958,2845,Completed
MOV004614,SKU_0079,WH_01,Bengaluru,South,Outbound,,CUST_018,2026-02-26,,476,904.87,4845,4369,Completed
MOV000265,SKU_0163,WH_01,Bengaluru,South,Return,,,2026-01-31,2026-02-03,497,314.83,3510,4007,Completed
MOV002083,SKU_0240,WH_05,Hyderabad,South,Inbound,SUP_02,,2026-04-28,2026-04-29,205,1887.07,119,324,Completed
MOV001462,SKU_0213,WH_01,Bengaluru,South,Inbound,SUP_04,,2026-02-14,2026-02-14,216,929.48,649,865,Completed
MOV004497,SKU_0008,WH_04,Kolkata,East,Return,,,2026-06-19,2026-06-22,222,1192.95,3796,,Completed
MOV003832,SKU_0056,WH_03,Delhi,North,Transfer,,,2026-03-25,2026-03-26,399,1092.17,1153,754,Completed
MOV000989,SKU_0078,WH_05,Hyderabad,South,Transfer,,,2026-01-04,2026-01-05,372,1802.02,3625,3253,Completed
MOV002163,SKU_0163,WH_04,Kolkata,East,Outbound,,CUST_018,2026-05-05,2026-05-07,315,847.32,4968,,Completed
MOV000007,SKU_0139,WH_04,Kolkata,East,Transfer,,,2026-01-17,2026-01-17,375,1417.91,4734,,Discrepancy
MOV000239,SKU_0094,WH_05,Hyderabad,South,Return,,,2026-06-23,2026-06-26,432,977.73,1296,1728,Completed
MOV004715,SKU_0068,WH_01,Bengaluru,South,Outbound,,CUST_082,2026-04-18,2026-04-18,63,638.9,3787,3724,Completed
MOV003693,SKU_0036,WH_04,Kolkata,East,Outbound,,CUST_073,2026-01-08,2026-01-08,192,864.78,4387,4195,Completed
MOV004321,SKU_0066,WH_03,Delhi,North,Outbound,,CUST_100,2026-03-04,,90,1067.12,2774,2684,Completed
MOV003293,SKU_0231,WH_06,Pune,West,Outbound,,CUST_082,2026-05-20,2026-05-22,308,645.44,252,-56,Completed
MOV003195,SKU_0119,WH_03,Delhi,North,Outbound,,CUST_070,2026-03-22,2026-03-25,326,1345.24,624,298,Completed
MOV004659,SKU_0101,WH_01,Bengaluru,South,Transfer,,,2026-02-11,2026-02-12,360,1780.72,3843,3483,Completed
MOV001647,SKU_0242,WH_02,Mumbai,West,Inbound,SUP_10,,2026-04-24,2026-04-27,3,1593.56,3510,3513,Completed
MOV002448,SKU_0293,WH_03,Delhi,North,Adjustment,,,2026-05-27,2026-05-28,188,412.26,257,69,Completed
MOV001840,SKU_0215,WH_05,Hyderabad,South,Inbound,SUP_11,,2026-05-13,2026-05-14,157,196.81,56,213,Discrepancy
MOV002863,SKU_0246,WH_06,Pune,West,Outbound,,CUST_024,2026-02-12,2026-02-15,215,615.84,3304,3089,Completed
MOV000280,SKU_0123,WH_04,Kolkata,East,Return,,,2026-02-03,2026-02-04,498,1710.84,4753,,Completed
MOV004827,SKU_0070,WH_06,Pune,West,Adjustment,,,2026-03-27,2026-03-30,212,371.6,1896,2108,Completed
MOV002619,SKU_0180,WH_06,Pune,West,Outbound,,CUST_004,2026-05-24,2026-05-24,492,1957.86,3011,2519,Discrepancy
MOV000523,SKU_0147,WH_04,Kolkata,East,Transfer,,,2026-04-13,2026-04-16,97,811.52,1153,,Discrepancy
MOV001971,SKU_0123,WH_06,Pune,West,Outbound,,CUST_054,2026-03-27,2026-03-28,244,1296.83,3361,3117,Completed
MOV001057,SKU_0062,WH_05,Hyderabad,South,Transfer,,,2026-03-14,2026-03-16,256,953.31,2023,1767,Pending
MOV001865,SKU_0159,WH_03,Delhi,North,Outbound,,CUST_055,2026-02-02,2026-02-04,143,1371.97,4908,4765,Completed
MOV000998,SKU_0095,WH_03,Delhi,North,Return,,,2026-06-02,2026-06-02,15,1443.4,3348,-50,Pending
MOV003721,SKU_0165,WH_06,Pune,West,Transfer,,,2026-04-22,2026-04-24,208,1255.36,2673,2465,Pending
MOV004888,SKU_0020,WH_04,Kolkata,East,Inbound,SUP_03,,2026-06-09,2026-06-09,272,1878.84,1261,,Completed
MOV000647,SKU_0112,WH_05,Hyderabad,South,Inbound,SUP_05,,2026-05-28,2026-05-30,333,51.2,4441,4774,Pending
MOV000250,SKU_0070,WH_01,Bengaluru,South,Inbound,SUP_09,,2026-06-14,2026-06-14,328,5512.16,2634,2962,Completed
MOV001351,SKU_0060,WH_04,Kolkata,East,Return,,,2026-03-21,2026-03-22,475,1336.03,4189,,Completed
MOV001705,SKU_0151,WH_02,Mumbai,West,Adjustment,,,2026-01-09,2026-01-10,392,740.58,1451,1059,Discrepancy
MOV002452,SKU_0287,WH_05,Hyderabad,South,Outbound,,CUST_080,2026-04-02,2026-04-05,372,1443.04,993,621,Completed
MOV004522,SKU_0192,WH_01,Bengaluru,South,Adjustment,,,2026-05-10,2026-05-11,495,1123.72,3698,4193,Completed
MOV002367,SKU_0008,WH_02,Mumbai,West,Outbound,,CUST_083,2026-02-22,2026-02-25,449,951.32,430,-19,Completed
MOV000993,SKU_0169,WH_05,Hyderabad,South,Transfer,,,2026-01-08,2026-01-09,482,1150.75,2298,1816,Discrepancy
MOV003378,SKU_0165,WH_02,Mumbai,West,Return,,,2026-01-30,2026-01-31,243,403.94,2260,2503,Discrepancy
MOV000918,SKU_0153,WH_03,Delhi,North,Transfer,,,2026-03-28,2026-03-29,53,563.42,1572,1519,Discrepancy
MOV004804,SKU_0285,WH_05,Hyderabad,South,Transfer,,,2026-04-14,2026-04-17,462,1230.56,428,-34,Completed
MOV002014,SKU_0105,WH_04,Kolkata,East,Outbound,,CUST_062,2026-05-02,2026-05-04,388,1026.98,4223,,Completed
MOV002230,SKU_0012,WH_03,Delhi,North,Outbound,,CUST_024,2026-01-28,2026-01-29,35,1654.04,3068,3033,Completed
MOV004641,SKU_0284,WH_05,Hyderabad,South,Inbound,SUP_02,,2026-04-14,2026-04-16,298,960.77,4857,5155,Completed
MOV002797,SKU_0078,WH_01,Bengaluru,South,Adjustment,,,2026-04-08,2026-04-08,15,938.36,495,,Cancelled
MOV003107,SKU_0037,WH_06,Pune,West,Transfer,,,2026-06-10,2026-06-12,257,1736.04,4405,4148,Completed
MOV001958,SKU_0212,WH_02,Mumbai,West,Adjustment,,,2026-04-26,2026-04-27,388,1113.21,4757,5145,Completed
MOV004288,SKU_0259,WH_03,Delhi,North,Inbound,SUP_07,,2026-04-02,2026-04-03,127,502.62,1562,1689,Completed
MOV003464,SKU_0078,WH_04,Kolkata,East,Transfer,,,,2026-04-25,464,1695.17,3799,,Completed
MOV003238,SKU_0025,WH_02,Mumbai,West,Outbound,,CUST_097,2026-05-14,2026-05-14,396,1302.43,1210,814,Completed
MOV004738,SKU_0242,WH_01,Bengaluru,South,Outbound,,CUST_072,2026-04-27,2026-04-27,15,1040.09,2632,2617,Completed
MOV000488,SKU_0248,WH_06,Pune,West,Outbound,,CUST_018,2026-03-12,2026-03-14,155,1373.32,4474,4319,Discrepancy
MOV003015,SKU_0099,WH_04,Kolkata,East,Inbound,SUP_07,,2026-02-13,2026-02-15,18,663.12,207,,Completed
MOV000619,SKU_0141,WH_03,Delhi,North,Inbound,SUP_09,,2026-04-18,2026-04-20,471,13971.59,4893,5364,Completed
MOV003161,SKU_0152,WH_05,Hyderabad,South,Return,,,2026-05-26,2026-05-26,428,75.62,2758,3186,Completed
MOV000375,SKU_0139,WH_02,Mumbai,West,Adjustment,,,2026-03-24,2026-03-24,209,396.14,3383,3174,Completed
MOV001328,SKU_0065,WH_01,Bengaluru,South,Return,,,2026-01-05,2026-01-06,451,430.0,2443,2894,Completed
MOV000646,SKU_0203,WH_02,Mumbai,West,Inbound,SUP_03,,2026-06-14,2026-06-16,324,941.65,1409,1733,Completed
MOV001938,SKU_0237,WH_06,Pune,West,Inbound,SUP_01,,2026-02-12,2026-02-12,398,740.65,1044,1442,Discrepancy
MOV000377,SKU_0077,WH_02,Mumbai,West,Adjustment,,,2026-02-04,2026-02-06,454,1518.9,1374,920,Completed
MOV004692,SKU_0258,WH_02,Mumbai,West,Outbound,,CUST_023,2026-05-30,2026-06-01,249,340.18,2218,1969,Completed
MOV002611,SKU_0045,WH_05,Hyderabad,South,Outbound,,CUST_022,2026-05-15,2026-05-17,33,619.85,4992,4959,Completed
MOV003371,SKU_0198,WH_03,Delhi,North,Outbound,,CUST_061,2026-02-19,2026-02-22,137,1908.56,2521,2384,Pending
MOV001639,SKU_0245,WH_04,Kolkata,East,Outbound,,CUST_019,2026-05-19,2026-05-22,198,82.44,3119,2921,Completed
MOV001456,SKU_0249,WH_02,Mumbai,West,Inbound,SUP_10,,2026-05-10,2026-05-10,376,163.95,3706,4082,Completed
MOV002875,SKU_0108,WH_05,Hyderabad,South,Inbound,SUP_04,,2026-03-31,2026-04-01,197,1453.61,2625,2822,Completed
MOV001220,SKU_0139,WH_02,Mumbai,West,Outbound,,CUST_087,2026-06-14,2026-06-14,289,759.6,1444,1155,Completed
MOV002585,SKU_0020,WH_01,Bengaluru,South,Transfer,,,2026-06-12,2026-06-13,488,1757.54,2217,1729,Completed
MOV002486,SKU_0228,WH_05,Hyderabad,South,Inbound,SUP_08,,2026-06-24,2026-06-26,276,322.78,2210,2486,Completed
MOV004924,SKU_0050,WH_05,Hyderabad,South,Inbound,SUP_09,,2026-01-20,2026-01-20,242,8383.46,2924,3166,Completed
MOV000426,SKU_0014,WH_05,Hyderabad,South,Outbound,,CUST_062,2026-04-23,2026-04-26,141,758.72,162,21,Completed
MOV004141,SKU_0019,WH_03,Delhi,North,Transfer,,,2026-05-23,2026-05-23,427,973.35,3735,3308,Completed
MOV001075,SKU_0133,WH_03,Delhi,North,Return,,,2026-01-08,2026-01-09,21,105.29,945,966,Completed
MOV002722,SKU_0273,WH_01,Bengaluru,South,Transfer,,,2026-01-19,2026-01-21,494,97.84,3918,3424,Completed
MOV004412,SKU_0171,WH_04,Kolkata,East,Transfer,,,,2026-01-26,157,558.18,4075,,Completed
MOV003584,SKU_0184,WH_03,Delhi,North,Outbound,,CUST_092,2026-06-23,2026-06-23,322,1502.26,4525,4203,Completed
MOV001762,SKU_0243,WH_02,Mumbai,West,Outbound,,CUST_023,2026-06-15,2026-06-18,25,1219.91,4235,4210,Completed
MOV003549,SKU_0113,WH_03,Delhi,North,Return,,,2026-03-06,2026-03-06,62,210.02,2057,,Cancelled
MOV001344,SKU_0132,WH_02,Mumbai,West,Return,,,2026-04-27,2026-04-27,282,1665.74,4555,4837,Completed
MOV001640,SKU_0003,WH_01,Bengaluru,South,Return,,,2026-06-01,2026-06-03,447,671.04,1162,1609,Completed
MOV003864,SKU_0294,WH_03,Delhi,North,Transfer,,,2026-02-02,2026-02-04,350,272.77,162,,Cancelled
MOV003852,SKU_0147,WH_03,Delhi,North,Outbound,,CUST_024,2026-03-11,2026-03-11,252,698.62,4727,4475,Completed
MOV003229,SKU_0234,WH_06,Pune,West,Transfer,,,2026-03-27,2026-03-29,442,1807.69,3631,3189,Completed
MOV003974,SKU_0079,WH_02,Mumbai,West,Outbound,,CUST_082,2026-01-18,2026-01-21,401,1352.65,470,69,Completed
MOV000299,SKU_0047,WH_03,Delhi,North,Inbound,SUP_11,,2026-05-03,2026-05-05,77,559.5,872,,Cancelled
MOV003277,SKU_0091,WH_01,Bengaluru,South,Inbound,SUP_11,,2026-03-23,2026-03-23,278,903.35,1909,2187,Completed
MOV003670,SKU_0121,WH_04,Kolkata,East,Inbound,SUP_04,,2026-04-11,2026-04-12,442,1190.19,3715,,Completed
MOV003070,SKU_0056,WH_02,Mumbai,West,Adjustment,,,2026-04-07,2026-04-09,122,498.27,4623,4745,Completed
MOV004130,SKU_0167,WH_05,Hyderabad,South,Outbound,,CUST_007,2026-02-03,2026-02-05,187,1114.63,659,,Cancelled
MOV001295,SKU_0152,WH_04,Kolkata,East,Outbound,,CUST_008,2026-03-21,2026-03-22,76,1987.74,1646,,Discrepancy
MOV001113,SKU_0047,WH_02,Mumbai,West,Return,,,2026-04-11,2026-04-11,219,1452.97,3042,3261,Completed
MOV004362,SKU_0119,WH_06,Pune,West,Outbound,,CUST_058,2026-01-07,2026-01-08,126,1688.21,3479,3353,Discrepancy
MOV004657,SKU_0226,WH_03,Delhi,North,Adjustment,,,2026-05-26,2026-05-28,210,239.07,3362,3572,Completed
MOV001933,SKU_0045,WH_04,Kolkata,East,Outbound,,CUST_073,2026-03-13,2026-03-13,409,986.94,1402,,Completed
MOV004022,SKU_0002,WH_05,Hyderabad,South,Adjustment,,,2026-05-02,2026-05-04,331,1528.74,1205,1536,Completed
MOV000704,SKU_0220,WH_04,Kolkata,East,Inbound,SUP_02,,2026-05-04,2026-05-05,179,408.48,1502,,Cancelled
MOV004613,SKU_0133,WH_02,Mumbai,West,Outbound,,CUST_019,2026-02-09,2026-02-10,280,1233.31,3456,3176,Completed
MOV003501,SKU_0102,WH_04,Kolkata,East,Inbound,SUP_07,,2026-03-16,2026-03-16,498,908.94,3493,,Completed
MOV002401,SKU_0225,WH_05,Hyderabad,South,Outbound,,CUST_026,2026-06-29,2026-07-02,448,1481.26,3175,2727,Completed
MOV000199,SKU_0023,WH_04,Kolkata,East,Inbound,SUP_04,,2026-03-05,2026-03-06,23,360.83,4808,,Pending
MOV003426,SKU_0197,WH_04,Kolkata,East,Inbound,SUP_07,,2026-01-17,2026-01-19,43,1207.18,4957,5000,Completed
MOV002197,SKU_0238,WH_05,Hyderabad,South,Inbound,SUP_03,,2026-04-21,2026-04-24,372,1664.74,3886,4258,Completed
MOV002535,SKU_0275,WH_03,Delhi,North,Adjustment,,,2026-03-11,2026-03-11,19,246.84,1401,1420,Completed
MOV001675,SKU_0268,WH_02,Mumbai,West,Inbound,SUP_08,,2026-05-04,2026-05-07,5,326.4,2300,2305,Completed
MOV001636,SKU_0068,WH_04,Kolkata,East,Inbound,SUP_09,,2026-06-19,2026-06-21,495,5631.53,2325,,Completed
MOV002441,SKU_0103,WH_01,Bengaluru,South,Inbound,SUP_04,,2026-06-02,2026-06-02,34,1679.43,2293,2327,Completed
MOV002328,SKU_0108,WH_04,Kolkata,East,Outbound,,CUST_058,2026-06-23,2026-06-26,458,1460.09,469,,Completed
MOV004479,SKU_0284,WH_01,Bengaluru,South,Inbound,SUP_07,,2026-01-10,2026-01-12,50,1691.05,4023,4073,Pending
MOV003310,SKU_0052,WH_01,Bengaluru,South,Outbound,,CUST_026,2026-01-24,2026-01-24,223,1831.44,1638,-149,Completed
MOV002836,SKU_0273,WH_06,Pune,West,Transfer,,,2026-02-24,2026-02-26,293,1257.24,702,409,Completed
MOV003919,SKU_0288,WH_04,Kolkata,East,Inbound,SUP_03,,2026-02-07,2026-02-09,343,873.41,3199,,Discrepancy
MOV000188,SKU_0181,WH_04,Kolkata,East,Outbound,,CUST_077,2026-04-09,2026-04-11,4,1584.8,4092,,Completed
MOV000263,SKU_0069,WH_03,Delhi,North,Inbound,SUP_12,,2026-04-01,2026-04-01,385,379.05,3253,3638,Completed
MOV004405,SKU_0176,WH_06,Pune,West,Return,,,2026-02-20,2026-02-23,2,884.27,3332,3334,Completed
MOV000219,SKU_0058,WH_02,Mumbai,West,Outbound,,CUST_060,2026-05-26,2026-05-28,149,377.79,588,439,Completed
MOV004221,SKU_0115,WH_03,Delhi,North,Inbound,SUP_12,,2026-06-12,2026-06-12,385,1740.37,2994,3379,Completed
MOV002141,SKU_0224,WH_04,Kolkata,East,Inbound,SUP_02,,2026-02-16,2026-02-19,322,241.44,2590,,Completed
MOV000520,SKU_0263,WH_03,Delhi,North,Outbound,,CUST_077,2026-03-03,2026-03-06,483,957.0,1671,1188,Completed
MOV000166,SKU_0200,WH_03,Delhi,North,Outbound,,CUST_021,2026-01-15,2026-01-17,74,1958.33,131,57,Completed
MOV001753,SKU_0108,WH_04,Kolkata,East,Outbound,,CUST_008,2026-05-18,2026-05-19,289,1669.86,4920,,Completed
MOV004642,SKU_0139,WH_03,Delhi,North,Outbound,,CUST_100,2026-06-20,2026-06-21,313,1267.84,4736,4423,Completed
MOV003273,SKU_0172,WH_03,Delhi,North,Inbound,SUP_01,,2026-01-21,,278,237.62,344,622,Pending
MOV004991,SKU_0205,WH_01,Bengaluru,South,Outbound,,CUST_009,2026-05-01,2026-05-01,332,1556.36,2890,2558,Completed
MOV001581,SKU_0010,WH_06,Pune,West,Transfer,,,2026-06-29,2026-07-01,369,304.55,119,-250,Completed
MOV000681,SKU_0294,WH_04,Kolkata,East,Adjustment,,,2026-05-22,2026-05-25,241,84.68,2881,,Completed
MOV000795,SKU_0201,WH_01,Bengaluru,South,Outbound,,CUST_082,2026-01-15,2026-01-17,277,1468.61,270,-7,Completed
MOV002056,SKU_0231,WH_05,Hyderabad,South,Return,,,2026-01-27,2026-01-27,321,357.78,3401,3722,Completed
MOV003206,SKU_0101,WH_01,Bengaluru,South,Outbound,,CUST_024,2026-05-26,2026-05-28,54,999.65,2659,2605,Completed
MOV001801,SKU_0008,WH_04,Kolkata,East,Transfer,,,2026-02-21,2026-02-21,322,1500.8,2248,,Discrepancy
MOV003756,SKU_0121,WH_04,Kolkata,East,Return,,,2026-04-21,2026-04-23,332,1628.71,3163,,Completed
MOV000388,SKU_0089,WH_02,Mumbai,West,Inbound,SUP_12,,2026-03-02,2026-03-02,13,272.74,724,737,Discrepancy
MOV003183,SKU_0249,WH_03,Delhi,North,Return,,,2026-02-09,2026-02-12,199,1269.37,545,744,Completed
MOV003965,SKU_0157,WH_01,Bengaluru,South,Return,,,2026-02-28,2026-02-28,386,350.24,4547,4933,Discrepancy
MOV002364,SKU_0238,WH_04,Kolkata,East,Transfer,,,2026-03-14,2026-03-15,197,282.9,1293,,Completed
MOV001669,SKU_0242,WH_06,Pune,West,Inbound,SUP_09,,2026-04-04,2026-04-05,494,17047.31,1897,2391,Completed
MOV004606,SKU_0018,WH_03,Delhi,North,Return,,,2026-06-23,2026-06-24,126,505.92,2350,2476,Completed
MOV000729,SKU_0262,WH_01,Bengaluru,South,Inbound,SUP_02,,2026-03-02,2026-03-03,88,473.08,1010,1098,Completed
MOV002348,SKU_0072,WH_04,Kolkata,East,Inbound,SUP_04,,2026-01-09,2026-01-09,156,1331.78,4181,,Completed
MOV000292,SKU_0120,WH_05,Hyderabad,South,Transfer,,,2026-06-30,2026-07-01,159,1828.21,2657,2498,Completed
MOV001949,SKU_0072,WH_02,Mumbai,West,Outbound,,CUST_023,2026-04-11,2026-04-13,439,1682.62,138,-301,Completed
MOV003155,SKU_0217,WH_03,Delhi,North,Inbound,SUP_11,,2026-06-05,2026-06-06,400,1384.55,2146,2546,Completed
MOV000941,SKU_0299,WH_01,Bengaluru,South,Adjustment,,,2026-05-13,,112,1001.37,911,799,Completed
MOV004846,SKU_0276,WH_03,Delhi,North,Outbound,,CUST_043,2026-01-21,2026-01-24,171,1047.23,2571,2400,Completed
MOV002685,SKU_0117,WH_01,Bengaluru,South,Inbound,SUP_02,,2026-02-18,2026-02-18,24,1371.72,4615,4639,Completed
MOV001225,SKU_0167,WH_04,Kolkata,East,Transfer,,,2026-01-03,,382,1491.38,482,,Completed
MOV002094,SKU_0064,WH_04,Kolkata,East,Transfer,,,,2026-06-09,152,679.27,322,,Completed
MOV000832,SKU_0264,WH_03,Delhi,North,Outbound,,CUST_011,2026-02-05,2026-02-08,492,1787.65,1206,714,Completed
MOV002403,SKU_0294,WH_05,Hyderabad,South,Inbound,SUP_12,,2026-06-23,2026-06-25,239,1095.37,4304,4543,Completed
MOV000806,SKU_0219,WH_05,Hyderabad,South,Outbound,,CUST_040,2026-02-08,2026-02-11,114,1717.31,3280,3166,Completed
MOV001050,SKU_0068,WH_01,Bengaluru,South,Inbound,SUP_06,,2026-03-23,2026-03-26,245,1332.28,3518,3763,Completed
MOV000842,SKU_0185,WH_02,Mumbai,West,Transfer,,,2026-04-27,2026-04-27,85,322.62,2352,2267,Completed
MOV002160,SKU_0212,WH_03,Delhi,North,Inbound,SUP_04,,2026-02-11,2026-02-11,33,327.69,791,824,Completed
MOV003730,SKU_0165,WH_06,Pune,West,Return,,,2026-01-27,2026-01-28,235,1219.04,3672,3907,Completed
MOV000860,SKU_0104,WH_06,Pune,West,Outbound,,CUST_008,2026-03-22,2026-03-23,38,1762.84,4905,4867,Completed
MOV003895,SKU_0001,WH_06,Pune,West,Inbound,SUP_12,,2026-06-27,2026-06-29,369,342.83,1602,1971,Completed
MOV002411,SKU_0229,WH_05,Hyderabad,South,Inbound,SUP_12,,2026-01-08,2026-01-09,72,1896.46,34,106,Completed
MOV002521,SKU_0066,WH_01,Bengaluru,South,Outbound,,CUST_004,2026-04-06,2026-04-08,229,562.43,1326,1097,Discrepancy
MOV000610,SKU_0156,WH_03,Delhi,North,Transfer,,,2026-01-26,2026-01-28,452,158.43,4346,3894,Completed
MOV002264,SKU_0167,WH_03,Delhi,North,Outbound,,CUST_020,2026-03-19,2026-03-20,51,1809.58,2782,2731,Completed
MOV002873,SKU_0028,WH_01,Bengaluru,South,Inbound,SUP_02,,2026-02-13,2026-02-16,12,1209.94,2736,2748,Discrepancy
MOV001063,SKU_0172,WH_03,Delhi,North,Adjustment,,,2026-04-12,2026-04-15,123,1893.44,2325,2202,Completed
MOV001254,SKU_0273,WH_06,Pune,West,Outbound,,CUST_052,2026-02-14,2026-02-17,351,1546.76,745,394,Completed
MOV001729,SKU_0036,WH_03,Delhi,North,Outbound,,CUST_083,2026-03-03,2026-03-04,431,1245.94,2181,1750,Pending
MOV004122,SKU_0175,WH_02,Mumbai,West,Inbound,SUP_12,,2026-05-20,2026-05-21,467,1191.69,4343,4810,Completed
MOV002780,SKU_0156,WH_04,Kolkata,East,Inbound,SUP_01,,2026-03-21,2026-03-21,116,1159.53,2265,2381,Completed
MOV001874,SKU_0273,WH_04,Kolkata,East,Transfer,,,2026-05-18,2026-05-19,358,1051.62,765,,Discrepancy
MOV000657,SKU_0023,WH_03,Delhi,North,Transfer,,,2026-02-25,2026-02-26,292,826.64,1894,1602,Completed
MOV003004,SKU_0063,WH_02,Mumbai,West,Outbound,,CUST_099,2026-02-23,2026-02-24,57,1222.02,4174,4117,Completed
MOV000346,SKU_0003,WH_04,Kolkata,East,Outbound,,CUST_096,2026-02-27,2026-02-27,125,232.9,1639,,Pending
MOV004003,SKU_0208,WH_01,Bengaluru,South,Inbound,SUP_07,,2026-05-16,2026-05-19,295,171.06,3932,4227,Pending
MOV000853,SKU_0044,WH_04,Kolkata,East,Outbound,,CUST_003,2026-02-10,2026-02-12,70,260.51,1215,,Completed
MOV000287,SKU_0299,WH_02,Mumbai,West,Outbound,,CUST_044,2026-02-21,2026-02-24,471,1428.49,419,-18,Completed
MOV002288,SKU_0108,WH_01,Bengaluru,South,Inbound,SUP_02,,2026-01-04,2026-01-04,118,630.39,4162,4280,Discrepancy
MOV000775,SKU_0240,WH_05,Hyderabad,South,Inbound,SUP_02,,2026-05-26,2026-05-28,401,388.49,3914,4315,Completed
MOV001386,SKU_0108,WH_05,Hyderabad,South,Outbound,,CUST_099,2026-03-12,2026-03-12,378,1422.66,2484,2106,Completed
MOV002240,SKU_0097,WH_05,Hyderabad,South,Outbound,,CUST_066,2026-02-05,2026-02-06,73,1723.6,1917,1844,Discrepancy
MOV003156,SKU_0048,WH_03,Delhi,North,Inbound,SUP_05,,2026-04-15,2026-04-18,251,1763.57,2704,2955,Completed
MOV004507,SKU_0029,WH_06,Pune,West,Outbound,,CUST_064,2026-04-08,2026-04-09,230,1558.04,1314,1084,Completed
MOV004006,SKU_0055,WH_06,Pune,West,Inbound,SUP_05,,2026-01-02,2026-01-04,333,1500.98,3303,3636,Pending
MOV002660,SKU_0180,WH_05,Hyderabad,South,Transfer,,,2026-06-14,2026-06-16,476,1132.4,2802,,Cancelled
MOV001897,SKU_0253,WH_01,Bengaluru,South,Outbound,,CUST_035,2026-01-15,2026-01-16,345,258.13,3969,3624,Completed
MOV002963,SKU_0265,WH_04,Kolkata,East,Transfer,,,2026-05-30,2026-06-01,439,1870.12,1358,919,Completed
MOV004306,SKU_0079,WH_05,Hyderabad,South,Return,,,2026-06-18,2026-06-18,225,1756.06,512,737,Completed
MOV000098,SKU_0244,WH_02,Mumbai,West,Inbound,SUP_04,,2026-02-08,2026-02-11,50,174.15,1185,,Cancelled
MOV003689,SKU_0194,WH_04,Kolkata,East,Outbound,,CUST_056,2026-04-27,2026-04-30,202,1296.03,4396,,Discrepancy
MOV001264,SKU_0228,WH_01,Bengaluru,South,Outbound,,CUST_087,2026-02-03,2026-02-06,435,1317.43,1953,1518,Completed
MOV003308,SKU_0230,WH_03,Delhi,North,Transfer,,,2026-04-02,2026-04-03,141,1839.56,3969,3828,Completed
MOV004293,SKU_0027,WH_06,Pune,West,Outbound,,CUST_032,2026-01-21,,237,647.59,2516,2279,Pending
MOV004315,SKU_0184,WH_02,Mumbai,West,Inbound,SUP_01,,2026-06-20,2026-06-21,483,1599.4,1303,,Cancelled
MOV000889,SKU_0099,WH_02,Mumbai,West,Outbound,,CUST_058,2026-03-25,2026-03-25,235,1549.8,4298,4063,Discrepancy
MOV004106,SKU_0082,WH_06,Pune,West,Inbound,SUP_10,,2026-04-13,2026-04-16,107,883.74,101,208,Completed
MOV003623,SKU_0122,WH_03,Delhi,North,Adjustment,,,2026-05-07,2026-05-10,171,539.29,3110,2939,Completed
MOV001384,SKU_0280,WH_03,Delhi,North,Inbound,SUP_11,,2026-06-10,2026-06-10,346,515.01,4926,,Cancelled
MOV004043,SKU_0154,WH_01,Bengaluru,South,Adjustment,,,2026-04-18,2026-04-21,214,695.57,3570,3784,Discrepancy
MOV001652,SKU_0270,WH_01,Bengaluru,South,Transfer,,,2026-05-09,2026-05-12,328,1491.49,2008,1680,Completed
MOV004434,SKU_0025,WH_03,Delhi,North,Inbound,SUP_08,,2026-04-11,2026-04-12,74,754.59,3097,3171,Completed
MOV003482,SKU_0013,WH_03,Delhi,North,Inbound,SUP_02,,2026-06-28,2026-06-28,80,782.82,1757,1837,Completed
MOV002169,SKU_0083,WH_01,Bengaluru,South,Inbound,SUP_02,,2026-01-19,2026-01-21,112,1483.54,3331,3443,Pending
MOV004220,SKU_0287,WH_01,Bengaluru,South,Transfer,,,2026-05-15,2026-05-18,102,1688.12,3703,3601,Completed
MOV003427,SKU_0065,WH_02,Mumbai,West,Outbound,,CUST_043,2026-01-09,2026-01-09,150,1071.82,524,374,Completed
MOV002739,SKU_0189,WH_05,Hyderabad,South,Inbound,SUP_05,,2026-05-01,2026-05-01,382,974.65,3795,4177,Completed
MOV003816,SKU_0166,WH_06,Pune,West,Transfer,,,2026-06-29,2026-07-02,275,481.53,3151,2876,Pending
MOV003350,SKU_0002,WH_01,Bengaluru,South,Transfer,,,2026-06-25,2026-06-25,493,366.76,4426,3933,Completed
MOV004094,SKU_0264,WH_06,Pune,West,Outbound,,CUST_080,2026-06-05,2026-06-05,152,706.49,3268,3116,Completed
MOV001062,SKU_0254,WH_06,Pune,West,Outbound,,CUST_098,2026-03-27,2026-03-28,41,452.22,4285,4244,Completed
MOV003009,SKU_0178,WH_06,Pune,West,Transfer,,,2026-03-27,2026-03-28,204,685.77,1327,1123,Completed
MOV003711,SKU_0124,WH_02,Mumbai,West,Adjustment,,,2026-03-19,,283,1125.44,523,240,Completed
MOV002930,SKU_0190,WH_05,Hyderabad,South,Outbound,,CUST_100,2026-03-18,2026-03-21,412,1990.16,3765,3353,Completed
MOV002416,SKU_0122,WH_05,Hyderabad,South,Outbound,,CUST_016,2026-03-05,2026-03-05,13,1905.33,3678,3665,Completed
MOV004734,SKU_0280,WH_03,Delhi,North,Inbound,SUP_10,,2026-03-05,2026-03-05,100,1325.03,2398,2498,Completed
MOV000988,SKU_0012,WH_05,Hyderabad,South,Outbound,,CUST_049,2026-04-26,2026-04-26,457,482.64,2253,1796,Completed
MOV003410,SKU_0288,WH_06,Pune,West,Outbound,,CUST_001,2026-03-11,2026-03-12,135,1412.26,3922,3787,Discrepancy
MOV000726,SKU_0262,WH_05,Hyderabad,South,Return,,,2026-01-06,2026-01-08,36,1256.49,3073,3109,Completed
MOV004099,SKU_0121,WH_05,Hyderabad,South,Transfer,,,2026-01-07,2026-01-10,139,1515.37,1394,1255,Completed
MOV000351,SKU_0049,WH_01,Bengaluru,South,Transfer,,,2026-01-26,2026-01-26,189,584.3,2533,2344,Completed
MOV000658,SKU_0219,WH_04,Kolkata,East,Transfer,,,2026-03-19,2026-03-22,410,1489.38,4059,,Completed
MOV001690,SKU_0034,WH_01,Bengaluru,South,Inbound,SUP_09,,2026-04-13,2026-04-14,165,9815.42,1877,2042,Completed
MOV002725,SKU_0114,WH_05,Hyderabad,South,Outbound,,CUST_060,2026-05-28,2026-05-29,300,1226.31,903,603,Completed
MOV004114,SKU_0201,WH_06,Pune,West,Outbound,,CUST_099,2026-06-24,2026-06-26,202,1591.14,3765,3563,Pending
MOV004852,SKU_0089,WH_04,Kolkata,East,Inbound,SUP_01,,2026-02-14,2026-02-17,338,907.25,2949,3287,Completed
MOV001198,SKU_0154,WH_01,Bengaluru,South,Inbound,SUP_01,,2026-05-19,2026-05-19,320,528.01,3391,3711,Completed
MOV000882,SKU_0031,WH_04,Kolkata,East,Transfer,,,2026-05-10,2026-05-11,149,1151.82,3714,,Completed
MOV000778,SKU_0019,WH_05,Hyderabad,South,Inbound,SUP_10,,2026-04-28,2026-04-28,47,402.25,3114,3161,Completed
MOV003912,SKU_0158,WH_06,Pune,West,Outbound,,CUST_001,2026-03-07,2026-03-10,496,1180.28,3166,2670,Completed
MOV004457,SKU_0084,WH_06,Pune,West,Transfer,,,2026-06-04,2026-06-06,40,1389.05,4203,4163,Completed
MOV004727,SKU_0154,WH_02,Mumbai,West,Inbound,SUP_08,,2026-01-15,2026-01-16,72,1099.47,2517,2589,Completed
MOV004119,SKU_0282,WH_04,Kolkata,East,Inbound,SUP_07,,2026-06-05,2026-06-08,412,539.6,430,,Completed
MOV002793,SKU_0261,WH_04,Kolkata,East,Inbound,SUP_11,,2026-04-25,2026-04-25,496,986.19,473,,Completed
MOV003144,SKU_0009,WH_02,Mumbai,West,Return,,,2026-03-09,2026-03-12,263,92.62,4451,4714,Completed
MOV003610,SKU_0210,WH_06,Pune,West,Inbound,SUP_03,,2026-02-07,2026-02-10,388,1342.39,2246,2634,Completed
MOV003618,SKU_0205,WH_05,Hyderabad,South,Adjustment,,,2026-06-30,2026-06-30,181,732.38,2252,2433,Completed
MOV003541,SKU_0014,WH_05,Hyderabad,South,Outbound,,CUST_081,2026-05-31,2026-06-03,113,1987.49,1529,1416,Completed
MOV004414,SKU_0066,WH_05,Hyderabad,South,Inbound,SUP_07,,2026-03-06,2026-03-07,55,824.85,3686,3741,Completed
MOV004775,SKU_0235,WH_05,Hyderabad,South,Transfer,,,2026-05-21,2026-05-22,228,991.18,3994,3766,Completed
MOV001262,SKU_0019,WH_06,Pune,West,Transfer,,,2026-03-04,2026-03-07,182,1106.36,3678,3496,Completed
MOV003348,SKU_0300,WH_03,Delhi,North,Transfer,,,2026-06-22,2026-06-25,174,1465.16,1261,1087,Completed
MOV004387,SKU_0246,WH_05,Hyderabad,South,Outbound,,CUST_008,2026-04-13,2026-04-15,82,315.89,457,375,Discrepancy
MOV001411,SKU_0163,WH_01,Bengaluru,South,Inbound,SUP_12,,2026-04-21,2026-04-23,6,1739.62,4980,4986,Completed
MOV004282,SKU_0167,WH_02,Mumbai,West,Outbound,,CUST_008,2026-05-25,2026-05-25,277,703.87,4699,4422,Discrepancy
MOV004919,SKU_0064,WH_05,Hyderabad,South,Outbound,,CUST_035,2026-04-04,2026-04-06,455,75.97,3157,2702,Completed
MOV003177,SKU_0041,WH_06,Pune,West,Inbound,SUP_12,,2026-04-17,2026-04-19,101,792.99,4597,4698,Completed
MOV002254,SKU_0091,WH_05,Hyderabad,South,Transfer,,,2026-06-29,2026-06-29,202,561.72,2647,2445,Completed
MOV003066,SKU_0198,WH_01,Bengaluru,South,Adjustment,,,2026-06-03,2026-06-03,115,1126.28,4182,4067,Completed
MOV003171,SKU_0130,WH_06,Pune,West,Outbound,,CUST_058,2026-06-16,2026-06-16,86,1211.96,3124,3038,Completed
MOV002340,SKU_0225,WH_02,Mumbai,West,Transfer,,,2026-05-06,2026-05-07,143,99.92,4724,4581,Discrepancy
MOV004923,SKU_0291,WH_04,Kolkata,East,Outbound,,CUST_046,2026-06-12,2026-06-12,156,609.33,3711,,Pending
MOV001548,SKU_0176,WH_03,Delhi,North,Adjustment,,,2026-04-07,2026-04-07,345,1117.56,1959,2304,Completed
MOV003117,SKU_0063,WH_01,Bengaluru,South,Outbound,,CUST_035,2026-04-10,2026-04-11,48,1840.18,960,912,Completed
MOV003696,SKU_0202,WH_06,Pune,West,Inbound,SUP_07,,2026-06-02,2026-06-05,304,794.41,3393,3697,Completed
MOV000243,SKU_0018,WH_05,Hyderabad,South,Adjustment,,,2026-01-25,2026-01-26,397,881.19,4683,4286,Completed
MOV002285,SKU_0298,WH_01,Bengaluru,South,Inbound,SUP_07,,2026-05-10,2026-05-11,275,1725.49,642,,Cancelled
MOV002540,SKU_0170,WH_02,Mumbai,West,Adjustment,,,2026-03-25,2026-03-25,404,1764.63,3921,4325,Completed
MOV004465,SKU_0282,WH_01,Bengaluru,South,Outbound,,CUST_004,2026-02-19,2026-02-20,77,138.32,1377,1300,Completed
MOV003847,SKU_0289,WH_06,Pune,West,Return,,,2026-04-28,2026-04-30,391,1954.94,2162,2553,Completed
MOV002850,SKU_0217,WH_03,Delhi,North,Inbound,SUP_03,,2026-02-10,2026-02-12,43,1080.78,1741,1784,Completed
MOV002654,SKU_0268,WH_04,Kolkata,East,Transfer,,,2026-02-19,2026-02-20,399,1551.77,3364,,Completed
MOV004977,SKU_0258,WH_03,Delhi,North,Outbound,,CUST_012,2026-02-06,2026-02-07,300,1298.32,2905,2605,Completed
MOV004946,SKU_0260,WH_05,Hyderabad,South,Inbound,SUP_01,,2026-01-31,2026-02-03,88,1285.12,4852,4940,Discrepancy
MOV003140,SKU_0221,WH_03,Delhi,North,Outbound,,CUST_080,2026-05-02,2026-05-02,351,1425.55,1291,940,Completed
MOV001726,SKU_0083,WH_01,Bengaluru,South,Outbound,,CUST_042,2026-05-18,2026-05-19,277,1387.05,1750,1473,Discrepancy
MOV002241,SKU_0237,WH_05,Hyderabad,South,Outbound,,CUST_072,2026-03-25,2026-03-27,416,1076.55,4643,4227,Completed
MOV000846,SKU_0055,WH_05,Hyderabad,South,Return,,,2026-04-27,2026-04-29,207,930.51,429,636,Completed
MOV003621,SKU_0149,WH_05,Hyderabad,South,Outbound,,CUST_014,2026-02-01,2026-02-01,206,1553.67,4502,4296,Completed
MOV001473,SKU_0018,WH_03,Delhi,North,Transfer,,,2026-04-28,2026-04-29,394,1211.8,1835,1441,Completed
MOV001212,SKU_0282,WH_06,Pune,West,Transfer,,,2026-02-23,2026-02-26,288,385.07,3904,3616,Completed
MOV000782,SKU_0054,WH_06,Pune,West,Transfer,,,2026-05-13,2026-05-14,315,1759.9,348,33,Completed
MOV001093,SKU_0260,WH_02,Mumbai,West,Outbound,,CUST_086,2026-02-23,2026-02-26,381,160.02,1646,1265,Completed
MOV000697,SKU_0107,WH_01,Bengaluru,South,Outbound,,CUST_066,2026-05-13,2026-05-14,67,1531.55,3029,2962,Pending
MOV004548,SKU_0286,WH_05,Hyderabad,South,Return,,,2026-05-31,2026-06-02,399,515.99,1650,2049,Pending
MOV004105,SKU_0056,WH_04,Kolkata,East,Return,,,2026-04-21,2026-04-23,65,1699.09,921,,Completed
MOV004171,SKU_0071,WH_05,Hyderabad,South,Inbound,SUP_12,,2026-05-14,2026-05-15,84,1831.67,601,685,Completed
MOV000071,SKU_0174,WH_03,Delhi,North,Inbound,SUP_10,,2026-01-12,2026-01-14,383,1447.44,2592,2975,Discrepancy
MOV001398,SKU_0282,WH_04,Kolkata,East,Outbound,,CUST_020,2026-05-02,2026-05-05,119,1768.04,2649,,Completed
MOV003948,SKU_0062,WH_05,Hyderabad,South,Return,,,2026-06-27,2026-06-27,282,475.88,1194,,Cancelled
MOV001002,SKU_0171,WH_02,Mumbai,West,Outbound,,CUST_039,2026-06-25,2026-06-25,114,1250.82,4754,4640,Completed
MOV004489,SKU_0170,WH_02,Mumbai,West,Inbound,SUP_11,,2026-06-08,2026-06-09,97,158.14,535,632,Completed
MOV000319,SKU_0124,WH_03,Delhi,North,Transfer,,,2026-01-07,2026-01-10,281,1957.39,690,409,Pending
MOV001488,SKU_0280,WH_01,Bengaluru,South,Transfer,,,2026-06-01,2026-06-03,331,397.34,958,627,Completed
MOV004279,SKU_0022,WH_06,Pune,West,Adjustment,,,2026-04-14,2026-04-16,140,508.24,2515,2375,Discrepancy
MOV004343,SKU_0099,WH_03,Delhi,North,Inbound,SUP_01,,2026-03-25,2026-03-26,218,1218.58,4070,4288,Completed
MOV003442,SKU_0183,WH_04,Kolkata,East,Transfer,,,2026-05-05,2026-05-06,327,1022.45,1079,,Pending
MOV004155,SKU_0239,WH_03,Delhi,North,Transfer,,,2026-04-21,2026-04-23,90,1322.86,2340,2250,Completed
MOV000895,SKU_0284,WH_05,Hyderabad,South,Inbound,SUP_09,,2026-06-21,2026-06-24,110,4419.39,3100,3210,Completed
MOV000972,SKU_0045,WH_02,Mumbai,West,Return,,,2026-01-07,2026-01-08,82,715.03,2497,2579,Completed
MOV004438,SKU_0005,WH_01,Bengaluru,South,Outbound,,CUST_073,2026-01-17,2026-01-17,64,507.65,4323,-188,Completed
MOV001664,SKU_0211,WH_06,Pune,West,Inbound,SUP_09,,2026-03-28,2026-03-28,141,21020.23,1869,2010,Discrepancy
MOV001021,SKU_0227,WH_04,Kolkata,East,Transfer,,,2026-04-23,2026-04-26,253,1216.03,487,,Completed
MOV002207,SKU_0110,WH_05,Hyderabad,South,Inbound,SUP_03,,2026-01-17,2026-01-17,327,220.42,4911,5238,Completed
MOV001887,SKU_0095,WH_04,Kolkata,East,Inbound,SUP_05,,2026-05-23,2026-05-23,456,859.86,2323,,Completed
MOV002062,SKU_0091,WH_06,Pune,West,Transfer,,,2026-05-03,2026-05-03,333,1426.96,1178,845,Completed
MOV001743,SKU_0064,WH_06,Pune,West,Adjustment,,,2026-04-05,2026-04-08,194,283.97,1894,2088,Completed
MOV001725,SKU_0287,WH_01,Bengaluru,South,Outbound,,CUST_070,2026-02-08,2026-02-11,316,1904.84,933,617,Completed
MOV002519,SKU_0026,WH_06,Pune,West,Inbound,SUP_06,,2026-05-25,2026-05-25,24,487.03,793,817,Pending
MOV003862,SKU_0265,WH_06,Pune,West,Outbound,,CUST_041,2026-01-03,2026-01-03,36,1913.86,4031,3995,Completed
MOV004803,SKU_0285,WH_04,Kolkata,East,Inbound,SUP_09,,2026-05-18,2026-05-19,112,905.87,949,,Completed
MOV003863,SKU_0136,WH_01,Bengaluru,South,Adjustment,,,2026-06-07,2026-06-07,162,1009.8,3209,3371,Discrepancy
MOV000238,SKU_0129,WH_05,Hyderabad,South,Adjustment,,,2026-03-10,2026-03-13,8,98.28,1236,1244,Completed
MOV004515,SKU_0017,WH_06,Pune,West,Adjustment,,,2026-06-08,2026-06-09,249,275.18,4986,5235,Completed
MOV001068,SKU_0177,WH_01,Bengaluru,South,Inbound,SUP_08,,2026-06-07,2026-06-09,293,1483.58,513,806,Completed
MOV001114,SKU_0166,WH_02,Mumbai,West,Transfer,,,2026-06-01,2026-06-03,12,1769.44,2067,,Cancelled
MOV000270,SKU_0131,WH_06,Pune,West,Outbound,,CUST_049,2026-03-03,2026-03-04,340,276.52,275,,Cancelled
MOV001671,SKU_0114,WH_06,Pune,West,Inbound,SUP_09,,,2026-03-15,497,4536.61,4851,5348,Completed
MOV004739,SKU_0229,WH_05,Hyderabad,South,Outbound,,CUST_017,2026-02-26,2026-02-28,435,249.54,4641,4206,Completed
MOV002408,SKU_0055,WH_02,Mumbai,West,Inbound,SUP_08,,2026-06-25,2026-06-26,337,1730.48,213,550,Completed
MOV004200,SKU_0090,WH_05,Hyderabad,South,Outbound,,CUST_067,2026-01-01,2026-01-01,156,1568.06,960,804,Completed
MOV002006,SKU_0243,WH_06,Pune,West,Inbound,SUP_06,,2026-04-05,2026-04-07,397,1891.37,4504,4901,Discrepancy
MOV000210,SKU_0021,WH_04,Kolkata,East,Inbound,SUP_03,,2026-04-21,2026-04-22,388,641.0,3119,,Completed
MOV002518,SKU_0164,WH_03,Delhi,North,Return,,,2026-04-12,2026-04-12,400,708.99,197,597,Pending
MOV002770,SKU_0018,WH_02,Mumbai,West,Return,,,2026-03-12,2026-03-12,460,378.97,1869,2329,Completed
MOV003872,SKU_0054,WH_06,Pune,West,Inbound,SUP_07,,2026-01-18,2026-01-21,168,505.79,455,623,Completed
MOV000009,SKU_0255,WH_01,Bengaluru,South,Inbound,SUP_07,,2026-05-21,2026-05-23,453,317.01,3526,,Cancelled
MOV003394,SKU_0166,WH_01,Bengaluru,South,Inbound,SUP_01,,2026-06-23,2026-06-23,468,1523.62,1318,1786,Completed
MOV001055,SKU_0255,WH_03,Delhi,North,Outbound,,CUST_052,2026-06-26,2026-06-27,340,1908.64,3819,3479,Completed
MOV001259,SKU_0278,WH_02,Mumbai,West,Transfer,,,2026-03-03,2026-03-03,396,311.45,2795,2399,Discrepancy
MOV004066,SKU_0182,WH_05,Hyderabad,South,Adjustment,,,2026-06-24,2026-06-25,344,773.08,3117,2773,Completed
MOV002123,SKU_0028,WH_05,Hyderabad,South,Inbound,SUP_09,,2026-02-09,,184,12289.81,4292,4476,Discrepancy
MOV002233,SKU_0071,WH_06,Pune,West,Adjustment,,,2026-01-04,2026-01-05,68,1350.26,2528,2596,Completed
MOV000682,SKU_0165,WH_03,Delhi,North,Adjustment,,,2026-01-23,2026-01-23,261,1117.31,2929,2668,Completed
MOV001815,SKU_0196,WH_03,Delhi,North,Inbound,SUP_06,,2026-01-09,2026-01-10,28,1540.19,4455,4483,Completed
MOV002906,SKU_0261,WH_04,Kolkata,East,Outbound,,CUST_039,2026-05-11,2026-05-14,289,1776.91,4282,,Completed
MOV003179,SKU_0021,WH_02,Mumbai,West,Return,,,2026-01-03,2026-01-03,72,446.19,3635,3707,Discrepancy
MOV001010,SKU_0196,WH_04,Kolkata,East,Adjustment,,,2026-02-14,2026-02-15,341,1787.14,3443,3784,Completed
MOV002247,SKU_0229,WH_02,Mumbai,West,Inbound,SUP_03,,2026-06-21,2026-06-23,401,101.14,4502,,Cancelled
MOV002286,SKU_0176,WH_05,Hyderabad,South,Outbound,,CUST_035,2026-05-29,2026-05-30,481,1883.53,3804,3323,Completed
MOV002460,SKU_0265,WH_06,Pune,West,Adjustment,,,2026-06-25,2026-06-26,353,1270.63,4072,4425,Completed
MOV000240,SKU_0265,WH_01,Bengaluru,South,Outbound,,CUST_068,2026-02-25,2026-02-27,458,305.3,357,-101,Completed
MOV004062,SKU_0096,WH_03,Delhi,North,Transfer,,,2026-03-09,2026-03-12,262,1762.07,387,125,Completed
MOV003735,SKU_0190,WH_02,Mumbai,West,Transfer,,,2026-06-08,2026-06-10,54,374.01,4420,4366,Completed
MOV001919,SKU_0230,WH_06,Pune,West,Outbound,,CUST_065,2026-06-02,2026-06-03,37,1904.35,3808,3771,Completed
MOV000618,SKU_0221,WH_01,Bengaluru,South,Outbound,,CUST_066,2026-03-30,2026-03-31,278,873.93,1708,1430,Discrepancy
MOV003072,SKU_0222,WH_03,Delhi,North,Inbound,SUP_08,,2026-01-16,2026-01-16,16,377.95,2097,2113,Completed
MOV002735,SKU_0066,WH_03,Delhi,North,Outbound,,CUST_039,2026-03-03,2026-03-05,113,1391.55,4235,4122,Completed
MOV004178,SKU_0237,WH_02,Mumbai,West,Adjustment,,,2026-02-22,2026-02-24,166,511.36,4604,4770,Completed
MOV004172,SKU_0259,WH_05,Hyderabad,South,Transfer,,,2026-06-28,2026-06-29,55,294.36,3368,3313,Completed
MOV002690,SKU_0063,WH_02,Mumbai,West,Transfer,,,2026-05-23,2026-05-23,290,1942.02,3454,3164,Completed
MOV001273,SKU_0023,WH_05,Hyderabad,South,Outbound,,CUST_090,2026-03-20,2026-03-23,390,1488.12,133,-257,Completed
MOV002502,SKU_0139,WH_01,Bengaluru,South,Outbound,,CUST_014,2026-02-27,2026-03-02,173,1570.01,4087,3914,Completed
MOV003561,SKU_0201,WH_05,Hyderabad,South,Adjustment,,,2026-03-22,2026-03-23,207,1980.5,3135,,Cancelled
MOV002093,SKU_0242,WH_04,Kolkata,East,Inbound,SUP_01,,2026-06-18,2026-06-21,475,779.72,2211,2686,Completed
MOV004909,SKU_0289,WH_01,Bengaluru,South,Inbound,SUP_05,,2026-05-07,2026-05-10,54,1489.0,4320,4374,Pending
MOV002388,SKU_0023,WH_01,Bengaluru,South,Inbound,SUP_07,,2026-05-09,2026-05-10,433,813.97,1122,1555,Completed
MOV001042,SKU_0013,WH_03,Delhi,North,Transfer,,,,2026-02-15,388,1235.37,1623,1235,Pending
MOV003120,SKU_0208,WH_06,Pune,West,Outbound,,CUST_018,2026-04-28,2026-04-29,355,1095.3,2486,2131,Completed
MOV004925,SKU_0048,WH_01,Bengaluru,South,Outbound,,CUST_085,2026-06-12,2026-06-13,320,1498.69,3722,3402,Completed
MOV000251,SKU_0173,WH_02,Mumbai,West,Inbound,SUP_07,,2026-01-12,2026-01-12,321,1244.94,4049,4370,Discrepancy
MOV003444,SKU_0295,WH_02,Mumbai,West,Inbound,SUP_12,,2026-05-24,2026-05-27,265,759.87,478,743,Completed
MOV000580,SKU_0065,WH_01,Bengaluru,South,Outbound,,CUST_063,2026-04-23,2026-04-25,141,1836.33,3362,3221,Discrepancy
MOV004948,SKU_0123,WH_06,Pune,West,Transfer,,,2026-02-19,2026-02-22,148,1772.8,2346,2198,Completed
MOV002529,SKU_0268,WH_01,Bengaluru,South,Inbound,SUP_06,,2026-02-07,2026-02-09,448,256.78,4735,5183,Completed
MOV000183,SKU_0241,WH_03,Delhi,North,Inbound,SUP_06,,2026-02-26,2026-02-27,263,1114.54,4797,5060,Completed
MOV001120,SKU_0266,WH_03,Delhi,North,Outbound,,CUST_097,2026-06-12,2026-06-14,83,1904.86,1021,938,Completed
MOV001853,SKU_0083,WH_06,Pune,West,Transfer,,,2026-01-26,2026-01-29,215,1973.48,3753,3538,Completed
MOV000557,SKU_0114,WH_03,Delhi,North,Outbound,,CUST_054,2026-04-06,2026-04-09,325,894.99,3187,2862,Completed
MOV002908,SKU_0157,WH_05,Hyderabad,South,Return,,,2026-03-01,2026-03-01,54,1946.83,4458,4512,Completed
MOV002882,SKU_0242,WH_02,Mumbai,West,Return,,,2026-04-14,2026-04-14,266,1699.7,2320,2586,Completed
MOV002047,SKU_0300,WH_02,Mumbai,West,Return,,,2026-02-07,2026-02-09,433,610.75,2275,2708,Completed
MOV002263,SKU_0092,WH_06,Pune,West,Transfer,,,2026-01-07,2026-01-07,40,1765.04,4462,4422,Discrepancy
MOV002412,SKU_0224,WH_05,Hyderabad,South,Outbound,,CUST_002,2026-04-08,2026-04-08,391,460.25,537,146,Completed
MOV000597,SKU_0025,WH_04,Kolkata,East,Return,,,2026-06-15,2026-06-17,91,1956.75,4303,,Completed
MOV003874,SKU_0108,WH_03,Delhi,North,Outbound,,CUST_035,2026-05-01,2026-05-03,462,482.19,498,36,Completed
MOV003738,SKU_0248,WH_01,Bengaluru,South,Transfer,,,2026-06-05,2026-06-07,219,1769.72,4487,4268,Completed
MOV003019,SKU_0088,WH_06,Pune,West,Inbound,SUP_12,,2026-06-03,2026-06-04,136,1898.73,1939,2075,Discrepancy
MOV003316,SKU_0118,WH_06,Pune,West,Return,,,2026-04-27,2026-04-29,381,1356.39,1018,1399,Discrepancy
MOV004721,SKU_0032,WH_06,Pune,West,Outbound,,CUST_009,2026-03-11,2026-03-14,364,734.27,2602,,Cancelled
MOV004370,SKU_0054,WH_05,Hyderabad,South,Outbound,,CUST_037,2026-06-05,2026-06-06,436,421.69,1917,1481,Completed
MOV003934,SKU_0164,WH_04,Kolkata,East,Adjustment,,,2026-06-11,2026-06-12,40,778.41,475,,Completed
MOV001365,SKU_0057,WH_04,Kolkata,East,Outbound,,CUST_097,2026-03-12,2026-03-12,371,1370.99,208,,Completed
MOV001318,SKU_0255,WH_05,Hyderabad,South,Adjustment,,,2026-06-26,2026-06-29,288,714.52,2538,2826,Discrepancy
MOV000591,SKU_0188,WH_01,Bengaluru,South,Outbound,,CUST_091,2026-04-28,2026-04-29,496,167.98,1767,1271,Completed
MOV000050,SKU_0002,WH_04,Kolkata,East,Transfer,,,2026-04-14,2026-04-16,373,324.38,2817,,Completed
MOV001500,SKU_0093,WH_05,Hyderabad,South,Outbound,,CUST_028,2026-03-25,2026-03-27,185,299.18,1505,1320,Completed
MOV002144,SKU_0280,WH_01,Bengaluru,South,Outbound,,CUST_016,2026-02-14,2026-02-14,462,299.3,2774,2312,Completed
MOV000208,SKU_0205,WH_03,Delhi,North,Outbound,,CUST_060,2026-06-10,2026-06-11,480,589.22,242,-238,Completed
MOV000229,SKU_0097,WH_02,Mumbai,West,Transfer,,,2026-04-25,2026-04-25,76,1337.94,3047,2971,Completed
MOV002156,SKU_0253,WH_04,Kolkata,East,Inbound,SUP_08,,,2026-03-20,281,1139.24,602,,Completed
MOV003656,SKU_0038,WH_04,Kolkata,East,Return,,,2026-04-29,2026-04-29,351,324.15,801,,Completed
MOV001315,SKU_0245,WH_05,Hyderabad,South,Outbound,,CUST_092,2026-03-29,2026-03-30,74,1601.06,2665,2591,Completed
MOV004478,SKU_0281,WH_03,Delhi,North,Inbound,SUP_04,,2026-06-25,2026-06-25,170,1322.71,2184,2354,Completed
MOV002997,SKU_0172,WH_06,Pune,West,Outbound,,CUST_100,2026-01-03,2026-01-04,446,252.32,4524,4078,Completed
MOV002932,SKU_0117,WH_05,Hyderabad,South,Transfer,,,2026-01-18,2026-01-20,297,1652.2,347,50,Completed
MOV000486,SKU_0030,WH_01,Bengaluru,South,Outbound,,CUST_042,2026-06-24,2026-06-27,346,132.25,4471,4125,Completed
MOV002662,SKU_0058,WH_01,Bengaluru,South,Inbound,SUP_12,,2026-06-25,2026-06-27,116,1732.42,4003,,Cancelled
MOV000341,SKU_0266,WH_04,Kolkata,East,Transfer,,,2026-04-09,2026-04-10,416,1797.93,3577,,Completed
MOV003123,SKU_0201,WH_04,Kolkata,East,Outbound,,CUST_005,2026-06-08,2026-06-10,201,796.51,1532,1331,Completed
MOV004475,SKU_0198,WH_02,Mumbai,West,Inbound,SUP_12,,2026-06-26,2026-06-26,269,1884.87,4260,4529,Completed
MOV004416,SKU_0254,WH_01,Bengaluru,South,Adjustment,,,2026-05-31,2026-06-03,121,619.93,3126,3005,Completed
MOV004170,SKU_0194,WH_06,Pune,West,Adjustment,,,2026-01-15,2026-01-16,121,942.34,3683,3804,Completed
MOV004263,SKU_0021,WH_06,Pune,West,Outbound,,CUST_029,2026-04-23,2026-04-23,100,1529.29,3474,3374,Pending
MOV001263,SKU_0145,WH_05,Hyderabad,South,Inbound,SUP_08,,2026-01-04,2026-01-05,150,944.77,1381,1531,Completed
MOV000558,SKU_0229,WH_04,Kolkata,East,Transfer,,,2026-05-27,2026-05-30,324,384.92,4841,4517,Completed
MOV003819,SKU_0027,WH_05,Hyderabad,South,Transfer,,,2026-06-30,2026-06-30,239,1180.39,4957,4718,Discrepancy
MOV000432,SKU_0130,WH_04,Kolkata,East,Inbound,SUP_01,,2026-06-22,2026-06-23,85,400.8,1247,,Pending
MOV002499,SKU_0237,WH_04,Kolkata,East,Outbound,,CUST_002,2026-06-05,2026-06-08,409,1803.4,2752,,Completed
MOV000194,SKU_0081,WH_05,Hyderabad,South,Inbound,SUP_09,,2026-02-23,2026-02-24,212,4268.12,4940,5152,Completed
MOV002320,SKU_0077,WH_06,Pune,West,Transfer,,,2026-06-13,2026-06-15,241,806.49,4563,4322,Completed
MOV000123,SKU_0103,WH_05,Hyderabad,South,Outbound,,CUST_074,2026-04-27,2026-04-28,368,977.68,131,-237,Completed
MOV000845,SKU_0095,WH_05,Hyderabad,South,Outbound,,CUST_080,2026-06-24,2026-06-25,415,701.54,434,19,Completed
MOV004677,SKU_0064,WH_04,Kolkata,East,Outbound,,CUST_016,2026-01-04,2026-01-04,264,990.45,2563,,Completed
MOV004403,SKU_0048,WH_02,Mumbai,West,Outbound,,CUST_087,2026-05-27,2026-05-30,74,1587.11,1132,,Cancelled
MOV004856,SKU_0015,WH_05,Hyderabad,South,Transfer,,,2026-04-08,2026-04-10,7,1721.83,1699,1692,Completed
MOV000924,SKU_0289,WH_04,Kolkata,East,Inbound,SUP_08,,2026-06-18,2026-06-20,49,411.22,1744,,Completed
MOV000965,SKU_0197,WH_05,Hyderabad,South,Inbound,SUP_09,,2026-04-24,2026-04-24,136,16498.84,1011,1147,Pending
MOV003207,SKU_0044,WH_02,Mumbai,West,Inbound,SUP_10,,2026-01-01,2026-01-04,262,610.97,1774,2036,Completed
MOV002583,SKU_0123,WH_03,Delhi,North,Adjustment,,,2026-04-15,2026-04-16,233,1364.28,691,458,Completed
MOV001441,SKU_0296,WH_02,Mumbai,West,Return,,,2026-02-19,2026-02-19,430,1057.7,1184,1614,Completed
MOV001963,SKU_0014,WH_05,Hyderabad,South,Inbound,SUP_04,,2026-01-14,2026-01-16,294,416.46,4697,4991,Discrepancy
MOV004226,SKU_0271,WH_01,Bengaluru,South,Outbound,,CUST_047,2026-06-11,2026-06-12,172,140.99,1064,892,Completed
MOV001363,SKU_0067,WH_06,Pune,West,Transfer,,,2026-05-27,2026-05-28,89,1986.99,4611,4522,Pending
MOV003771,SKU_0128,WH_05,Hyderabad,South,Inbound,SUP_04,,2026-06-25,2026-06-26,465,750.44,1299,1764,Completed
MOV000036,SKU_0202,WH_05,Hyderabad,South,Outbound,,CUST_028,2026-02-28,2026-03-02,102,1672.96,1144,1042,Completed
MOV002463,SKU_0186,WH_04,Kolkata,East,Return,,,2026-04-01,2026-04-01,55,1188.7,758,,Completed
MOV003699,SKU_0155,WH_05,Hyderabad,South,Outbound,,CUST_085,2026-05-11,2026-05-11,134,1351.67,241,107,Pending
MOV001215,SKU_0215,WH_01,Bengaluru,South,Inbound,SUP_08,,2026-04-07,2026-04-09,371,654.59,971,1342,Discrepancy
MOV003531,SKU_0141,WH_03,Delhi,North,Inbound,SUP_10,,2026-05-09,2026-05-10,384,1829.56,3546,3930,Pending
MOV002033,SKU_0275,WH_04,Kolkata,East,Outbound,,CUST_009,2026-01-26,2026-01-27,210,916.29,3440,3230,Discrepancy
MOV000286,SKU_0156,WH_02,Mumbai,West,Return,,,2026-04-22,2026-04-24,157,443.91,426,583,Completed
MOV000857,SKU_0148,WH_02,Mumbai,West,Return,,,2026-03-07,2026-03-10,207,386.91,4826,5033,Completed
MOV003814,SKU_0062,WH_02,Mumbai,West,Outbound,,CUST_099,2026-05-12,2026-05-12,327,1278.13,4704,4377,Discrepancy
MOV004273,SKU_0071,WH_04,Kolkata,East,Outbound,,CUST_028,2026-02-05,2026-02-05,16,324.31,104,,Discrepancy
MOV003275,SKU_0228,WH_01,Bengaluru,South,Outbound,,CUST_088,2026-02-13,2026-02-14,299,1916.87,871,572,Completed
MOV003251,SKU_0279,WH_05,Hyderabad,South,Outbound,,CUST_093,2026-05-28,2026-05-28,260,108.11,1122,862,Completed
MOV003449,SKU_0046,WH_03,Delhi,North,Adjustment,,,2026-03-27,2026-03-30,254,1828.58,3013,2759,Completed
MOV003280,SKU_0202,WH_02,Mumbai,West,Transfer,,,2026-01-24,2026-01-26,370,136.66,4271,3901,Completed
MOV003840,SKU_0249,WH_01,Bengaluru,South,Transfer,,,2026-02-11,2026-02-12,311,1232.03,3403,3092,Completed
MOV004656,SKU_0063,WH_04,Kolkata,East,Transfer,,,2026-05-22,2026-05-22,199,1965.39,99,,Completed
MOV000716,SKU_0204,WH_03,Delhi,North,Return,,,2026-05-31,2026-06-01,134,1012.3,510,644,Discrepancy
MOV002937,SKU_0021,WH_02,Mumbai,West,Transfer,,,2026-02-26,2026-02-28,450,248.71,246,-204,Pending
MOV000648,SKU_0068,WH_01,Bengaluru,South,Inbound,SUP_03,,2026-01-02,2026-01-04,188,795.25,1681,1869,Completed
MOV004660,SKU_0226,WH_04,Kolkata,East,Inbound,SUP_09,,2026-03-13,2026-03-15,29,9195.92,2631,,Completed
MOV002432,SKU_0247,WH_02,Mumbai,West,Return,,,2026-03-08,2026-03-11,167,1709.92,3412,3579,Completed
MOV004247,SKU_0049,WH_06,Pune,West,Inbound,SUP_03,,2026-02-27,2026-02-27,377,1935.92,2786,3163,Pending
MOV002250,SKU_0191,WH_02,Mumbai,West,Outbound,,CUST_015,2026-05-17,2026-05-18,358,1729.67,4202,3844,Completed
MOV003488,SKU_0172,WH_04,Kolkata,East,Return,,,2026-06-21,2026-06-24,146,610.97,2369,,Completed
MOV001766,SKU_0214,WH_02,Mumbai,West,Inbound,SUP_04,,2026-05-21,2026-05-24,12,540.46,268,280,Completed
MOV003002,SKU_0021,WH_02,Mumbai,West,Inbound,SUP_09,,2026-02-15,2026-02-18,16,8897.27,1045,1061,Completed
MOV004090,SKU_0269,WH_06,Pune,West,Transfer,,,2026-01-24,2026-01-26,234,318.2,130,-104,Completed
MOV003932,SKU_0010,WH_01,Bengaluru,South,Adjustment,,,2026-06-25,2026-06-26,330,1185.86,738,408,Completed
MOV002557,SKU_0181,WH_04,Kolkata,East,Inbound,SUP_10,,2026-04-12,2026-04-15,266,213.42,3515,,Completed
MOV001952,SKU_0163,WH_02,Mumbai,West,Outbound,,CUST_067,2026-05-18,2026-05-21,162,881.68,3422,3260,Completed
MOV001342,SKU_0048,WH_06,Pune,West,Inbound,SUP_07,,2026-05-05,2026-05-08,125,1267.19,4578,4703,Completed
MOV004140,SKU_0095,WH_01,Bengaluru,South,Inbound,SUP_02,,2026-03-08,2026-03-11,450,93.22,402,852,Completed
MOV001709,SKU_0216,WH_03,Delhi,North,Return,,,2026-05-11,2026-05-11,157,835.19,3522,,Cancelled
MOV004133,SKU_0175,WH_06,Pune,West,Return,,,2026-02-16,2026-02-18,36,1391.19,4802,4838,Pending
MOV004907,SKU_0250,WH_06,Pune,West,Adjustment,,,2026-03-10,2026-03-12,302,1079.74,1574,1272,Pending
MOV004644,SKU_0230,WH_02,Mumbai,West,Outbound,,CUST_006,2026-04-24,2026-04-24,453,193.35,2846,2393,Completed
MOV002856,SKU_0081,WH_02,Mumbai,West,Outbound,,CUST_012,2026-05-09,2026-05-09,382,1337.23,582,200,Completed
MOV001518,SKU_0223,WH_02,Mumbai,West,Transfer,,,2026-03-29,2026-03-31,33,1084.47,3931,3898,Completed
MOV004242,SKU_0091,WH_02,Mumbai,West,Transfer,,,2026-02-20,2026-02-20,263,1175.19,3191,2928,Discrepancy
MOV003164,SKU_0263,WH_02,Mumbai,West,Outbound,,CUST_072,2026-02-03,2026-02-05,254,1129.96,3043,2789,Completed
MOV003024,SKU_0278,WH_05,Hyderabad,South,Inbound,SUP_01,,2026-01-12,2026-01-15,6,325.59,2427,2433,Completed
MOV004055,SKU_0041,WH_04,Kolkata,East,Outbound,,CUST_026,2026-05-11,2026-05-11,157,1381.01,326,,Pending
MOV002055,SKU_0012,WH_05,Hyderabad,South,Outbound,,CUST_031,2026-02-22,2026-02-25,427,1833.88,275,-152,Completed
MOV004685,SKU_0036,WH_02,Mumbai,West,Outbound,,CUST_002,2026-04-03,2026-04-03,318,1217.78,3164,2846,Completed
MOV000274,SKU_0105,WH_05,Hyderabad,South,Inbound,SUP_06,,2026-03-03,2026-03-04,79,1652.68,3770,3849,Completed
MOV004770,SKU_0123,WH_03,Delhi,North,Outbound,,CUST_046,2026-06-16,2026-06-16,148,1442.41,4194,4046,Completed
MOV004930,SKU_0296,WH_01,Bengaluru,South,Inbound,SUP_05,,2026-05-20,2026-05-20,450,616.84,1844,-173,Completed
MOV002693,SKU_0133,WH_05,Hyderabad,South,Inbound,SUP_02,,2026-06-03,2026-06-04,257,557.53,4504,4761,Completed
MOV001206,SKU_0102,WH_01,Bengaluru,South,Transfer,,,2026-02-01,2026-02-01,72,1112.96,1368,1296,Completed
MOV002588,SKU_0063,WH_06,Pune,West,Return,,,2026-05-30,2026-05-30,132,1689.7,4550,4682,Pending
MOV002130,SKU_0101,WH_04,Kolkata,East,Transfer,,,2026-06-19,2026-06-19,279,839.77,1703,,Completed
MOV000966,SKU_0180,WH_05,Hyderabad,South,Inbound,SUP_09,,2026-04-16,2026-04-16,265,14005.16,4896,5161,Completed
MOV003978,SKU_0292,WH_05,Hyderabad,South,Inbound,SUP_12,,2026-04-18,2026-04-18,414,1227.36,3955,4369,Completed
MOV000967,SKU_0124,WH_04,Kolkata,East,Transfer,,,2026-01-26,2026-01-26,465,510.66,3256,,Discrepancy
MOV000242,SKU_0075,WH_06,Pune,West,Transfer,,,2026-03-11,2026-03-14,140,173.79,2146,2006,Completed
MOV000363,SKU_0006,WH_02,Mumbai,West,Inbound,SUP_02,,2026-02-10,2026-02-12,339,562.94,374,713,Completed
MOV004664,SKU_0267,WH_01,Bengaluru,South,Outbound,,CUST_039,2026-05-12,2026-05-13,426,1560.79,1982,1556,Completed
MOV000490,SKU_0055,WH_01,Bengaluru,South,Outbound,,CUST_005,2026-06-01,2026-06-02,137,1622.49,575,438,Completed
MOV004698,SKU_0085,WH_03,Delhi,North,Outbound,,CUST_063,2026-04-21,2026-04-23,284,756.49,3832,3548,Completed
MOV001339,SKU_0071,WH_03,Delhi,North,Outbound,,CUST_084,2026-05-20,2026-05-22,477,312.03,3102,-111,Completed
MOV002613,SKU_0266,WH_01,Bengaluru,South,Inbound,SUP_12,,2026-02-02,2026-02-05,182,1895.16,4814,4996,Completed
MOV001688,SKU_0128,WH_03,Delhi,North,Return,,,2026-02-12,2026-02-12,190,1338.99,783,973,Completed
MOV004666,SKU_0096,WH_06,Pune,West,Outbound,,CUST_067,2026-01-23,2026-01-26,373,1629.47,3275,2902,Completed
MOV003562,SKU_0225,WH_03,Delhi,North,Outbound,,CUST_074,2026-05-11,2026-05-12,239,145.11,1143,904,Completed
MOV001408,SKU_0287,WH_01,Bengaluru,South,Inbound,SUP_11,,2026-02-06,2026-02-07,208,346.43,1847,,Cancelled
MOV001649,SKU_0245,WH_01,Bengaluru,South,Transfer,,,2026-01-25,2026-01-27,176,1278.05,3922,3746,Completed
MOV003589,SKU_0280,WH_06,Pune,West,Inbound,SUP_07,,2026-05-31,2026-06-03,424,730.91,886,1310,Completed
MOV004194,SKU_0073,WH_03,Delhi,North,Transfer,,,2026-05-06,2026-05-07,177,193.64,3613,3436,Completed
MOV004848,SKU_0004,WH_05,Hyderabad,South,Outbound,,CUST_029,2026-01-11,2026-01-12,68,863.56,4525,4457,Completed
MOV002531,SKU_0132,WH_01,Bengaluru,South,Outbound,,CUST_006,2026-05-14,2026-05-17,128,1898.77,4052,3924,Completed
MOV002427,SKU_0123,WH_03,Delhi,North,Return,,,2026-04-29,2026-05-01,269,1947.54,4674,4943,Completed
MOV001169,SKU_0031,WH_02,Mumbai,West,Outbound,,CUST_038,2026-03-01,2026-03-01,361,626.81,3613,3252,Completed
MOV003344,SKU_0244,WH_06,Pune,West,Outbound,,CUST_016,2026-04-22,2026-04-23,183,799.29,1246,1063,Completed
MOV003637,SKU_0216,WH_06,Pune,West,Transfer,,,2026-02-02,2026-02-05,341,1393.63,1658,1317,Completed
MOV003352,SKU_0085,WH_04,Kolkata,East,Transfer,,,2026-03-07,2026-03-08,222,763.18,2876,2654,Discrepancy
MOV003975,SKU_0160,WH_03,Delhi,North,Outbound,,CUST_060,2026-03-24,2026-03-27,63,62.05,2911,2848,Completed
MOV002721,SKU_0130,WH_01,Bengaluru,South,Inbound,SUP_05,,2026-04-30,2026-05-03,141,1194.44,4478,-165,Completed
MOV002284,SKU_0273,WH_01,Bengaluru,South,Inbound,SUP_11,,2026-01-18,2026-01-20,13,789.74,3795,3808,Discrepancy
MOV000266,SKU_0280,WH_05,Hyderabad,South,Adjustment,,,2026-05-16,2026-05-18,430,1017.72,633,1063,Discrepancy
MOV001547,SKU_0146,WH_05,Hyderabad,South,Inbound,SUP_06,,2026-02-15,2026-02-18,316,1229.05,1740,2056,Completed
MOV001379,SKU_0182,WH_02,Mumbai,West,Return,,,2026-06-29,2026-07-02,389,1379.21,1722,2111,Completed
MOV002019,SKU_0157,WH_01,Bengaluru,South,Outbound,,CUST_073,2026-02-11,2026-02-12,402,1758.13,3127,2725,Discrepancy
MOV000925,SKU_0045,WH_05,Hyderabad,South,Adjustment,,,2026-03-03,2026-03-06,149,1266.26,3524,3673,Completed
MOV002204,SKU_0247,WH_05,Hyderabad,South,Transfer,,,2026-06-09,2026-06-10,437,377.49,3222,2785,Completed
MOV003153,SKU_0108,WH_04,Kolkata,East,Outbound,,CUST_022,2026-04-15,2026-04-16,20,820.74,738,718,Completed
MOV004492,SKU_0110,WH_05,Hyderabad,South,Transfer,,,2026-06-13,2026-06-14,329,1482.29,3751,3422,Discrepancy
MOV003994,SKU_0032,WH_03,Delhi,North,Transfer,,,2026-03-19,2026-03-20,216,1737.23,1923,1707,Completed
MOV003667,SKU_0288,WH_03,Delhi,North,Outbound,,CUST_097,2026-04-20,2026-04-21,110,1064.15,2691,2581,Completed
MOV004569,SKU_0048,WH_02,Mumbai,West,Outbound,,CUST_031,2026-01-30,2026-02-01,470,1025.12,3946,3476,Completed
MOV004390,SKU_0286,WH_03,Delhi,North,Inbound,SUP_08,,2026-04-20,2026-04-20,472,795.99,2031,2503,Completed
MOV002594,SKU_0253,WH_04,Kolkata,East,Inbound,SUP_10,,2026-06-14,2026-06-16,337,98.45,3781,,Completed
MOV001494,SKU_0219,WH_06,Pune,West,Outbound,,CUST_032,2026-02-12,2026-02-13,223,1620.44,2177,1954,Completed
MOV004916,SKU_0215,WH_03,Delhi,North,Inbound,SUP_11,,2026-03-22,2026-03-24,345,683.05,2626,2971,Completed
MOV002402,SKU_0009,WH_05,Hyderabad,South,Transfer,,,2026-01-30,2026-02-01,66,672.23,289,-141,Completed
MOV004976,SKU_0055,WH_01,Bengaluru,South,Return,,,2026-01-03,2026-01-03,350,1495.55,689,1039,Completed
MOV002215,SKU_0063,WH_02,Mumbai,West,Outbound,,CUST_085,2026-02-17,2026-02-18,374,154.21,890,516,Completed
MOV004736,SKU_0098,WH_06,Pune,West,Return,,,2026-03-14,2026-03-15,359,1433.82,2276,,Cancelled
MOV001395,SKU_0249,WH_03,Delhi,North,Outbound,,CUST_056,,2026-03-23,437,1705.56,3025,2588,Discrepancy
MOV002589,SKU_0255,WH_02,Mumbai,West,Transfer,,,2026-05-01,2026-05-04,121,993.82,700,579,Pending
MOV004529,SKU_0273,WH_05,Hyderabad,South,Inbound,SUP_02,,2026-06-30,2026-07-01,464,1875.74,694,1158,Completed
MOV003889,SKU_0093,WH_04,Kolkata,East,Adjustment,,,2026-01-09,2026-01-12,274,210.47,1411,,Completed
MOV003111,SKU_0065,WH_04,Kolkata,East,Return,,,2026-02-17,2026-02-17,483,928.4,4074,,Completed
MOV003011,SKU_0277,WH_06,Pune,West,Outbound,,CUST_023,2026-05-09,2026-05-09,453,607.56,321,-132,Completed
MOV001981,SKU_0011,WH_03,Delhi,North,Outbound,,CUST_001,2026-01-25,2026-01-26,445,1544.38,294,-151,Completed
MOV000565,SKU_0245,WH_05,Hyderabad,South,Outbound,,CUST_090,2026-04-07,2026-04-07,444,69.42,243,-201,Completed
MOV003429,SKU_0098,WH_06,Pune,West,Outbound,,CUST_090,2026-04-07,2026-04-08,482,566.11,1052,570,Completed
MOV003021,SKU_0114,WH_03,Delhi,North,Inbound,SUP_08,,2026-06-27,2026-06-30,421,1853.85,2842,3263,Completed
MOV003871,SKU_0248,WH_01,Bengaluru,South,Return,,,2026-05-29,2026-05-30,364,755.14,3453,3817,Pending
MOV001749,SKU_0091,WH_05,Hyderabad,South,Adjustment,,,2026-02-14,2026-02-16,301,403.35,2309,2610,Completed
MOV003403,SKU_0017,WH_04,Kolkata,East,Transfer,,,2026-03-14,2026-03-15,122,59.37,3364,,Completed
MOV003673,SKU_0129,WH_01,Bengaluru,South,Outbound,,CUST_003,2026-06-16,2026-06-17,445,1139.16,2706,2261,Completed
MOV001866,SKU_0227,WH_05,Hyderabad,South,Inbound,SUP_05,,2026-05-01,2026-05-02,205,1860.6,3177,3382,Completed
MOV003786,SKU_0032,WH_05,Hyderabad,South,Transfer,,,2026-06-27,2026-06-29,1,1490.28,332,331,Completed
MOV001471,SKU_0067,WH_02,Mumbai,West,Transfer,,,2026-02-16,2026-02-19,88,224.27,2226,2138,Completed
MOV003312,SKU_0122,WH_05,Hyderabad,South,Outbound,,CUST_099,2026-05-21,2026-05-22,495,254.31,2295,1800,Discrepancy
MOV003651,SKU_0086,WH_01,Bengaluru,South,Transfer,,,2026-04-02,2026-04-05,346,651.41,1634,1288,Completed
MOV000379,SKU_0149,WH_01,Bengaluru,South,Inbound,SUP_03,,2026-02-05,2026-02-08,38,1082.3,2459,2497,Pending
MOV002276,SKU_0002,WH_03,Delhi,North,Inbound,SUP_02,,2026-05-25,2026-05-26,29,1948.47,2204,2233,Completed
MOV004365,SKU_0227,WH_02,Mumbai,West,Outbound,,CUST_023,2026-01-02,2026-01-02,467,1784.46,1180,713,Pending
MOV001458,SKU_0091,WH_05,Hyderabad,South,Adjustment,,,2026-04-15,2026-04-18,134,68.46,3086,3220,Completed
MOV004853,SKU_0154,WH_05,Hyderabad,South,Transfer,,,2026-04-18,2026-04-20,398,492.84,1160,762,Completed
MOV000159,SKU_0133,WH_05,Hyderabad,South,Transfer,,,2026-06-15,2026-06-18,29,247.06,2602,2573,Completed
MOV004193,SKU_0036,WH_04,Kolkata,East,Transfer,,,2026-02-14,2026-02-14,462,90.68,4443,3981,Pending
MOV004244,SKU_0012,WH_03,Delhi,North,Inbound,SUP_01,,2026-06-17,2026-06-20,377,1544.73,2143,2520,Completed
MOV001839,SKU_0113,WH_01,Bengaluru,South,Outbound,,CUST_029,2026-04-23,2026-04-25,201,300.23,3856,3655,Completed
MOV003138,SKU_0280,WH_05,Hyderabad,South,Outbound,,CUST_058,2026-04-03,2026-04-06,330,874.85,4890,4560,Completed
MOV000814,SKU_0198,WH_04,Kolkata,East,Adjustment,,,2026-04-10,2026-04-13,373,1882.64,2005,,Pending
MOV002126,SKU_0119,WH_05,Hyderabad,South,Outbound,,CUST_048,2026-05-03,2026-05-05,417,1216.84,3327,2910,Completed
MOV004032,SKU_0061,WH_06,Pune,West,Outbound,,CUST_037,2026-03-30,2026-04-02,489,1461.19,2069,1580,Completed
MOV004861,SKU_0131,WH_02,Mumbai,West,Inbound,SUP_11,,2026-06-10,2026-06-13,442,1063.12,2042,2484,Completed
MOV003321,SKU_0198,WH_05,Hyderabad,South,Outbound,,CUST_039,2026-05-08,2026-05-08,60,664.44,848,788,Completed
MOV001117,SKU_0292,WH_02,Mumbai,West,Outbound,,CUST_069,2026-03-22,2026-03-25,495,737.69,2182,1687,Completed
MOV001164,SKU_0265,WH_06,Pune,West,Outbound,,CUST_079,2026-03-30,2026-03-31,59,985.22,4936,4877,Completed
MOV003226,SKU_0032,WH_06,Pune,West,Outbound,,CUST_073,2026-05-26,2026-05-28,12,1020.65,2570,2558,Completed
MOV002037,SKU_0183,WH_03,Delhi,North,Inbound,SUP_09,,2026-06-17,2026-06-17,65,11192.59,870,935,Completed
MOV004068,SKU_0024,WH_04,Kolkata,East,Inbound,SUP_01,,2026-06-14,2026-06-16,326,1523.45,4166,,Completed
MOV002996,SKU_0215,WH_05,Hyderabad,South,Outbound,,CUST_080,2026-06-27,2026-06-28,100,1268.04,4113,4013,Completed
MOV003553,SKU_0090,WH_01,Bengaluru,South,Inbound,SUP_08,,2026-06-22,2026-06-24,196,1983.14,2236,2432,Completed
MOV002415,SKU_0228,WH_04,Kolkata,East,Outbound,,CUST_012,2026-01-02,2026-01-02,177,1969.82,1101,924,Completed
MOV003937,SKU_0034,WH_06,Pune,West,Outbound,,CUST_017,2026-05-13,2026-05-16,204,1949.24,2044,1840,Completed
MOV000539,SKU_0152,WH_06,Pune,West,Transfer,,,2026-06-07,2026-06-07,170,648.49,1923,1753,Discrepancy
MOV004936,SKU_0027,WH_02,Mumbai,West,Outbound,,CUST_081,2026-03-28,2026-03-31,421,953.06,3267,2846,Completed
MOV004330,SKU_0092,WH_03,Delhi,North,Outbound,,CUST_075,2026-02-13,2026-02-13,75,1883.95,3799,3724,Completed
MOV001246,SKU_0170,WH_06,Pune,West,Inbound,SUP_07,,2026-04-30,2026-04-30,186,1199.69,2138,2324,Completed
MOV001724,SKU_0276,WH_02,Mumbai,West,Outbound,,CUST_099,2026-05-27,2026-05-29,448,1886.35,1275,-50,Completed
MOV000150,SKU_0022,WH_03,Delhi,North,Return,,,2026-05-27,2026-05-28,141,1951.97,4487,4628,Completed
MOV002369,SKU_0087,WH_03,Delhi,North,Transfer,,,2026-01-12,2026-01-15,76,1831.39,1442,1366,Discrepancy
MOV000152,SKU_0198,WH_04,Kolkata,East,Outbound,,CUST_069,2026-04-01,2026-04-01,120,826.46,4268,,Cancelled
MOV002526,SKU_0098,WH_01,Bengaluru,South,Transfer,,,2026-04-30,2026-05-03,117,1589.45,769,652,Completed
MOV001392,SKU_0045,WH_02,Mumbai,West,Inbound,SUP_11,,2026-04-03,2026-04-04,86,316.89,2259,2345,Completed
MOV002282,SKU_0277,WH_04,Kolkata,East,Inbound,SUP_08,,2026-01-29,2026-02-01,439,896.07,2585,,Completed
MOV002136,SKU_0144,WH_04,Kolkata,East,Return,,,2026-05-05,2026-05-05,389,1859.7,484,,Pending
MOV003184,SKU_0186,WH_02,Mumbai,West,Inbound,SUP_02,,2026-06-07,2026-06-07,132,1925.1,3626,-98,Completed
MOV002573,SKU_0077,WH_02,Mumbai,West,Return,,,2026-06-01,2026-06-03,408,548.29,2543,2951,Completed
MOV002269,SKU_0063,WH_04,Kolkata,East,Inbound,SUP_11,,2026-02-21,2026-02-21,460,1148.55,2567,,Completed
MOV002983,SKU_0048,WH_05,Hyderabad,South,Transfer,,,2026-06-26,2026-06-29,202,723.09,2052,1850,Completed
MOV001646,SKU_0037,WH_05,Hyderabad,South,Outbound,,CUST_086,2026-02-18,2026-02-20,289,423.11,4916,4627,Completed
MOV004573,SKU_0077,WH_01,Bengaluru,South,Return,,,2026-06-05,2026-06-05,333,900.47,340,673,Completed
MOV000876,SKU_0241,WH_02,Mumbai,West,Transfer,,,2026-01-07,2026-01-07,436,954.02,4947,4511,Completed
MOV002569,SKU_0276,WH_05,Hyderabad,South,Outbound,,CUST_022,2026-03-27,2026-03-29,211,793.19,3119,2908,Completed
MOV004921,SKU_0069,WH_02,Mumbai,West,Inbound,SUP_07,,2026-06-25,2026-06-25,132,604.01,3458,3590,Pending
MOV004811,SKU_0263,WH_02,Mumbai,West,Transfer,,,2026-05-28,2026-05-31,481,1356.55,2144,1663,Completed
MOV002143,SKU_0300,WH_03,Delhi,North,Transfer,,,2026-03-10,2026-03-10,246,1636.98,3425,3179,Completed
MOV000367,SKU_0121,WH_03,Delhi,North,Inbound,SUP_08,,2026-05-05,2026-05-05,57,946.91,4031,4088,Completed
MOV003956,SKU_0133,WH_03,Delhi,North,Adjustment,,,2026-05-03,2026-05-04,49,1486.41,190,239,Completed
MOV000149,SKU_0127,WH_04,Kolkata,East,Outbound,,CUST_049,2026-06-04,2026-06-05,414,929.98,13,,Completed
MOV004046,SKU_0041,WH_06,Pune,West,Transfer,,,2026-05-21,2026-05-21,409,417.79,2210,1801,Completed
MOV004665,SKU_0266,WH_04,Kolkata,East,Inbound,SUP_06,,2026-01-16,2026-01-17,479,1356.07,3443,,Completed
MOV000103,SKU_0027,WH_03,Delhi,North,Outbound,,CUST_087,2026-04-22,2026-04-24,152,1301.91,1777,1625,Completed
MOV003257,SKU_0032,WH_02,Mumbai,West,Outbound,,CUST_070,2026-02-22,2026-02-24,81,715.82,3880,3799,Completed
MOV000499,SKU_0065,WH_06,Pune,West,Transfer,,,2026-03-16,2026-03-16,403,1943.15,3566,3163,Pending
MOV003361,SKU_0011,WH_03,Delhi,North,Return,,,2026-02-28,2026-03-02,468,394.47,292,760,Completed
MOV004445,SKU_0131,WH_02,Mumbai,West,Inbound,SUP_01,,2026-03-28,2026-03-28,347,504.88,3767,4114,Completed
MOV001214,SKU_0264,WH_05,Hyderabad,South,Inbound,SUP_07,,2026-01-21,2026-01-21,299,1622.33,0,299,Completed
MOV000458,SKU_0170,WH_01,Bengaluru,South,Outbound,,CUST_011,2026-04-19,2026-04-21,38,1048.72,3661,3623,Completed
MOV002060,SKU_0138,WH_05,Hyderabad,South,Transfer,,,2026-01-19,2026-01-22,142,1479.21,1439,1297,Completed
MOV003800,SKU_0253,WH_01,Bengaluru,South,Return,,,2026-01-21,2026-01-21,492,665.1,2068,2560,Completed
MOV001686,SKU_0031,WH_05,Hyderabad,South,Outbound,,CUST_096,2026-03-18,2026-03-18,122,1912.4,2239,2117,Completed
MOV000087,SKU_0099,WH_01,Bengaluru,South,Return,,,2026-06-22,2026-06-22,342,1684.5,964,1306,Completed
MOV004294,SKU_0192,WH_01,Bengaluru,South,Inbound,SUP_09,,2026-04-12,2026-04-15,182,18477.67,3916,4098,Completed
MOV001032,SKU_0278,WH_05,Hyderabad,South,Return,,,2026-03-02,2026-03-05,141,1603.73,4904,5045,Completed
MOV002936,SKU_0036,WH_01,Bengaluru,South,Inbound,SUP_06,,,2026-05-11,129,143.93,3329,3458,Completed
MOV003314,SKU_0204,WH_01,Bengaluru,South,Transfer,,,2026-06-22,2026-06-23,92,1728.93,2266,2174,Completed
MOV001131,SKU_0243,WH_02,Mumbai,West,Adjustment,,,2026-06-30,2026-06-30,350,1826.26,1145,795,Completed
MOV000006,SKU_0078,WH_04,Kolkata,East,Outbound,,CUST_086,2026-01-20,2026-01-22,175,1405.83,4869,,Completed
MOV003525,SKU_0221,WH_06,Pune,West,Adjustment,,,2026-05-06,2026-05-09,199,1249.74,4385,,Cancelled
MOV002475,SKU_0166,WH_02,Mumbai,West,Return,,,2026-01-19,2026-01-21,186,846.13,327,513,Completed
MOV000339,SKU_0233,WH_01,Bengaluru,South,Outbound,,CUST_020,2026-04-04,2026-04-07,249,1981.61,2765,2516,Pending
MOV003931,SKU_0200,WH_01,Bengaluru,South,Outbound,,CUST_027,2026-03-25,2026-03-28,428,1627.03,4270,3842,Completed
MOV000642,SKU_0005,WH_01,Bengaluru,South,Inbound,SUP_04,,2026-02-27,2026-02-28,167,1995.75,3206,3373,Discrepancy
MOV001902,SKU_0216,WH_02,Mumbai,West,Transfer,,,2026-01-10,2026-01-13,221,378.3,4813,4592,Completed
MOV002627,SKU_0134,WH_04,Kolkata,East,Inbound,SUP_11,,2026-04-30,2026-04-30,276,1421.12,2568,,Completed
MOV000246,SKU_0155,WH_02,Mumbai,West,Outbound,,CUST_019,2026-03-19,2026-03-21,130,1466.98,4516,4386,Completed
MOV000772,SKU_0291,WH_02,Mumbai,West,Adjustment,,,2026-03-21,2026-03-23,476,1489.31,170,-306,Completed
